0.496714 0.452186 1.101040 -0.059590 1.007351 -0.234137 1.579213 0.767435 -0.469474 0.542560 -0.463418 -0.465730 0.241962 -1.913280 -1.724918 -0.562288 -1.012831 0.314247 -0.908024 -1.412304
1.465649 1.110951 1.019975 0.987917 1.128961 0.110923 -1.150994 0.375698 -0.600639 -0.291694 -0.601707 1.852278 -0.013497 -1.057711 0.822545 -1.220844 0.208864 -1.959670 -1.328186 0.196861
0.738467 0.235971 0.423156 0.863057 0.446850 -0.719844 -0.460639 1.057122 0.343618 -1.763040 0.324084 -0.385082 -0.676922 0.611676 1.031000 0.931280 -0.839218 -0.309212 0.331263 0.975545
-0.479174 -0.161547 -0.492130 -0.314827 -0.042327 1.356240 -0.072010 1.003533 0.361636 -0.645120 0.361396 1.538037 -0.035826 1.564644 -2.619745 0.821903 0.087047 -0.299007 0.091761 -1.987569
-0.219672 -0.600795 -0.040860 0.127956 0.098850 -0.501757 0.915402 0.328751 -0.529760 0.513267 0.097078 0.968645 -0.702053 -0.327662 -0.392108 -1.463515 0.296120 0.261055 0.005113 -0.234587
-1.415371 -1.187015 -0.874785 -1.168394 -1.746409 0.404051 1.886186 0.174578 0.257550 -0.074446 -1.918771 -0.026514 0.060230 2.463242 -0.192361 0.301547 -0.034712 -1.168678 1.142823 0.751933
0.791032 -0.046004 0.838911 0.310747 0.552902 2.190456 -0.990536 -0.566298 0.099651 -0.503476 -1.550663 0.068563 -1.062304 0.473592 -0.919424 1.549934 -0.783253 -0.322062 0.813517 -1.230864
0.227460 0.626810 -0.118597 0.413884 0.040842 0.781823 -1.236951 -1.320457 0.521942 0.296985 0.250493 0.346448 -0.680025 0.232254 0.293072 -0.714351 1.865775 0.473833 -1.191303 0.656554
-0.974682 -0.751742 -0.776026 -0.571498 -0.563265 0.412781 0.822060 1.896793 -0.245388 -0.753736 -0.889514 -0.815810 -0.077102 0.341152 0.276691 0.827183 0.013002 1.453534 -0.264657 2.720169
0.625667 1.088032 1.047131 0.082288 0.379870 0.714000 0.473238 -0.072829 -0.846794 -1.514847 -0.446515 0.856399 0.214094 -1.245739 0.173181 0.385317 -0.883857 0.153725 0.058209 -1.142970
0.357787 0.491336 0.317828 0.010199 0.224898 -0.937825 0.515035 0.513786 0.515048 3.852731 0.570891 1.135566 0.954002 0.651391 -0.315269 0.758969 -0.772825 -0.236819 -0.485364 0.081874
2.314659 1.754690 1.568504 2.089635 1.361297 1.088951 0.064280 -1.077745 -0.715304 0.679598 -0.730367 0.216459 0.045572 -0.651600 2.143944 0.633919 -2.025143 0.186454 -0.661786 0.852433
-0.792521 -0.730633 -0.837250 -0.832131 -0.334406 -0.334501 -0.474945 -0.653329 1.765454 0.404982 -1.260884 0.917862 2.122156 1.032465 -1.519370 -0.484234 1.266911 -0.707669 0.443819 0.774634
-0.926930 -0.962756 -0.497071 -0.368553 -0.152339 -1.247783 1.632411 -1.430141 -0.440044 0.130741 1.441273 -1.435862 1.163164 0.010233 -0.981509 0.462103 0.199060 -0.600217 0.069802 -0.385314
0.113517 0.236354 0.388768 -0.063994 -0.174839 -1.952088 -0.151785 0.588317 0.280992 -0.622700 -0.208122 -0.493001 -0.589365 0.849602 0.357015 -0.692910 0.899600 0.307300 0.812862 0.629629
-0.828995 -0.601751 -0.317920 -0.581249 -0.999413 0.117327 1.277665 -0.591571 0.547097 -0.202193 -0.217681 1.098777 0.825416 0.813510 1.305479 0.021004 0.681953 -0.310267 0.324166 -0.130143
0.096996 -0.333884 -0.009743 0.156275 0.073898 -1.214189 1.158111 0.791663 0.624120 0.628346 -0.012247 -0.897254 0.075805 -0.677162 0.975120 -0.147057 -0.825497 -0.321386 0.412931 -0.563725
-0.822220 -1.030612 -0.467179 -1.205849 -0.584151 0.232050 -1.448084 -1.407464 -0.718444 -0.213447 0.310908 1.475356 0.857660 -0.159939 -0.019016 -1.002529 -0.018513 -0.288659 0.322719 -0.827231
0.519347 0.075931 0.865040 -0.075273 0.714822 -0.401220 0.224092 0.012592 0.097676 -0.773010 0.024510 0.497998 1.451144 0.959271 2.153182 -0.767348 0.872321 0.183342 2.189803 -0.808298
-0.839722 -0.041515 -0.266541 -0.561905 -0.956564 0.150394 0.341756 1.876171 0.950424 -0.576904 -0.898415 0.491919 -1.320233 1.831459 1.179440 -0.469176 -1.713135 1.353872 -0.114540 1.237816
-1.594428 -0.452116 -1.351348 -1.333392 -1.277486 0.622850 -1.067620 -0.142379 0.120296 0.514439 0.711615 -1.124642 -1.534114 1.277677 0.332314 -0.748487 1.551152 0.115675 1.179297 0.067518
2.060748 1.504020 0.678722 1.741498 0.798213 1.368632 -0.964923 0.686051 1.058424 -1.758739 -1.183259 -2.039232 -0.269407 0.717542 1.502357 0.074095 1.628616 -1.380101 -1.703382 -0.055548
0.384065 0.313529 0.357878 -0.212990 0.681341 0.669673 0.366598 -0.939880 -0.513867 -1.059214 -0.062679 0.955142 -0.985726 0.504047 -0.530258 -0.792873 -0.107030 -1.035242 -0.553649 -1.197878
1.964725 1.274411 1.614878 1.544884 1.450471 -0.220970 0.614167 0.757508 -0.530501 -0.575818 -0.275052 -2.301921 -1.515191 1.366874 1.644968 -0.249036 0.576557 0.311250 3.078881 1.119575
-0.127918 -0.369888 -0.416310 -0.502409 -0.228572 -1.422254 -0.646573 -1.081548 1.687142 0.881640 -0.007973 1.479944 0.077368 -0.861284 1.523124 0.538910 -1.037246 -0.190339 -0.875618 -1.382800
0.926178 1.060878 0.645687 0.542693 0.251643 -0.487125 -0.592394 -0.863991 0.048522 -0.830950 0.270457 -0.050238 -0.238948 -0.907564 -0.576771 0.755391 0.500917 -0.977555 0.099332 0.751387
-1.669405 -0.606511 -1.247693 -1.487897 -1.537727 -1.804882 -1.627542 0.048085 0.259723 -0.904317 0.638592 -1.661520 -0.066080 -1.211016 -0.651836 0.047399 -0.860413 -0.384556 1.006293 -0.576892
0.835692 0.316959 0.616270 1.155713 0.709265 -0.796895 0.577072 -0.203045 0.371146 -0.603985 0.086590 -0.155677 1.167782 0.254421 0.337603 -0.411877 -0.487606 -0.432558 0.394452 -0.420984
0.289775 0.177991 0.039434 -0.199005 -0.129385 -0.408075 -2.038125 -1.008086 -1.870792 -0.351513 0.018418 1.676437 0.326927 -0.219101 0.829406 -2.211135 0.235615 0.770865 -1.478586 1.143754
0.338496 0.101988 0.624101 0.200330 0.268149 0.248221 -0.459361 -0.849844 0.830336 -0.856084 0.071566 -0.477657 0.478980 0.333662 1.037540 -0.510016 -0.269875 -0.978764 -0.444293 0.377300
0.756989 0.403820 0.574283 0.011841 1.142775 1.876796 -0.773789 -1.244655 -1.778720 1.496044 0.654366 -0.055585 0.279969 -1.125489 2.445752 0.129221 0.109395 0.725767 0.481009 0.223884
-0.790474 -0.197560 -0.817037 -0.073461 -0.657608 -0.511216 -0.989605 -0.125787 0.055725 1.094192 -1.692465 1.529550 -0.158008 -0.426881 -1.012104 -1.654857 0.823171 0.073318 -1.289961 -1.295079
-0.335785 -0.628638 0.040189 -0.114665 -0.523483 -0.272724 -2.696887 -0.054295 -0.230935 0.696206 1.848956 1.126565 -0.268889 -1.106526 2.573360 0.059218 0.013929 -0.024125 0.198085 -0.144360
-0.573662 -0.261622 -0.780820 -0.360471 -0.286961 0.106430 -0.254977 1.503993 -2.650970 1.091507 1.246085 -2.073390 -0.342688 -0.371441 -1.407512 -0.777817 -1.110576 1.752270 0.935678 1.271555
0.721672 0.723642 0.890519 0.947464 0.137433 0.712998 -0.240325 -0.374821 0.710960 0.444263 -0.360966 1.159330 -1.081063 0.615936 0.593101 -0.309546 0.326133 -1.251114 0.924027 -0.184902
-0.522723 -0.408551 -0.068588 -0.321679 0.150089 0.606010 -1.280429 1.754794 -2.081929 1.696456 0.211017 -0.096713 -0.544919 0.399136 -0.037635 1.103302 0.114228 0.150302 -0.363612 -0.056946
0.307802 0.483382 0.632394 0.281333 0.636547 -0.183983 0.018434 0.347582 -0.539760 -0.778305 0.195845 -0.978373 0.408253 -1.702584 1.029156 0.472597 0.256030 0.982691 1.665474 1.014370
-1.840874 -1.244316 -1.336086 -1.249094 -1.337863 -0.725744 0.186767 -0.755383 -0.611518 -1.406661 -0.923233 -1.351685 -0.975873 1.053642 -0.949399 2.632382 0.493318 0.184836 -0.858358 0.700310
-0.575638 -0.037808 -0.551781 -0.233856 -0.672134 -0.703176 -0.034988 1.770801 -0.626967 1.812449 0.707752 -0.562467 0.632408 0.972554 0.621810 -1.570225 -0.727137 -0.247519 -0.074433 0.620672
0.177701 -0.332271 0.149597 -0.023342 -0.003340 1.080781 0.833922 0.459180 -0.070166 -1.660961 0.429618 0.207688 0.271579 -1.276749 -1.081057 1.053153 -0.039555 0.681501 0.028318 0.029756
0.938284 0.552166 0.631468 0.592512 0.568099 -0.309172 0.222134 -0.478749 1.255756 -0.894607 -0.186872 -0.439731 1.446978 0.196555 1.031845 -1.485560 0.267050 0.889631 0.082284 1.065480
-0.517288 -0.383646 -0.557923 -0.119002 -0.247032 1.453384 1.579572 -0.522860 -0.420187 -0.281785 -1.344451 -0.918652 -1.004141 -0.767798 -0.034685 0.234215 1.550500 -0.998354 0.984322 -0.213989
-0.049464 -0.836287 -0.200712 0.048587 0.277265 0.492451 0.289169 2.455300 -0.637740 -0.530997 -0.623141 -0.555477 -0.637387 1.189017 1.420504 -0.570746 -0.832356 0.471416 -0.552223 0.632932
0.202923 -0.183740 0.032134 0.107773 -0.168908 -0.387702 0.285865 0.334457 0.658544 2.010205 -0.176947 -0.798297 -1.379319 -0.730930 -0.033127 1.794558 -0.517611 0.223788 -0.016423 1.188393
2.526932 1.524773 1.417852 1.348696 2.072126 1.846707 0.583928 -0.359292 0.590655 1.108704 0.820482 0.507274 1.066675 1.169296 1.382159 0.648710 -0.167118 0.146714 1.206509 -0.816936
0.368673 0.542533 0.461460 0.707486 0.443377 0.046437 -1.359856 0.746254 0.645484 2.163255 -0.307778 0.219150 0.249384 1.577453 -0.095296 0.279022 0.607897 0.186609 -0.446434 0.194090
1.073632 0.539489 0.735853 0.553106 0.599205 -1.523187 -0.558922 0.377212 1.565524 -0.065750 -0.555200 1.881157 -1.448014 -2.198806 0.440014 -0.502054 -1.021233 0.708356 0.243801 -0.564079
-1.280304 -1.141637 -0.988727 -0.600042 -1.222227 -1.070085 -1.525525 -0.691908 -0.045586 0.243339 -0.241236 0.352055 -1.251539 1.443765 -0.082151 1.117296 0.342725 0.456753 0.569767 0.447709
0.642723 0.695152 0.116800 0.502632 0.484776 1.440117 -0.676392 1.800940 -0.040158 -1.430775 0.128104 -0.681052 0.840644 -0.652624 -0.446183 -1.889541 -0.452306 -2.423879 -1.583903 0.760415
0.785800 0.064687 0.201948 0.162025 0.232184 -1.158365 1.503398 0.877362 -0.220964 0.026886 0.208383 -2.041735 -0.247177 -0.681984 -1.001620 -0.281100 1.797687 0.640843 -0.571179 0.572583
1.399355 0.358176 1.560323 1.355231 1.286653 0.393485 0.895193 0.635172 1.049553 -0.535235 1.317394 0.197600 2.075261 -0.689188 1.735964 0.197911 -0.651418 -0.483886 -0.320347 0.424166
0.522835 0.257507 0.177808 0.442347 0.028820 0.436324 0.038003 0.120031 0.613518 -1.022793 -0.257377 -1.668584 0.399223 0.647196 -0.483186 1.573987 -1.225766 -1.464375 0.224452 1.047098
1.683928 0.744437 1.361908 1.579353 1.343061 0.883660 0.652323 -1.576392 1.476540 1.380091 -0.625563 0.395804 0.494030 0.260674 -0.550305 -0.671623 -0.025554 1.172729 0.543600 -0.370614
0.771699 0.117285 0.588979 0.485466 0.516004 -1.119670 -1.294681 1.160827 -0.467701 0.346504 -0.046921 0.477041 0.076822 -1.282992 0.996267 -0.493757 -1.556582 -0.428115 1.500760 0.850222
-0.348652 -0.072026 -1.076613 -0.032841 -0.412244 0.430042 1.030283 0.238789 -0.259042 -0.196350 -0.071601 -0.037222 0.727630 0.051946 0.732640 -0.080717 0.078635 -1.998201 0.916328 0.346488
0.998010 0.961399 1.236342 0.169849 0.667758 -1.039906 0.612774 -1.053416 -0.623769 1.914031 -0.190682 0.217433 0.870068 0.495682 0.150419 0.364961 2.403416 -0.057619 0.201099 1.050654
1.105526 1.010527 0.979093 0.623803 1.097863 -1.146345 0.302635 -0.754276 -0.064138 0.328762 0.321357 0.421921 1.613711 0.453534 -0.244157 0.964087 1.189470 -1.227608 0.597400 0.701173
-0.297564 0.124339 -0.438595 -0.590192 -0.565972 0.015579 -1.096275 -1.440051 1.594505 -0.846961 -0.991392 -2.153390 -0.638962 -1.323090 1.642015 1.009817 -0.688150 2.252436 0.981765 -0.324831
-2.499406 -1.377244 -1.758094 -1.862019 -1.873231 2.439752 1.384273 0.563909 0.594754 0.853416 0.758929 0.281191 0.104201 -0.062593 -0.753965 -0.280675 -1.692957 -0.098340 -0.988591 -1.103589
0.179894 -0.512651 -0.218829 0.267469 -0.099597 0.940771 -0.982487 -0.224633 0.550052 -0.968344 0.105376 -1.334025 -0.601368 0.319782 -1.592994 0.440475 -0.019638 0.552490 0.223914 1.364140
0.125225 0.222781 0.635523 -0.093717 0.076072 0.040592 -0.701992 -0.662901 -1.402605 1.749577 -1.243863 -0.692905 -0.718407 0.894924 -0.294950 1.247742 -0.673491 0.278994 -0.835347 2.145149
-1.187598 -0.990201 -1.103616 -0.572166 -1.036723 -0.129821 0.043811 -0.147002 0.963879 2.210523 -0.557492 -1.369803 -0.088282 2.579709 -0.803675 1.639117 1.677701 -0.553588 0.568983 1.628397
-0.379128 -0.489617 -0.422315 -0.522373 -0.795814 -1.223940 0.034083 -0.769973 0.233786 -1.555896 0.330880 0.833529 -1.993736 0.374057 1.227669 -1.209641 1.672572 0.419019 -0.705012 -0.055769
0.558327 0.558953 0.171961 0.656400 0.074288 -1.413714 -0.111226 -0.903908 -0.735530 1.236093 1.091310 0.609138 -1.092313 -0.316408 1.213098 0.141717 2.319330 0.393318 0.192049 -0.309116
0.133541 -0.425610 0.117592 0.486406 0.584805 -1.331233 -1.836205 0.507991 -1.103367 -2.152891 0.388579 2.493000 -0.006071 0.838491 0.081829 -0.098890 0.919076 -0.290275 0.267392 0.321698
-0.668090 -0.992996 -0.056568 -0.163605 -0.393645 -0.898468 0.028181 -0.009119 1.085896 0.474698 -0.025027 0.817766 1.390208 0.557810 0.010353 -1.311836 -1.065114 -0.305225 -0.609512 -0.186971
0.056650 0.229727 0.576467 -0.063602 0.103364 -1.975467 -0.939335 -0.144088 -1.209695 0.599929 1.530751 1.218762 -0.213443 1.490726 0.148667 -0.337086 -0.613403 -0.302470 -0.388177 0.170416
0.160574 0.258738 -0.007297 -0.525234 0.027618 -1.484898 -2.553921 0.934320 -1.366879 -0.224765 -1.170113 -1.801980 0.541463 0.759155 -0.576510 -2.591042 -0.546244 0.391804 -1.478912 0.183360
-0.015310 0.030303 0.102761 0.163933 -0.026205 -0.158530 -0.027305 -0.933268 -0.443282 -0.884803 -0.172946 1.711708 -1.371901 -1.613561 1.471170 -0.209324 -0.669073 1.039905 -0.605616 1.826010
0.677926 0.210574 0.499120 0.436978 0.345605 0.299293 1.301741 1.561511 0.032004 -0.753418 0.459972 -0.677715 2.013387 0.136535 -0.365322 0.184680 -1.347126 -0.971614 1.200414 -0.656894
-1.046911 -0.509689 -1.027320 -1.026356 -0.574759 -0.756795 -1.421811 1.501334 -0.322680 -0.250833 1.328194 0.556230 0.455888 2.165002 -0.643518 0.927840 0.057013 0.268592 1.528468 0.507836
0.538296 0.580898 1.103574 0.209924 0.407050 -1.966357 2.056207 -1.103208 -0.221254 -0.276813 0.307407 0.815737 0.860473 -0.583077 -0.167122 0.282580 -0.248691 1.607346 0.490975 0.734878
0.662881 0.489608 0.872845 0.894344 0.112636 -0.651357 -0.528617 0.586364 1.238283 0.021272 0.308833 1.702215 0.240753 2.601683 0.565510 -1.760763 0.753342 0.381158 1.289753 0.673181
-0.138456 -0.450116 -0.040184 -0.438121 -0.020802 0.588578 1.669905 0.394672 -1.195883 0.444603 1.196631 -0.609783 -0.134017 0.014688 -0.784898 0.648280 -0.120948 0.419532 -0.887492 -0.437458
0.722381 0.378092 0.980230 0.646160 -0.231956 0.932591 -1.418366 -1.760809 -1.525656 1.262584 -0.551858 2.558199 -0.564248 0.184551 1.542110 2.006093 2.061504 1.208366 1.024063 0.592527
0.778361 0.796203 0.908485 0.610240 0.669011 -0.453228 0.696387 0.955305 0.088407 1.477530 -1.141689 -0.193659 -0.716822 -1.866537 -0.082681 -0.121748 1.513450 0.630812 -1.024187 1.854093
1.221034 1.252881 0.879282 0.747507 0.431917 1.088749 1.884586 1.543244 -0.488849 -1.119617 0.140886 -1.768439 0.323168 -0.147603 -0.466037 -1.594703 0.513600 -0.532701 -1.169917 -2.872262
-0.027515 -0.117221 0.078529 0.174099 -0.048077 0.468774 -0.998385 0.301792 0.766080 1.226933 -0.100154 -0.203674 -0.877983 -0.826880 -0.226479 0.367366 0.913585 -0.803179 1.492689 -0.271124
-0.021367 -0.089859 0.438681 0.474716 -0.373345 -0.281328 0.066991 0.515939 -1.562546 -0.529053 0.794265 -1.254289 0.293558 -1.356582 0.466430 -0.035641 -1.615132 1.164739 -0.734592 -0.810252
0.200569 0.091892 -0.143448 0.051607 0.141245 0.693106 0.176442 -0.367028 -0.827590 0.086144 -1.072139 -2.921350 0.436560 0.903935 -2.362932 -1.009731 0.619154 2.057495 0.020794 -0.728003
-0.182896 -0.045560 0.374080 -0.200982 0.045456 -0.953329 0.122670 1.624678 0.323079 -0.252354 -0.291811 -1.563191 0.883110 -0.077837 -0.180480 3.193108 0.298753 -0.751791 -0.426358 1.148446
0.113270 -0.095031 0.011756 0.265909 0.530137 1.080048 -0.447322 1.281016 0.067856 0.852774 0.484733 -0.846357 -0.643550 1.029961 -0.334775 -0.403648 -0.955123 0.423599 2.062525 -1.067533
0.024219 -0.851302 0.474357 0.292426 -0.445454 0.428307 -0.187144 0.985730 1.187386 2.589564 0.579633 0.325796 0.194384 -0.353166 0.338484 -0.295401 0.168461 1.317598 -1.006543 1.139879
1.317115 1.279811 0.920413 0.883668 1.214622 -0.022868 -0.999302 -0.504775 0.840620 0.546734 -0.238932 -0.366824 -0.391758 -0.922410 1.615376 -0.322320 1.217159 1.521316 0.998311 -0.431620
0.403730 0.821018 0.383893 0.190999 0.321957 1.187679 -0.464617 0.201160 0.283288 -0.258905 0.586694 -0.474904 0.871297 -1.345980 0.126380 1.938929 -1.000331 -0.677745 0.513908 0.179582
0.350630 0.061721 0.235149 -0.419853 0.110241 -0.241258 0.672574 1.899882 -0.132634 -0.974529 1.107081 -0.120381 -2.172670 0.847422 -0.535328 -0.090533 0.331980 0.190500 0.709452 -0.435486
0.513106 0.039178 0.199621 0.125771 0.587131 1.085982 -0.535963 0.808058 0.367287 1.838184 -0.223466 -0.349317 -0.019420 -0.303180 0.799942 -1.616311 -1.053682 -1.067803 0.950308 1.710613
-0.104449 -0.114245 -0.154131 -0.414908 -0.143892 0.238369 0.975198 0.501094 0.189582 1.001046 -2.703232 0.677875 -0.654076 -1.830633 0.511203 1.373659 -0.137449 0.952875 1.612278 1.314914
1.639965 1.091724 1.561709 1.353363 1.363234 -0.843247 2.170943 -0.175886 0.123205 0.551485 0.043602 1.695051 -0.622649 0.194607 -0.742471 -1.320023 -0.611769 -0.037037 -0.429302 -0.692421
-1.406317 -0.685767 -1.678671 -1.057593 -1.282103 -1.457551 -0.309209 -0.752156 0.319175 1.340450 -1.875172 0.115026 -0.160133 0.671340 0.213197 -0.751969 -0.319054 -0.796026 1.076007 0.021312
1.901191 1.347225 0.959144 1.245927 1.140934 -1.584136 0.267127 0.508725 -1.581191 0.895038 -0.483061 0.146793 1.612221 0.896839 -0.268531 -0.891192 -2.151815 -0.719153 -0.211130 -0.987180
-0.131257 -0.329667 -0.309521 -0.094597 0.191200 0.441941 -1.090399 1.410932 -0.098588 0.018850 0.708214 0.233216 0.953137 0.287124 -0.612437 0.361504 -1.143726 0.108560 -0.033230 -0.208117
-0.128538 -0.485499 -0.413480 -0.351029 0.355644 -1.027675 1.265708 -0.866175 0.969457 0.427194 -0.646227 1.775311 -1.193637 0.919154 1.000582 -0.670620 1.392465 -0.250047 0.288694 0.260322
-0.134309 0.165674 0.358978 0.371958 -0.104526 -1.662492 1.032546 1.126705 -1.090966 -0.410814 -1.105705 -0.214921 -0.308034 0.779661 1.310309 1.395684 -0.562168 -0.209222 -1.683438 -0.805870
0.964852 0.855250 1.052699 1.064854 -0.160791 0.280161 -0.809604 0.424061 -0.473839 -0.014452 0.546284 0.006422 -0.436386 -0.109610 -0.088363 -0.370011 -0.258796 1.598647 0.560919 -0.295480
0.696954 0.806036 0.665478 0.973300 0.428153 0.447717 -1.570876 -1.126767 -1.193925 0.142943 1.732515 2.231300 0.638051 0.500844 -1.801058 -0.542674 -0.787784 -0.620848 -0.168144 -0.472091
-1.979300 -1.675966 -1.576851 -1.180485 -1.375782 -0.919385 -2.530288 -0.286004 1.100960 1.958347 -1.229550 0.496699 -0.465310 -0.105948 2.644343 -1.502970 0.253740 0.467693 1.085786 0.097983
0.308051 0.767166 0.616151 0.206792 0.145803 -0.369610 0.377100 -0.029263 1.126050 -0.051394 -1.773032 1.261922 -0.905732 -0.653766 -0.595661 1.374438 -2.135674 3.137749 1.056057 0.223239
-0.054894 -0.561534 -0.514865 0.445993 0.062476 0.089581 -0.197338 -0.151273 -0.194908 1.133770 0.593557 -2.940389 0.655901 0.194736 -0.018709 -0.388518 1.124113 0.947526 -0.772878 0.407052
-0.971657 -0.467279 -0.037565 -0.884450 -0.823233 0.513085 0.725096 0.516178 -0.641482 0.431923 0.800410 0.754291 1.188913 0.708304 0.351448 1.070150 -0.026521 -0.881875 -0.163067 -0.744903
-0.675178 -1.045500 -0.678014 -0.733987 -0.220964 0.213294 0.001205 -0.817089 0.659246 0.937570 -1.607560 -0.762725 -0.769142 -0.939903 0.829475 -0.193826 -0.264515 -2.003862 0.635418 -1.239258
0.059933 -0.195147 -0.036658 -0.138501 -0.308061 0.183850 1.800511 1.238946 0.209659 -0.491636 0.807123 -0.973546 0.476358 0.505470 1.060210 2.759660 0.392416 -0.508964 -0.025574 -1.769076
-0.694713 -0.017992 -0.615102 -0.329438 -0.115245 1.121031 0.000207 -0.009300 -0.327895 0.155191 0.825098 -0.867130 -0.658116 -0.303726 -1.345871 -0.819258 -0.476221 0.874389 0.262561 0.193590
0.850898 0.845038 0.273696 0.366997 1.060652 -0.582759 -2.438817 -0.134279 1.422748 0.926215 0.965397 1.236131 0.088658 0.197316 -0.617652 -0.316073 0.615771 1.203884 -0.139446 -0.450189
0.000528 -0.163497 0.577904 -0.046242 -0.273548 -1.220712 -0.508140 -0.147780 -0.453248 1.452468 0.326745 0.300474 0.622207 -1.138833 1.039112 -0.075764 0.670481 -1.071857 -1.553759 0.817890
0.376410 0.107836 0.500155 -0.217070 -0.010593 1.642673 -0.900621 0.638392 -0.328618 0.603187 -0.544114 -0.162793 0.040919 -1.002187 0.740824 -0.513214 -0.228600 -0.994349 -2.562334 -0.191028
2.412615 1.719017 2.053472 1.833160 1.812039 0.547119 -1.180813 1.114322 0.715381 0.718186 0.438476 0.019617 0.672861 0.591814 -0.354041 -0.573602 0.101856 1.549020 -1.239107 -1.467525
0.164761 0.269575 -0.251768 -0.339798 -0.240834 1.489863 -1.600904 -0.828497 -0.103255 -1.643189 -0.175854 1.661470 0.020886 0.230701 -1.260165 -0.616361 -0.375196 -0.317715 1.281644 0.557691
-1.111458 -0.402547 -0.723739 -1.057669 -0.925801 -1.015094 -0.810858 -1.257578 -0.234020 0.466358 0.987335 -0.075951 -0.319848 0.151758 -0.835143 2.089539 -1.607661 0.184741 2.023606 0.006800
-0.190039 -0.269898 0.023281 0.232123 0.197731 1.533434 -1.423957 -0.266652 -0.429244 0.588553 -1.598124 0.462173 2.024310 -1.363174 0.189706 -0.661982 0.425887 0.019148 -0.641487 0.487872
1.804348 0.779508 1.344271 1.617139 1.484326 0.472406 1.484116 0.355613 -0.313058 -0.000709 -1.250408 0.604515 0.882333 -0.452090 -0.470042 0.265878 -0.436720 -0.066133 2.099722 -0.247026
-0.358340 -0.203748 -0.598950 -0.138544 0.343221 1.321304 1.419603 -0.600424 -1.866540 1.007514 -0.684630 0.790626 -1.970104 0.892597 -1.211172 0.730764 0.014273 -0.953939 -0.407036 0.686318
0.105894 -0.063103 0.396776 0.156825 0.125361 0.104356 -0.898784 -1.330314 -0.189120 0.921650 -0.127549 1.511155 -1.451176 -0.012089 -1.252393 0.363632 0.886887 -0.420762 -2.604214 0.198948
0.436739 -0.084473 0.342182 0.146429 0.122466 1.192508 -1.778588 0.319652 -0.504180 -0.081523 0.347676 -0.487229 -0.675708 0.034152 -1.087246 -1.085825 0.679373 -1.148794 0.666313 0.462591
-1.725807 -1.118764 -1.494554 -1.439936 -1.192692 0.462061 0.783391 -0.251539 -0.597510 1.422370 1.738900 0.978858 0.085318 -0.808266 -0.830444 0.522514 0.418398 1.401599 0.650450 -1.503080
1.051948 0.672429 0.179788 0.627691 0.691187 3.109919 0.606723 -0.183197 0.534506 0.887655 -0.320668 1.795211 0.230071 0.497743 0.665924 0.421587 0.838941 -0.617253 -0.558302 -1.100154
0.439501 0.399605 0.489651 -0.146445 0.266684 0.668742 -1.091701 -0.387100 0.695538 0.849102 -0.293967 -0.071599 -1.517874 -0.357029 0.890383 0.575205 0.500666 0.049774 0.007063 -0.660321
0.698828 0.220847 1.224317 0.564914 0.482039 1.097153 -0.478837 -0.862776 0.693479 -0.392013 1.059936 0.617006 0.683569 -1.365956 1.211944 0.261251 -0.369277 0.143388 -1.776235 0.408653
-1.029372 -0.574547 -1.025136 -0.705911 -1.000090 1.533728 -0.535801 -1.707358 -1.116524 1.235812 -0.155898 -0.548287 0.160018 0.501783 1.117399 1.448499 -0.359769 -1.326048 -0.413465 0.260281
-0.963759 -1.069761 -0.623497 -0.954658 -0.589966 -0.758495 -0.230401 -0.924233 0.890198 1.035249 -1.846188 -0.929511 -1.496529 -0.650024 -0.083438 -1.449645 -0.921860 -1.003957 0.207267 0.069344
-0.721738 -0.753536 -0.172067 -0.034612 -0.927815 1.340461 -1.299581 0.829732 0.811397 -1.148263 0.818778 1.537932 -1.122545 -0.917503 1.017661 0.271495 0.551476 0.340589 0.390696 -1.326472
1.047318 0.660248 0.352227 0.915197 0.518074 0.514255 0.572057 -0.062191 1.124353 -0.334077 0.564606 -1.019664 -0.023552 -0.174354 0.225308 -0.369527 -0.131473 0.826047 -0.436764 -1.606577
1.749584 1.747254 1.080722 1.432261 1.189045 0.263487 0.294224 -0.234408 -0.783766 -0.690541 -0.916192 -0.831822 -0.067178 -0.715760 0.682052 1.487246 -0.580053 0.239405 0.499685 0.472002
0.075955 0.288616 -0.204879 -0.093033 -0.624697 0.887291 -0.763286 0.037938 0.683329 -0.209314 1.072978 2.363872 -0.785986 -1.381045 0.303819 0.721563 -0.230866 1.453261 -1.338606 0.692919
-0.605861 -0.100945 -0.128700 -0.424502 -0.193405 0.859588 -0.387131 -0.045411 0.025388 -1.919673 -0.013838 -0.689728 -0.493123 1.443632 -1.256507 0.813205 -0.278963 -0.279760 0.790372 0.340051
0.570613 0.824552 0.797086 0.587641 -0.216517 -0.825411 2.949094 1.244680 -1.351074 -1.322458 0.481866 0.547265 0.548884 -0.254956 -0.125454 0.327880 0.085893 -2.219300 -0.229800 -0.851406
0.175211 1.203498 0.170359 0.168483 0.323524 0.482688 0.420094 0.606851 2.056544 -1.130888 0.473632 -0.926381 0.555513 -0.918687 -0.417367 -0.295090 0.975817 0.918454 -1.245717 0.054934
-0.709580 -0.484229 -0.749226 -0.016136 -0.884549 0.432960 -1.377618 -0.564774 1.021383 2.088443 -1.585983 -1.879924 1.870965 0.389614 -0.868293 0.534629 -2.635748 0.003376 0.327821 0.924270
-1.013896 -0.283607 -0.842564 -0.770863 -0.831203 -0.408101 -0.995815 0.651136 0.858451 -0.234621 0.038238 -1.448591 -0.299677 -0.050205 2.620793 -1.111967 1.464177 0.996859 0.280636 1.758620
0.372105 0.564264 0.071324 0.109106 0.416213 -0.625677 -1.319247 -0.202981 -0.800039 -0.063525 1.237438 -0.457302 -0.042823 0.058023 0.848431 -2.246889 -0.606700 0.211284 1.200079 -0.491902
-1.876553 -1.014777 -1.606768 -1.123311 -0.654145 -0.184525 -0.604745 -2.205566 0.897066 1.274875 0.651522 -1.137686 -0.201492 -0.006521 0.598794 0.668340 -0.734174 0.081996 0.457280 1.455822
0.704507 1.025426 0.462543 0.113760 0.528090 -0.861088 1.403370 0.697903 -0.443044 -0.479493 0.296576 0.463185 0.197292 0.311309 1.699957 1.071543 0.190636 0.941311 -1.032524 0.397927
1.809306 1.140721 1.438962 1.543804 0.671727 -0.784762 -0.370508 -1.405567 0.015618 0.902277 -0.907756 1.519284 0.510792 1.030581 -0.657835 0.854525 -1.091934 0.890248 0.171839 0.553251
-1.175595 -0.972522 -0.675839 -1.213130 -0.536808 -1.367138 0.848174 -1.232523 0.552300 0.625631 -0.696772 0.582027 0.260442 -0.538842 -1.008555 -1.962626 0.349650 -1.564803 0.095344 -0.263448
0.679143 0.571330 0.472930 0.666975 0.405824 0.316156 0.469268 -1.535572 0.756789 0.612469 -1.016683 -0.244080 -0.039307 -0.134497 0.333860 1.431367 1.081767 -1.312219 0.622070 1.328933
0.386809 0.215956 0.287882 0.076284 0.291738 1.045088 0.144888 0.023903 -0.351414 1.563413 -0.818429 1.532368 0.499864 -1.399306 0.367649 -2.100027 0.625508 0.885231 -0.592356 0.123548
1.954157 1.463460 1.343445 1.510885 1.535269 0.003696 1.011463 1.341476 -0.742484 -0.485306 1.230875 1.685014 0.562881 -0.879814 1.987061 -0.530971 -0.335138 0.342338 1.554160 0.853976
0.414866 0.759230 -0.098758 0.562609 -0.377208 -0.296607 0.241322 -1.151014 0.386323 -0.204471 1.755476 1.573020 -0.465806 -0.150838 -0.073948 -0.451659 0.195025 -0.758282 -1.130615 0.622711
0.629530 0.297227 0.488711 0.486697 0.442632 0.820344 -0.033613 0.454741 -0.516430 -0.196467 -0.205859 -0.746578 -0.176774 -1.548618 -0.491154 -0.284875 -0.256180 -0.241497 -0.061764 0.479442
0.874517 0.520758 0.437074 0.252276 0.489254 -0.351921 -0.769996 -1.296117 -0.456121 0.181427 0.595029 -0.557423 -0.412998 -0.926698 -0.031439 -0.848429 0.573128 -1.785866 -0.359630 0.301107
0.183835 0.180977 -0.275519 -0.140348 0.495235 -1.776246 -0.080600 -0.833056 0.915390 -0.549540 -0.116766 -0.635558 1.738851 -0.321243 1.832557 0.814152 0.482067 0.368733 0.393797 -1.927673
-0.278883 -0.263714 -0.084007 -0.413816 0.022916 1.704106 1.246892 -0.062004 0.951449 -0.366507 -1.703872 -0.924466 1.562889 -0.273993 -0.243384 -0.299838 1.904137 1.625959 2.218780 -0.159045
0.295624 -0.367265 0.023418 -0.361565 -0.281163 -1.097303 -0.588867 -0.837262 -0.607875 -0.539123 -0.548269 0.833334 -1.104863 0.220541 1.217959 -0.513196 -0.717919 -0.230525 1.179725 0.194108
-0.531214 -0.545888 -0.303524 -0.033607 0.006938 -0.307808 -0.838586 -0.886681 0.534817 1.228981 -0.637308 0.458387 -2.087027 -0.584618 -0.031059 -0.909683 -0.936506 -0.667780 0.292193 -0.187329
-2.238231 -1.360550 -1.312471 -1.533730 -1.431904 -0.499730 -0.526248 1.388338 -0.385022 0.382989 0.141257 -2.130566 0.768207 0.215397 0.508269 3.926238 -2.084113 1.724697 -0.287448 0.287329
-0.045512 0.399405 -0.316930 -0.372514 -0.496031 0.750579 -0.416194 -1.130069 -0.450013 1.257149 -0.535335 0.358454 -0.730956 0.757922 0.685508 1.848609 -0.175564 0.668655 0.098068 1.295872
-0.718832 -0.849568 -0.475546 -0.066480 -0.486457 0.252240 -0.116229 0.214713 1.578118 0.985450 0.869155 -0.455540 -0.889241 0.955301 0.876047 1.472671 -0.603981 -0.229549 -1.639484 -0.392471
0.996571 0.349815 0.154472 0.487201 1.008047 -1.147691 0.085209 -2.991136 -0.186896 -1.630473 1.205995 0.777407 0.466671 1.521006 -0.948917 1.747363 0.932192 -0.236555 1.135620 -1.106294
-0.824514 -0.568090 -0.117400 -0.501988 -0.941373 -0.258854 0.352505 -0.570351 -1.820603 0.270057 -1.912255 -0.068634 -1.368315 1.987276 0.911363 0.105754 1.263707 -0.846316 0.543479 0.199810
0.264020 -0.437864 -0.222906 -0.062767 0.598087 -0.960046 -0.122709 0.093372 -1.130204 2.411677 1.516394 0.602118 0.072037 -0.212209 -0.951918 0.077481 0.257753 -1.241761 0.334176 -0.155259
-1.907808 -1.468956 -1.489911 -1.940943 -1.789254 -1.335482 0.486036 -1.547304 1.082691 -0.471125 -0.093636 1.325797 -1.287164 -1.397118 -0.583599 1.038379 -1.519346 -2.832156 -0.451159 0.551741
1.200262 0.319371 1.241697 0.430851 0.602815 -0.388521 0.190424 0.449219 -0.509807 0.034441 -2.488327 -0.658248 0.453509 -0.982294 0.058984 0.446873 -0.342549 0.170464 -0.962733 -0.206611
0.610216 0.837870 0.356794 0.292604 0.144290 -2.049941 1.159074 -0.336255 0.425490 1.197247 -1.371674 -0.709441 -0.288549 -0.783754 1.734937 -0.856772 -0.555547 0.204389 -1.202150 -0.395681
0.317453 -0.008582 -0.137002 0.491706 0.635297 0.321593 1.754933 0.018402 0.225264 0.692723 -1.269330 1.702515 0.202329 1.631857 -0.733033 1.818062 0.775155 0.553040 0.234024 -0.248529
1.200532 1.336222 1.054294 0.944332 0.693067 0.309999 -0.056588 1.218971 -1.951102 0.143588 -1.817979 0.759712 -0.094459 0.419610 -0.863883 1.279465 1.041725 0.583544 -0.129517 0.579857
-0.706893 -0.160768 -0.287665 -0.452763 -0.843670 0.361417 -1.293142 0.572390 0.450603 -1.869816 -1.161784 -0.283139 -0.300860 -1.209477 0.388979 0.251474 -0.194269 -0.755792 1.048707 1.655407
-0.483561 -0.532388 -0.528449 -0.941501 -0.204930 0.739653 -1.909356 1.318302 0.072681 -0.411493 -0.089234 -0.037571 -1.731201 1.494938 0.041326 0.443002 0.951550 -1.021162 0.473472 -0.267641
0.846771 0.271152 0.435262 0.973765 0.791094 0.470044 -0.707626 -0.712174 -0.110665 -0.896642 0.841984 -0.369207 -2.906988 -0.374822 -1.038544 -1.631276 -1.237427 0.109408 1.328641 0.313184
-0.606503 -0.482616 -0.555175 -0.357448 -0.224292 -1.751829 -0.389924 0.158053 -0.096624 -0.415967 -0.945746 0.608246 -1.317132 0.776028 -1.002217 -0.752435 -1.466785 -0.501402 0.975312 0.515628
0.978422 0.653501 0.622788 0.649070 0.603494 1.330575 -1.196789 0.893698 0.892954 1.829620 -0.409687 0.712322 2.281652 -0.617642 -1.535040 -1.880010 0.712712 -1.883150 -0.372319 0.437313
0.185176 0.233467 -0.438268 0.469350 0.205983 -0.676995 -0.772659 0.830192 0.900399 0.451225 1.183494 -1.178041 1.667224 1.523239 0.735622 1.781799 -1.656623 -0.524448 -0.735303 0.721479
-1.050141 -0.968062 -0.789526 -0.360850 -0.930168 -0.987873 -0.846851 1.249619 0.779349 -0.039020 -0.417910 -2.025808 -1.070852 1.911419 -1.280456 0.189480 1.007444 -1.254923 0.184710 0.937916
0.012499 0.232668 0.543924 0.355127 0.511190 0.771920 0.441307 -0.733156 0.228996 -1.857901 0.603248 0.298158 0.638660 1.058118 0.367620 0.148089 -0.881068 -0.712221 1.186735 1.436335
-0.238110 -0.087079 -0.435468 -0.240803 0.176584 1.941217 -0.878323 -0.378008 0.231446 0.646490 -0.215668 -0.872961 0.881408 0.721135 -0.916274 1.355443 1.170199 0.134296 0.079598 0.554058
-0.861703 -0.705311 -0.778240 -0.904235 -0.278305 1.503420 -0.330120 -0.211667 -0.627734 -0.288039 1.418531 -2.487809 1.276965 0.338023 -1.207022 -1.075312 1.676393 -0.945507 -1.153351 1.137315
0.338553 0.023375 -0.118098 0.533664 0.475222 1.061371 0.532006 0.361661 1.761188 -0.000314 -1.181874 0.449474 2.086047 -1.014759 -0.361463 0.416446 -0.053905 -0.982304 1.121858 2.320041
0.196131 0.081827 0.320941 -0.272224 0.293212 0.475168 -0.002404 -0.589272 -1.092164 0.834751 0.913772 -1.545730 1.589839 0.574071 1.399595 -1.342128 -1.365824 -0.148969 0.502784 1.796361
0.706079 0.249185 0.855214 1.078432 0.120946 1.628469 -0.284385 1.590582 0.678931 -0.136995 -0.519396 -0.340908 0.428317 0.077156 -0.593811 -0.165631 0.078577 -2.128734 0.458168 -0.979721
-1.153332 -0.789801 -0.453237 -0.798933 -0.617342 1.953259 -0.525880 0.177750 0.400481 0.131065 -0.077443 -1.195294 1.450928 1.807197 -1.682659 -1.024029 -0.279810 -0.964538 0.505966 -0.728272
2.165056 1.541171 1.141136 1.197274 1.549819 -0.563947 -0.816217 0.078143 0.861636 0.139060 -1.576996 -0.802824 -0.073973 -0.075666 1.972542 -1.385988 0.505589 1.489113 2.271450 -0.404397
0.491429 0.422513 0.493938 -0.025560 0.723010 -2.532246 0.682069 0.126178 -0.222475 2.046862 -0.674934 -0.403076 1.991553 -0.832061 -0.550115 -0.147025 0.840734 0.207803 -1.292625 -0.532169
-0.607354 0.104725 0.004977 -0.808430 -0.182922 1.063941 0.252569 1.384532 0.444198 1.101323 0.466545 1.346226 0.522251 -0.097915 2.272435 0.889037 0.573744 -1.276304 -1.288308 0.292715
0.145521 0.062131 0.254764 0.143974 0.266979 -1.141009 -0.111509 -0.804966 -0.387700 -0.413616 -0.477646 -1.255135 -0.127655 -0.560608 -2.929449 2.052972 1.088770 -0.376301 0.018819 -1.171654
1.695723 1.488385 1.330529 1.185088 0.681739 -1.336725 -0.411823 0.131928 -0.454548 -0.218653 -0.091400 -0.080878 0.052258 -1.060605 -0.717016 -1.284584 0.977816 -2.105647 1.153590 1.386349
-0.302181 -0.142650 -0.353019 -0.582303 -0.238227 -0.515218 1.530195 0.664927 -0.924564 -1.597599 -0.327017 -0.213457 0.496199 -0.535317 0.511500 1.935154 0.815501 -0.048089 -0.183150 -0.356673
1.180641 0.754975 0.892482 0.719512 0.659081 -1.372466 0.322975 -0.061004 0.500240 -0.533600 1.220821 -0.876774 1.712040 -1.747637 0.434770 0.475431 -0.795557 0.424394 1.279519 -2.216819
0.502745 0.316174 0.722817 -0.058459 0.427631 -1.173880 -0.197938 2.067906 -1.831682 -1.051310 1.497432 1.857702 -0.103431 -1.239053 2.095844 1.594442 0.678947 -0.812402 -0.049029 -0.160360
0.330851 0.213948 0.330059 0.408386 0.106931 0.313132 0.687066 1.466541 -1.111580 -0.035826 -0.531455 -1.567859 0.346710 2.511557 -1.840078 -0.032281 0.640543 0.123078 -0.113128 -1.299216
0.232787 0.246881 -0.211532 0.146573 0.080167 0.051661 0.229075 1.074318 0.224340 0.904018 -0.297482 1.311984 0.320786 0.194052 -1.270061 0.286956 -0.831955 -0.638283 -0.815376 -1.066235
2.124771 1.199544 1.350527 1.373819 1.625050 -1.293508 -0.695695 -0.918127 1.239584 -0.396230 1.068379 0.604121 2.303639 -1.479444 1.259233 1.146441 -0.973379 1.007133 0.336145 -0.227476
-0.823935 -1.016357 -0.213971 -0.963188 -0.706396 -0.790899 -0.779853 1.081985 -1.349576 -0.415214 0.034027 0.111373 -0.179093 0.395820 0.692856 0.734638 -0.985804 -0.284155 1.194763 0.894647
-1.372859 -0.764712 -0.863579 -1.051048 -0.924524 -0.947893 -0.834323 0.764030 -1.542802 -0.632755 0.596441 -0.634286 -0.235970 0.744186 0.421546 0.266818 -0.339122 0.370061 -0.123733 0.457806
-0.496932 -0.078415 -0.312134 -0.472271 -0.803676 -1.114046 0.258661 0.212740 0.782874 -0.431126 0.408053 0.550798 0.444774 -0.825654 0.149363 0.364140 0.007178 -2.086478 0.160490 2.212531
-0.360039 -0.028337 -0.418232 -0.156709 -0.501748 -1.257868 0.731380 0.590422 -0.142147 0.338687 1.029457 0.872315 -1.143019 0.820158 -0.064689 0.072874 0.073197 -0.150243 1.191707 -0.083718
-1.119546 -0.737191 -0.427103 -0.733577 -0.586869 -0.850535 2.485190 0.264775 1.275391 -0.151714 0.533359 0.839469 1.218195 1.057368 0.872197 -0.315087 -0.571746 0.332608 0.933128 -0.222721
1.065172 0.975788 1.244344 0.983238 0.376563 0.307613 -0.524567 1.352203 0.424067 0.039447 -1.435910 -1.315816 0.281009 -2.132596 1.012637 -0.158154 3.243093 2.307916 -0.181449 -0.106337
0.995582 0.910936 1.075864 0.551534 1.070625 0.582738 0.496874 1.069771 -1.199698 -2.316144 0.858014 -0.828196 -2.018488 0.145064 0.793176 -0.122057 -0.457848 -0.159362 -0.370583 -1.348047
-0.714681 -0.263988 -0.067499 -1.058400 -0.207957 -0.181503 -2.177065 0.178477 1.428858 -1.474132 -0.585928 0.329107 1.252843 -0.448225 -0.692250 -1.968923 0.103438 2.042076 0.277358 -0.022279
0.322082 -0.032405 0.117846 0.522785 0.144989 0.017613 -0.975366 1.303508 0.664703 -0.552921 1.001825 -0.497571 -0.782003 -0.759703 -1.771069 0.471542 -1.831145 -1.228444 -2.075588 -0.086070
-0.150320 -0.434310 -0.255275 -0.386034 0.794396 -0.550552 0.316358 -0.885249 0.181063 1.303278 0.586166 -0.412414 0.257199 -0.240665 0.007880 -0.325611 -0.164335 0.212093 -0.993359 -1.015879
-1.388543 -1.088551 -1.018883 -1.304055 -0.599049 0.513614 0.034714 -1.968504 0.654976 0.810799 -0.993863 0.420192 -0.856498 0.097670 -1.264498 -1.793106 -0.382817 -0.123729 -0.397680 -1.184031
-0.399899 -0.285145 -0.268357 -0.292864 -0.564713 1.171718 -1.176173 0.487560 1.181891 0.480908 -0.202524 -0.528297 1.036088 -1.422975 -0.970124 -0.397558 1.237654 0.379768 -0.968046 -0.310308
-0.614323 -0.502603 -0.000720 -0.339345 -0.206174 0.828230 1.090862 -0.462940 -0.149941 -1.433152 -0.524662 0.493655 1.296063 -1.107157 -0.365506 -0.151299 -1.395789 0.591349 -0.723990 -0.195390
-0.451949 -0.879372 0.033401 -0.475615 -0.296606 -0.728462 0.319525 1.653617 0.139887 0.996118 -1.390222 0.157761 -1.097368 -1.476925 -0.739371 1.191899 0.950016 0.243005 -1.532701 -0.196281
0.301700 0.727698 0.372731 0.049582 -0.021824 0.536291 -2.196128 -0.162124 0.143049 0.849612 0.692858 0.582571 -0.799941 -1.908002 -0.393053 1.001632 1.393455 0.710549 0.429341 0.379640
-0.556119 -0.471497 -0.818639 -0.506591 -0.710256 -0.322028 1.325432 -1.406815 0.585904 -0.736770 -1.415267 0.218534 1.009472 -0.844941 -1.499016 -0.091845 -0.087435 0.548320 0.949595 -0.059415
1.855503 1.350664 0.792446 1.723814 1.597320 -0.336387 0.960305 0.462484 -1.179369 0.172254 0.671531 1.528031 0.887504 0.760847 0.060086 0.388312 1.249505 -1.332777 -0.349439 -0.772569
0.379153 0.638772 0.337546 0.264604 0.086024 0.913474 0.537630 0.428186 -0.279993 -1.279031 0.515294 -0.834282 2.184097 0.570507 -0.580648 -0.611385 -0.092944 -0.239502 1.116834 0.186416
-0.731632 -1.215634 -0.248063 -0.802531 -0.542705 0.363116 0.311110 -1.889649 2.015275 1.290644 -0.397195 -1.102270 0.347562 0.086698 0.355669 0.191577 0.506241 1.447306 0.568103 -1.049655
1.362563 0.800286 0.929924 0.666459 0.677486 -2.082099 0.553149 -0.548200 1.923446 -0.774615 -1.689183 -0.471264 -1.975488 0.751099 -2.065083 0.028458 -2.077812 -0.320298 1.643378 0.360648
-0.863494 -0.720581 -0.029974 -0.679711 -0.828893 0.592567 -2.704392 -0.629885 -0.488274 0.633327 0.022631 -1.405563 -0.984993 0.198680 -0.079067 -0.579124 -0.480834 0.696168 -0.517693 -0.088091
2.169937 1.418063 1.194223 1.590313 1.480877 -0.318238 -0.781156 -0.259800 1.598538 0.802128 0.862224 -1.416227 -1.151154 -2.839079 -0.809381 0.956703 0.516947 -0.221513 -0.022300 -0.688886
0.204759 0.091285 -0.219174 0.288525 0.259786 -0.415100 0.700701 2.814654 -0.104343 0.393307 -0.738057 0.181251 0.460272 0.194842 -1.019695 0.206362 1.462196 0.448636 0.961987 -0.237012
0.749900 0.959071 0.325646 0.562178 -0.251578 -0.632880 0.189328 0.297244 -1.189232 1.053986 0.572006 -0.704728 -1.537585 -0.144905 -0.445944 0.113140 -0.363117 -2.007457 -0.388347 -0.305619
0.633661 0.645600 0.232874 0.191001 0.448639 -0.224319 0.859585 0.079801 1.139556 -0.387362 -1.098620 1.420504 -0.113481 0.221558 1.234752 -1.031955 0.595491 -0.589895 -0.132169 0.072279
-1.500222 -0.762745 -0.892270 -1.177338 -1.273992 0.243123 -0.294243 1.356583 -0.200353 0.231842 1.146030 -0.777371 1.558789 -1.530461 1.629642 -0.372676 -0.242699 -1.890010 -0.454795 -1.039807
-0.607646 -0.411216 -0.551866 -0.205180 -0.004644 -1.095519 -0.880754 1.798725 -0.735201 1.656208 -0.243061 0.002288 1.070365 1.271892 -0.110813 -0.388243 -0.055920 0.337958 0.891304 0.004230
0.618886 0.013408 -0.031132 0.089393 1.316046 -2.630730 0.388376 -0.094824 -0.514783 0.243530 -0.060404 1.127780 0.086111 -0.746923 0.990166 -0.217131 0.526537 -0.477411 -0.649827 0.084168
0.012829 -0.614929 0.276454 -0.130746 -0.098804 0.793818 -0.297376 -0.246383 0.986377 -0.711973 -1.542803 -0.160631 -0.484174 -0.966246 -0.175378 0.491506 -0.009289 0.306981 1.813408 -0.342879
0.278349 -0.263978 -0.333142 0.374083 -0.321825 0.359476 2.349076 -0.716043 -0.416625 -0.063123 0.395799 0.263551 1.284096 -2.426392 -2.386930 -0.495878 1.097300 -1.565648 -3.007632 0.571179
0.243657 0.278490 -0.150805 0.433144 0.205623 -0.626315 0.494064 -2.854627 -0.856852 -1.126054 -0.256341 -0.538048 0.797844 -1.859337 0.045491 0.558336 1.856647 -0.481766 0.324459 -1.803863
-2.391956 -1.664838 -2.161181 -1.732244 -1.735998 0.519902 1.868818 0.419706 0.276582 0.008556 -1.570881 1.355573 -0.610858 0.504483 -1.563034 -1.179460 1.435087 -0.347302 1.453275 -0.078231
-1.841898 -1.352378 -1.227192 -1.412690 -0.697923 -1.543118 0.164295 2.196223 0.492986 -0.057518 1.075343 0.210668 0.209534 -1.091625 0.233848 1.035443 -0.836062 1.424496 -0.091706 -0.887770
0.997632 0.587769 0.754157 0.301707 1.198319 0.493560 0.290897 -1.995532 -1.121244 0.929410 -0.132137 -0.523731 -1.358574 -1.079736 -2.021799 -0.101281 -0.598438 -0.966588 -0.068123 0.363971
2.093198 2.068755 2.040175 1.622931 1.724851 0.203236 -0.457633 0.185689 1.509131 0.605606 0.508608 -0.430309 -1.484057 -0.208468 1.206608 -1.527168 -1.055089 0.126268 -0.984655 -0.792523
-0.423599 -0.543390 -0.022371 0.099115 -0.472527 -1.597872 -0.630025 0.731956 -0.196922 -0.464581 0.044359 -1.745707 0.494706 0.383435 -0.409308 1.005925 -1.127496 1.127909 0.154494 -0.336553
-0.019874 0.264434 0.418582 0.755635 0.189418 1.036303 -0.595535 0.900533 1.699436 -0.401795 0.681362 -1.153692 0.754733 0.199424 0.473038 -0.645572 -1.661083 0.503252 -2.063403 -0.317350
0.941182 0.659401 0.745410 0.774761 0.738329 0.027313 -0.047371 -1.582177 -0.940399 -0.560761 -2.036221 0.047493 -0.249072 -1.672894 0.404213 0.715873 0.227034 -0.324068 0.591442 0.680220
0.307404 0.196901 -0.077897 0.199919 0.287579 2.097939 -0.525631 0.032407 -0.672486 0.223271 -1.742222 -0.546042 -1.092121 0.135338 0.994447 0.646006 -2.371659 2.042070 0.295280 -0.776499
0.157128 0.462981 0.148422 -0.165954 -0.357479 -0.404362 -0.686279 -1.432671 0.145836 0.585299 0.514884 0.819925 0.324340 -0.532725 0.839664 -1.357518 -0.900671 -0.964200 1.080056 0.942789
0.487305 0.779873 0.518840 -0.222543 0.659652 0.846882 -0.115224 -0.384943 0.540909 0.876169 -0.668345 -0.061076 -1.058441 -2.498061 0.200460 0.608905 0.262067 -1.949562 -0.350849 -2.218348
1.369701 0.886926 1.169933 1.011879 0.991133 -1.132785 0.350370 -0.844324 0.102485 -0.482828 -1.781158 -2.230468 0.226684 -0.561558 -0.553090 0.695864 1.173442 -0.272545 -0.340599 0.500143
-1.356936 -0.710094 -1.091579 -0.244753 -0.980107 -0.761355 -0.878263 0.099887 0.480745 1.496710 -0.494965 -0.497572 1.149672 0.296577 1.267652 0.288728 -1.157117 -1.333128 -1.551512 0.662052
1.188597 0.941185 0.978654 1.213261 0.651971 -1.156416 0.850079 0.417681 0.107444 0.387371 0.323185 1.283817 1.294986 0.544220 0.845803 0.514063 -0.461170 0.756565 -1.394495 1.053892
-1.194523 -0.833935 -1.116074 -0.501197 -1.074251 -1.594756 0.420700 -0.577921 0.881147 0.001326 0.395421 -0.957569 -0.589332 -0.458639 0.856702 1.677377 -0.805172 1.076848 -2.169677 -1.194189
-0.958778 -0.609868 -0.984128 -0.597464 -0.575967 0.379405 0.690473 0.265617 0.657763 -0.069532 -1.186993 1.057814 -0.589112 -0.935596 -0.177918 -0.912811 -0.417430 0.344054 0.348342 -0.897830
-0.487705 -0.547796 -0.676129 -0.233537 -0.866143 1.144293 -1.387869 0.763860 -0.053107 -0.550982 0.168015 0.945212 0.500832 -0.878474 0.742459 -0.637588 0.216683 -0.303350 -0.218866 0.766243
-1.040194 -0.819965 -0.720748 -1.455260 -0.491286 0.584314 -0.100476 -0.057391 0.410550 -0.231069 1.393181 0.839349 0.872824 -0.966157 -0.079388 -0.300466 -1.005601 0.360164 -0.537646 0.655404
-1.070192 -0.923325 -1.102485 -0.520381 -1.065366 -0.570640 0.852469 -1.229184 1.452118 0.014149 -0.596411 -0.299182 0.808919 -0.584455 -0.749358 -0.221537 -1.176962 1.820544 -0.566395 0.831617
0.209470 0.417042 0.019206 -0.027173 -0.470975 1.193113 1.021515 0.918915 -0.459657 -1.079842 -0.613588 0.196241 0.545787 -2.171571 -0.008113 0.158089 -0.277544 1.291274 0.421780 1.310192
-0.215961 -0.179733 0.119703 -0.361691 0.395396 -0.253676 -0.345165 0.489255 0.686354 -0.838893 0.067839 -2.019927 1.441945 -0.512374 0.055864 -0.309650 1.146028 -2.837506 -0.016610 -0.105819
-0.453636 -0.706860 -0.626284 -0.414523 -0.574972 1.261519 -0.667189 -0.732969 1.096070 0.425321 -1.544937 -0.539305 0.386383 0.837764 -0.679231 -2.914256 0.523223 -1.220321 -2.017339 -2.832326
0.813981 0.352755 0.418493 0.462685 0.353139 1.616300 -1.392735 -0.034551 -1.616713 -0.229382 -0.248616 0.626614 0.045564 0.623407 0.703440 2.154929 -0.315297 -0.941023 0.246084 -0.802280
1.481961 0.077593 1.058862 0.822082 1.377734 -0.157747 -0.641667 1.665352 -0.856170 0.035566 0.652306 -1.631335 0.480261 -1.055108 0.822783 -0.962651 0.692769 1.105833 0.861437 0.251317
-0.231301 -0.310258 -0.087845 -0.157749 0.394419 0.665369 -0.796137 -0.950063 -1.443604 -0.482910 -0.082715 0.243092 0.951306 0.526898 -0.190872 -0.198196 0.510157 1.272570 0.126314 -0.469131
-0.992866 -0.683713 -0.844793 -0.862489 -1.154907 -0.128659 1.406935 -0.484118 0.955269 -0.038743 -0.608351 0.592530 0.409636 0.356973 0.081278 -0.037893 2.388372 1.184257 0.722827 0.111799
1.007157 0.664169 0.941068 0.735107 0.418160 -3.170426 0.210601 -0.488476 1.592670 0.019344 -1.188963 -0.049880 -1.046121 0.473407 0.290947 0.957840 -0.790882 0.034008 -1.365022 0.701495
0.518871 0.957256 0.540346 -0.082944 0.098406 -0.285094 0.138645 -1.086126 -0.868261 0.097813 1.103934 -0.256281 -0.235917 -0.406885 -0.534757 0.294971 -1.497258 1.280940 -0.665422 0.721903
-1.269999 -0.716527 -0.547042 -0.953216 -0.608559 0.249548 -1.183056 -0.252763 1.029413 0.796702 0.015183 -0.974807 0.645588 0.019381 -2.320316 0.782630 -0.024233 1.202451 -1.095271 -3.176704
0.279084 0.354494 0.170878 -0.133530 0.687098 -0.305611 0.730959 -0.650660 -2.090303 -0.170258 -0.265605 -0.399878 -0.114641 0.264268 -0.150117 -1.264006 0.486185 -1.949372 -2.050357 0.739180
0.507020 -0.138067 0.201069 0.162479 0.030838 -1.595894 -0.739029 0.652330 1.427305 -0.419435 0.756488 -1.914060 0.659451 -0.803948 0.307346 -0.247752 1.320414 -0.874436 0.627606 -0.279507
-0.158305 -0.220206 -0.315603 -0.067794 0.313610 0.241240 0.084505 0.797995 0.923509 -1.050623 0.868773 -1.186336 0.587856 0.619739 -1.911317 0.092979 -0.468496 -0.758765 1.350852 -0.653679
-0.806377 -0.710463 -0.472356 -1.045663 -0.777174 0.530976 -2.178211 -0.529467 -0.561842 0.479361 -2.624817 2.549010 0.531026 0.148877 1.181568 2.343654 0.870747 0.948813 0.130690 -0.141526
-0.475795 -0.568881 -0.446204 -0.579779 -0.232220 -1.684668 0.190917 -0.036331 0.146935 -0.522132 3.076860 1.360116 -1.244543 0.232868 -0.608006 -1.014480 -1.340072 0.432217 -0.681380 0.967826
0.993782 0.455683 0.524897 0.866337 0.314211 -0.474178 -0.771772 1.609521 0.227496 0.635968 -0.822076 -1.219284 -0.569450 -0.124021 -1.064220 -0.009845 -1.688505 -1.120047 0.670911 0.603791
-0.391877 -0.816751 -0.408800 -0.698267 -0.310893 0.928246 -0.496532 -1.153492 0.267844 -0.823535 -0.518253 1.325276 0.827115 0.157974 -1.271919 0.211397 1.062657 -0.375634 1.351114 1.292745
1.663733 0.781857 0.959506 1.697973 1.131279 -0.501234 -0.448543 0.238555 -1.290561 -0.143259 1.096547 -2.191254 1.534482 1.122374 -0.459765 0.543391 0.003148 1.229990 0.982683 -1.400071
0.587262 0.673312 0.470790 0.772406 0.316536 1.040062 -0.739771 -1.334611 -0.385673 0.434503 0.240206 1.253133 0.789920 0.969569 0.326855 -1.389299 -0.195699 1.060090 -0.051523 0.503090
-0.318748 -0.265998 -0.646899 -0.371482 -0.107633 -0.235711 -0.939463 1.119245 -0.294456 1.452756 1.528748 -0.081046 -1.008449 -2.085898 -1.472037 -1.373835 1.378470 0.115825 0.389605 -2.220421
-1.197966 -0.990497 -0.747672 -1.074739 -1.140686 1.635798 -0.221042 0.069370 0.192597 2.392110 -2.099356 0.683223 -0.114802 0.566772 -0.657373 -0.048965 0.711411 3.112910 0.808036 -0.848066
-0.423760 -0.298255 -0.093667 -0.236050 -0.561749 -1.274232 1.048483 0.487775 -0.734233 -0.141530 1.598322 0.733548 0.008784 -0.237683 0.076609 -0.511764 -2.104750 2.042178 0.155325 0.398147
-0.057908 0.309682 -0.214799 -0.474774 0.090826 -1.234512 -1.031966 -0.440259 1.288076 0.014509 -1.236136 1.254338 0.731001 0.538435 0.715734 2.394362 2.185095 -0.686715 1.623885 0.383168
0.499096 0.350630 0.925978 -0.251276 0.751978 1.071081 -2.074486 -0.022035 1.121862 -0.186679 0.729064 0.351165 0.341660 -0.271315 -1.216581 -1.121530 0.709353 0.019458 -0.138512 -0.423890
-0.305189 -0.051520 -0.208346 -0.351433 -0.220476 -0.204877 0.031396 1.607578 -0.020561 0.289184 -1.178923 -0.219669 0.609526 -1.555374 0.200845 0.100791 0.041287 1.037159 0.334439 1.478072
-0.993590 -0.949494 -1.163916 -0.735727 -0.544411 2.324673 -0.017006 0.505021 0.084518 -0.713585 -1.820760 -0.705773 -1.391958 1.704102 -0.115110 -0.345919 0.889154 -1.121751 -0.766864 0.068072
1.028769 0.534549 0.635765 0.748466 0.947562 0.201653 -1.029972 0.046079 -1.073689 0.081083 -0.480648 2.539382 -0.039894 -1.404240 -0.134180 0.519359 1.673364 -0.589452 -1.582428 0.816837
-1.380599 -0.860226 -0.947622 -1.150841 -0.717268 -0.683634 -0.273729 -0.014270 0.149598 0.097827 0.436006 0.843840 0.392634 0.453586 -1.582223 0.050228 0.479508 0.728941 -0.692351 -0.659039
-0.574101 0.165926 -0.267180 -0.019686 -0.687928 0.123480 -0.124286 -0.211384 0.746611 0.325578 2.275825 -0.852225 0.518102 -0.529201 -0.869287 -0.010867 0.137352 2.918174 -0.184146 -1.130179
0.273011 0.620040 0.113878 -0.257434 -0.041996 0.973622 -0.503570 -0.150614 -0.766121 -1.128063 0.309895 -1.273586 -0.414627 -0.995174 0.549683 1.801430 -1.301588 -1.853018 -0.124887 0.015698
0.218659 0.327910 -0.150410 -0.188417 -0.053961 -1.955049 -0.368939 0.213809 -0.917976 1.731170 -0.635410 -0.041293 0.556022 -0.591285 -1.846573 -0.428655 1.029441 -0.336895 -0.846434 0.925672
-0.330775 -0.186112 -0.560037 -0.085552 0.347048 0.827236 1.159840 -0.505966 -1.025868 0.062331 0.107170 -1.078513 -0.175295 0.399318 0.360393 0.504288 0.290965 -0.507009 -0.513901 -1.198951
1.784775 1.669663 1.053263 0.900848 1.401800 -1.073328 -0.428848 0.415837 0.600213 0.957932 1.807609 0.506158 -1.056031 -0.256945 0.307832 2.068226 -1.397805 1.202577 0.179914 0.837831
-0.101995 0.167007 -0.238729 -0.431492 0.067598 -0.013305 -0.599822 -1.558787 0.819373 0.423889 -0.965783 -0.538574 -0.466759 -1.482984 -0.817682 -1.133830 -0.412479 -0.738697 -1.627005 2.022590
1.252541 0.188680 0.536286 0.913785 0.986649 -0.818605 1.092107 -0.547905 -1.335862 0.724137 1.290758 2.587909 -1.199725 0.698920 -0.409801 0.783359 -1.470490 -1.262770 -0.775875 0.078964
-0.641081 -0.764936 -0.668601 -0.764814 -0.844995 0.415827 -1.216897 1.363377 -0.605156 0.910418 1.573734 0.456688 -1.496159 -0.918212 1.322744 -0.169123 0.079574 0.758824 0.696323 0.278800
-0.208668 -0.044626 0.051770 -0.185993 0.435389 1.082112 -0.129034 -0.851662 -0.758971 -0.978741 -0.272410 1.233724 -0.805095 0.188476 -0.656689 -0.260309 -1.510041 -0.220538 -0.193705 0.540288
0.223281 -0.379794 0.650820 -0.053660 0.300053 -0.009182 -0.517757 0.217802 0.475588 -1.746896 -0.538761 -0.254947 0.256171 1.193311 -0.771741 -0.497962 -0.512534 -0.801528 -0.347186 0.770802
-1.053835 -1.006962 -0.511046 -0.996184 -0.520737 1.674860 -0.274802 -2.201243 -1.998889 0.034030 0.613771 0.375456 0.167570 1.162260 -0.539591 0.894911 -1.632015 -0.904948 -1.807041 -0.274845
-0.046261 -0.242327 0.359375 -0.663074 -0.562039 -1.497447 1.363229 -0.303626 -0.488886 1.588940 -1.242247 -1.125587 -1.096220 -0.067871 0.431632 0.739675 2.571995 -2.249432 0.608736 -0.557131
-0.586415 -0.487340 -0.118255 -0.368622 -0.176597 0.023196 1.351016 -1.512529 -1.330705 -2.177968 -0.699415 0.161699 0.102859 0.149342 -1.411057 0.803155 0.239628 0.733054 -1.892762 0.311491
-1.187765 -0.917665 -0.581497 -1.205593 -0.938299 0.006273 -1.531535 1.150267 -0.205284 1.118550 -0.526532 -0.523576 -0.764187 0.876174 -0.709431 0.644595 -0.382452 -1.975963 -0.570314 -1.179108
0.033903 -0.063004 -0.077607 -0.026741 -0.373103 0.655892 0.963907 -0.020099 -0.771200 -1.773970 -0.686050 -0.617212 0.107057 -0.345147 0.687933 -0.612983 -0.057041 1.183987 0.341825 -0.060038
-0.601944 -0.173769 -0.379088 -0.574993 -0.707490 -0.221888 -1.349773 1.768169 0.319965 -1.406943 -0.441849 0.110886 1.704592 -1.108112 0.976041 1.399486 -0.628654 -0.277514 -1.036309 -0.203461
-0.036590 -0.105180 -0.151799 -0.087565 -0.405081 -0.021245 0.293538 0.249418 -0.326673 0.124752 1.515445 0.381734 -0.373368 -0.500198 -0.169852 1.636740 -0.183301 -0.019794 -0.482314 1.098983
1.959837 1.256497 1.306154 1.326983 0.987351 0.745151 0.134166 0.428342 -0.711462 -0.384457 -0.411025 1.021623 -0.378760 2.082660 0.430862 -1.275683 -0.128546 -0.651675 -2.194382 1.599471
0.703143 0.087448 0.512650 0.550288 0.510364 0.841781 -1.051220 -2.531769 -0.227106 -0.141758 0.135563 0.728519 0.637606 0.258770 1.195531 -1.518970 0.504582 0.626538 -1.239562 -1.502871
-0.745942 -0.214856 -0.308090 -0.740487 -0.638188 -0.611634 1.118632 0.013043 -0.179251 -0.110005 1.292060 -0.749172 1.315508 0.210496 -0.160419 2.500900 -1.055639 -0.353686 -1.232431 0.952462
1.689189 0.980983 1.309429 1.555241 1.282653 -1.671170 2.035874 0.468978 -0.491957 1.328057 -0.972765 0.406622 -0.172629 0.638677 -0.063574 -1.450928 0.075576 1.048864 -0.029216 0.775115
-1.045529 -1.057980 -0.780419 -1.286091 -0.229078 0.690074 1.087710 0.691619 0.273118 -0.998212 -0.002786 -0.533090 -0.344064 -0.374534 -0.979926 -1.957339 -0.668143 0.193379 -1.348177 0.015682
1.900268 1.394115 1.346850 1.262211 1.291337 -0.723965 -0.644340 -2.739140 1.186145 1.540324 -0.553177 -0.253952 -0.753862 0.382654 1.124933 -1.742772 0.409439 -0.276672 0.113394 0.458994
-0.188202 -0.361824 -0.001703 0.119128 -0.805208 0.220584 -1.270952 -0.378580 0.898669 0.037697 0.659531 1.766512 1.038606 0.093158 -0.510989 -2.553550 -0.168385 -0.326012 0.390366 -0.153905
-0.320385 -0.382055 -0.024051 -0.081238 -0.296857 -0.097525 0.327811 0.952478 -0.810894 0.366814 -0.740490 0.864824 0.151403 0.298452 -0.782599 0.707032 2.084713 -1.007912 -0.339759 0.231607
0.786406 0.628022 0.094786 0.258034 0.908503 -1.742948 -0.607569 1.568182 1.447796 0.938640 -0.176112 0.082987 -0.130926 1.128240 -0.875842 -0.805800 1.010275 -0.044361 1.378467 -0.671512
-0.054778 -0.136290 -0.361562 -0.280819 -0.064127 -1.436254 0.693923 0.716589 -1.730263 1.333886 2.497415 0.046006 -0.641114 2.824331 -1.318968 0.020106 0.179622 1.345148 0.359739 -0.498634
-0.951184 0.027654 -0.333636 -0.967867 -0.207030 -1.494038 1.255146 -0.497673 -1.268137 -0.168259 0.068372 -1.746467 0.331648 -1.047158 1.711029 0.523961 -0.399900 -0.745168 -0.104968 0.612791
-0.025494 -0.040294 -0.036107 0.161922 0.118037 -2.085792 0.973726 0.298798 -0.773456 1.898735 0.087016 -1.036144 0.856737 0.398048 0.394580 -0.425756 0.450496 -0.261758 0.555941 -1.904944
-0.433873 -0.118360 -0.430934 -0.525689 -0.855192 -1.214806 -2.208281 -0.230586 0.135859 -0.052505 -0.144879 0.043041 1.022841 -0.190446 -0.574083 -0.281125 0.579347 1.412027 -0.628144 0.098934
0.338357 -0.345658 0.157800 0.313387 0.269725 0.366746 -0.383875 0.202280 -0.017895 -0.976400 -0.045254 -1.233101 1.390972 -1.355970 -0.195785 -1.042272 0.570421 -0.331431 -0.518667 0.853202
0.029431 -0.237593 -0.058510 0.099892 0.109702 -0.318846 0.626435 -0.079908 0.205075 -1.623383 1.888437 -0.164242 0.697587 -0.836092 0.308010 -1.302845 0.452068 -0.355974 0.029191 0.697974
-1.232540 -1.188852 -0.695397 -0.152260 -0.538671 0.591136 -0.106971 1.942246 -1.747222 0.094621 -1.625544 -2.506572 0.297462 0.139498 -0.284837 -0.106194 3.098299 -0.258175 0.510124 -0.649365
0.295233 -0.079651 -0.125742 0.300638 0.752554 0.136747 -2.304212 -0.361009 2.703028 -0.230662 1.103218 1.441942 0.218964 -0.841822 -2.435312 0.684163 -0.814756 0.176150 -1.249820 -0.265238
0.033719 0.148265 0.031037 -0.219740 0.295921 -1.674469 -0.109023 0.034375 0.160589 1.362132 -0.236449 -0.119620 -1.103184 0.820554 0.184309 -0.420028 -1.904675 1.444412 -1.227680 -0.591278
0.358345 0.561511 0.324676 -0.187204 0.382985 -0.545186 2.927270 -0.994355 -0.921451 -0.565393 0.243135 -0.470203 0.612332 -0.978588 -1.381592 -1.798215 -2.223574 -0.518069 -0.300980 -0.631437
1.243406 0.973773 0.989264 0.787628 1.073241 -0.599821 -0.657135 -0.697719 -0.653463 -0.386542 -0.635541 0.208323 0.360369 -0.910645 1.271065 -0.980062 -1.617801 0.380778 -0.817408 0.321291
-2.403669 -1.750561 -1.615709 -1.718294 -1.732970 1.672266 -0.737380 -0.834185 -2.266052 -0.350778 -0.227720 0.715493 -1.399078 -1.520287 0.450963 1.006730 -1.571152 1.081514 0.037542 1.091805
-0.070220 -0.238411 0.105618 -0.712364 -0.488018 -0.387965 -0.176134 -2.899514 1.671348 -0.901376 0.505735 -0.086701 1.257619 0.406056 -0.234924 -0.893515 0.797851 -1.873441 0.645890 -1.099045
1.252284 1.210678 0.704790 0.662442 0.889047 -0.860729 0.672389 0.166656 1.180990 0.403275 -0.966702 -0.796064 0.102917 -2.314044 1.673442 0.441747 1.227035 -1.580604 1.244565 2.231499
-1.320878 -0.303238 -1.207156 -0.835409 -0.815028 0.833603 -0.601127 1.165917 -1.666763 -1.494756 0.136597 0.025385 -0.716573 0.809594 0.530894 0.858139 -0.123136 0.602580 -0.445650 2.053819
-0.812546 -0.528265 0.168319 -0.728489 -0.929879 0.125901 0.851124 1.223856 0.337956 -0.592241 0.975713 0.000756 0.685858 -2.153731 0.446982 -0.638586 1.653310 0.623087 0.239858 0.486310
-0.998441 -0.417100 -0.789288 -0.408321 -0.300922 -0.569148 -0.797114 0.040925 0.434941 -0.393987 0.537768 0.306389 -0.998307 0.518793 0.863528 0.171469 1.152648 -1.217404 0.467950 -1.170281
-1.114081 -0.676846 -0.835193 -1.247364 -0.478234 0.837154 -0.321159 -1.585626 1.140068 -0.837090 -0.058720 0.446537 0.199610 1.094180 0.479003 -0.861310 2.178562 0.194333 -0.147340 0.963925
0.249451 0.401267 0.377968 0.377681 -0.236913 0.116579 1.071516 -1.506534 -1.965556 -0.587115 -1.633923 -0.424831 0.502500 -0.890749 -1.426827 0.069337 0.862543 -1.694973 0.820232 0.817306
0.954085 0.318496 1.146686 0.942026 1.077609 -0.416438 0.001977 1.532873 -1.345014 -0.861050 1.377181 1.020037 -0.363132 0.854402 0.341216 1.500275 0.074510 1.025632 2.642012 0.598099
0.049328 -0.111911 -0.128829 0.321479 -0.057965 -0.272933 -0.835689 1.097220 0.867187 -0.497354 0.576451 -1.508556 0.184971 0.452756 1.707330 -0.770819 -1.278353 -0.895428 -1.336569 1.336657
1.548639 1.202688 0.784403 0.614291 0.850500 -0.333038 -0.310391 -1.547802 0.264255 -0.040334 0.745361 0.093523 -0.162704 -0.871193 0.072153 0.738237 -1.143339 0.087474 0.233043 -0.718065
-0.587856 -0.047752 -0.784145 -0.317134 -0.087716 1.062854 2.337828 -0.860757 0.534208 -0.726742 1.040954 -1.265258 0.480587 -0.872989 -0.206985 -1.031025 0.822350 -0.836980 0.551964 -0.344098
-0.114472 -0.325571 0.397801 -0.280757 -0.095447 -0.778095 1.171810 1.498098 -0.816155 -1.455055 0.301961 -0.547408 1.868603 0.034808 -0.802199 -1.147160 1.089905 -0.571184 0.043829 0.955803
-0.484258 -0.948971 -0.650413 -0.760824 0.230775 -0.220114 0.063649 -0.371779 -1.477612 0.257601 1.892192 -0.883719 -0.773030 -0.870728 0.724592 0.448485 -0.158538 -0.918019 0.092377 -1.564622
0.143427 -0.049081 0.092132 -0.023762 -0.155468 -0.611760 1.135948 -0.153998 -0.161955 0.438413 -0.883999 0.132497 -0.381489 -1.320493 0.337482 -0.263308 -0.157025 -1.210161 1.591400 0.876714
0.964156 0.977948 0.381724 0.403416 0.155412 -0.748800 0.416802 1.167121 -0.023051 1.278575 1.083000 -1.076381 -0.673790 0.957537 -2.712613 -0.149456 -1.430831 -0.476554 -0.298820 -0.358244
-0.552261 -0.861752 -0.821090 -0.110358 -0.470714 1.582117 -0.399465 0.129187 -0.063274 -0.659749 0.983852 0.125887 -0.476551 -1.304589 -0.893595 -1.641380 0.012224 -1.196666 -0.265561 1.370102
1.199300 0.486434 0.751797 0.993429 1.076276 -0.327806 -1.426018 0.393873 0.829324 -0.631652 0.291203 -0.363573 -0.184032 -2.487822 -0.221781 0.969369 -0.631403 0.052526 -0.755951 0.360442
-0.216523 -0.104791 -0.432902 -0.497300 -0.429709 0.497788 0.537412 0.642301 -1.694256 1.006607 -0.569699 -0.357828 2.637882 0.301873 -0.386322 -2.205294 1.389764 -1.345210 -1.003439 -0.331352
1.416412 0.956697 0.784000 0.774222 0.592458 0.139654 0.073337 0.968770 0.967178 0.493977 -0.362348 0.741822 -0.091968 -1.081914 -0.403288 0.084527 0.910216 -0.183528 -1.209199 0.056742
0.113456 0.257759 0.681251 -0.034790 0.148097 -0.616143 -1.040199 0.698816 1.448820 -0.315082 -0.241431 1.466783 0.505558 0.436236 -1.190917 0.678728 -0.929136 -1.134020 -0.346772 -0.585793
-0.221600 -0.523738 -0.027651 -0.176841 -0.594226 0.978458 -0.810529 0.856976 -0.068446 0.028776 -0.185098 1.212129 -1.239588 0.607840 1.101330 0.716340 2.324699 -0.528947 0.957305 -0.106091
1.233406 0.765891 1.142825 1.165298 0.955392 -1.412726 -0.516847 0.619033 1.392039 0.111129 1.318197 -1.358175 -0.443263 -0.288575 -0.114559 0.084094 0.690911 -0.444807 0.139029 -0.045123
-0.925890 -0.289567 -0.400725 -0.440888 -0.750310 0.075674 -0.432295 1.272715 -1.169481 -0.720970 2.779964 -1.037991 -1.353755 0.734477 -2.077120 -0.235274 2.145825 -1.544936 -1.981964 -1.499181
0.898360 0.270983 0.598593 0.644269 0.777192 1.787346 -0.246335 -2.301472 -0.820879 -0.426804 -0.258939 -0.187859 1.118895 1.274428 -0.171674 1.098485 0.357661 0.064506 0.906544 0.072252
2.057811 1.883542 1.308552 1.362273 1.025319 1.267960 -0.024399 -1.422230 0.842514 0.754959 -1.941859 -0.003804 -1.590142 -0.664651 -0.902809 0.809265 0.116830 -1.285591 0.880066 -1.433806
0.330114 -0.089145 0.305760 -0.300927 0.620529 1.336969 -0.082254 0.306451 -0.437737 0.181990 0.439486 -0.098310 -1.803750 0.331471 0.364561 -0.680173 -1.284387 1.475879 0.491446 -0.229081
-1.137033 -0.541109 -0.745388 -0.408324 -0.850833 0.509689 -0.814398 1.500843 1.352801 -0.466574 -0.628670 -2.618133 -1.481581 -1.339470 0.135190 -0.326234 -1.345335 -0.281164 0.505337 0.527839
-1.899670 -1.441657 -1.500411 -1.463898 -1.100712 -0.898027 -0.766045 -0.461267 -2.252793 0.335968 -0.272845 0.970175 -1.098409 -0.619123 -1.506525 -1.004291 -1.181982 0.995974 -0.698262 0.124176
-0.380763 -0.610007 -0.227580 0.199918 0.021428 0.809113 -0.849721 -0.482984 0.530683 -0.663436 0.037575 -0.314691 0.129368 -2.380739 -1.829682 0.615967 1.037181 -0.910487 -0.244028 0.294719
0.693218 0.336183 0.273353 0.544085 0.138019 2.498430 -0.228006 -1.406977 0.402268 1.320996 0.108014 -0.906649 0.957994 0.663546 -1.026081 0.381426 0.997266 1.181890 -0.066449 -0.358079
1.227274 1.022570 0.807654 1.466677 1.123769 -0.258046 1.268583 0.491413 -1.223220 1.424628 1.551245 0.882286 -0.761588 -0.306014 0.145427 -0.703710 1.692347 0.144326 -2.703348 0.339356
-0.348157 -0.245766 -0.344295 -0.061814 -0.671230 0.283053 -0.339311 -0.041337 0.019600 -0.802430 0.578929 0.460042 1.540441 1.255350 -0.685675 0.820298 -0.950953 0.695932 -0.516614 -1.023253
0.280045 0.531573 -0.184630 -0.233574 -0.215010 -0.369319 -1.579436 -0.817892 0.391209 0.581782 -0.016223 1.156834 0.397397 -0.747456 -0.280502 -1.402866 -0.108139 1.112101 0.685290 1.402009
-0.302885 0.218702 -0.917367 -0.396344 0.377180 0.707231 1.475112 -0.193428 0.218389 1.288863 -0.133003 -1.320892 2.143007 -0.469764 0.158756 1.156007 -0.608494 -1.007868 0.253737 -1.793076
-0.287906 -0.556443 -0.483253 -0.252275 0.132022 0.103538 1.431152 -0.260036 -0.880012 0.269181 -0.215787 -1.177761 1.469784 -0.622270 -1.840266 1.328166 -0.504298 -0.607824 -1.765388 1.740941
-1.289481 -1.279517 -0.361405 -1.164771 -0.280537 -1.701666 -0.809725 0.187800 -0.787174 0.203359 0.681743 0.962503 -1.226179 2.196646 0.767479 -0.001714 1.089537 2.365408 -1.438720 -0.225263
-2.378432 -2.056340 -1.757807 -1.778020 -1.775966 -2.049515 0.373534 1.455434 -0.591018 0.440060 -1.568144 0.457213 -0.393382 -0.762418 -0.760364 -0.393612 0.382433 -1.312163 -0.397115 -0.041472
-1.099039 -1.039086 -0.536537 -1.179409 -0.738599 1.798480 0.552905 -0.936592 1.106232 0.200699 0.257253 -0.344477 -0.749416 0.337766 -0.545087 1.816756 -1.269291 1.536157 -0.111319 0.299086
0.833158 0.914475 -0.054123 0.584927 0.741417 -0.924063 -1.253506 -0.214955 0.385750 0.702660 0.240877 -0.665693 0.369016 0.124286 0.936056 0.776937 0.030476 -0.897253 -0.652950 -0.549789
-0.315266 -0.052578 -0.523172 -0.149463 -0.224345 0.143306 -0.515905 -0.925392 -1.755438 -0.695149 0.473145 -0.702911 -0.237807 0.466431 0.520689 -1.079533 0.997059 1.127350 -1.129850 -0.823837
1.191091 0.670255 0.427417 0.532531 0.609923 -1.163043 -0.413424 0.032396 1.462255 -0.290454 1.072542 1.428760 1.434310 0.284755 -1.963289 0.460825 1.048400 -0.081067 1.744584 0.859834
0.568273 0.394461 0.337101 0.979868 0.128966 1.197168 -0.807591 -0.223473 -1.044836 1.783923 1.681492 -0.883869 0.147298 -0.680494 0.614945 0.509683 0.811706 0.331918 2.935406 -1.027924
-1.710603 -0.776131 -0.470836 -1.178368 -1.133264 -0.922189 -0.954618 0.518219 -0.506189 -0.179515 0.894233 -0.766323 -0.264546 0.365760 -1.941568 -2.384906 0.346117 0.492014 2.064220 0.158095
0.819740 1.146221 0.711889 0.328796 0.253760 0.413616 2.135587 0.282034 1.650573 -0.629212 -0.032047 0.033525 -2.217591 -1.168178 -1.096875 0.822066 0.872153 0.324036 0.824103 -0.164149
1.201932 0.919167 1.350036 0.352490 0.512893 -0.421199 0.976431 -1.132149 -1.098916 0.687427 -0.088544 -0.453891 0.890058 -0.607261 -0.200201 1.399228 1.539142 1.572398 -0.282126 1.230703
-0.948953 -1.462051 -0.740598 -0.646284 -0.546195 -0.126533 -0.910324 0.695165 -0.375634 -1.304817 0.441663 -1.433730 -0.837406 -2.106889 -1.423958 0.178529 -1.964536 -1.481146 -0.002369 -0.543607
1.992037 1.483612 1.803886 1.316279 1.365878 -0.597479 -1.495542 -0.012298 -0.172846 -0.435764 0.442317 -0.750730 -1.151998 0.109083 0.385970 -1.176645 0.928091 -1.770481 -0.578113 -0.258009
-0.636224 -0.164932 0.176620 -0.210444 -0.164195 0.437127 0.092055 0.476240 2.529928 -0.993593 -1.120418 -0.754866 0.032143 -1.725771 0.022339 1.693547 0.151407 -0.292685 -0.618160 0.898512
-0.825833 -0.510693 -0.610894 -0.621094 -0.705556 1.030660 1.094799 -0.805992 -0.526555 -1.322347 0.409065 0.666628 -1.349926 -0.455199 -1.347254 -0.898800 0.551017 -0.733482 -0.300826 -1.627312
0.186990 0.348848 -0.030886 -0.227222 -0.043484 -0.814868 -1.476263 1.805574 -0.633273 -0.096760 1.010840 3.529055 -1.244486 0.449827 -0.707552 -0.538790 -0.720212 -1.125655 -0.041291 -1.474503
0.946808 0.769885 0.267422 1.163981 0.789831 0.287564 -1.164051 -0.357990 -0.859614 -0.890569 -2.109838 1.339327 -0.686539 1.163376 1.068792 -1.286000 -1.088411 2.560503 1.750926 -0.031519
0.257373 -0.190232 0.087443 0.310849 -0.063446 -1.321556 0.021093 -1.131067 -0.067277 -1.074661 -0.782354 0.853165 0.247481 -0.009664 0.878964 0.480609 1.446563 -0.459859 -0.429635 -1.301109
-0.428981 -0.566158 -0.275717 -0.376519 -0.497725 1.083145 -1.838519 0.898117 -0.367785 0.702533 -1.332448 1.171168 -1.464975 -0.668455 -0.998095 -1.754285 0.094528 1.806089 2.666905 0.097156
1.116681 0.685331 1.390963 0.831068 0.596141 0.537479 -0.578460 -0.077494 -0.058430 0.826403 -1.066032 -0.051542 1.912005 1.164060 1.349179 0.024432 0.320998 1.002236 1.560256 -1.951603
-1.315441 -0.601184 -1.309301 -0.778596 -0.983720 -0.555017 -1.402369 2.091094 -0.022436 -0.057951 0.588077 0.962345 0.945888 1.073622 -0.630846 -0.297867 0.769032 -0.527389 -0.005107 0.398764
0.785185 0.319864 0.567528 0.120973 1.081361 0.776932 1.607915 1.353454 1.346572 1.443670 0.291379 0.032185 0.872817 0.732081 -0.309066 0.404823 -0.035096 -0.853933 1.290461 0.055199
2.048708 1.570867 0.889803 1.481404 1.021059 0.399469 0.310473 -1.127264 -1.156941 0.322505 -1.364106 -0.531878 0.500917 -0.982324 1.605356 1.223936 -1.571420 -0.932371 -2.285777 -0.782591
0.766388 0.627580 0.408443 0.401435 0.925124 -0.555109 0.012170 -0.092875 -1.271549 -1.153084 0.967794 0.398992 1.050049 0.324658 0.142991 -1.726011 -0.270367 -0.027384 1.953107 0.686957
1.536061 1.551102 1.168661 1.227433 1.296579 -0.939156 -0.384387 -0.205767 1.605620 -2.080741 1.205818 -0.936795 -1.372079 1.179942 0.731898 1.254519 0.800702 2.059845 0.558724 -0.156477
0.342926 0.227545 0.393823 0.017994 0.710142 -2.104583 0.138078 -1.886129 0.053059 0.865290 -0.476876 1.677116 -1.460501 1.191261 0.675137 -1.716033 2.710794 -0.063745 -0.877484 -1.407087
-0.220018 -0.680440 0.022694 -0.335423 0.786993 -0.387630 -1.934964 -0.149361 -2.367478 0.353771 -0.979300 0.163360 1.314075 -0.948749 1.061256 -0.433390 1.753195 -0.365153 -0.840493 0.687238
-0.435790 -0.110992 -0.185832 0.193809 0.124383 -1.934088 0.023081 0.624904 0.193449 1.309865 -0.074345 -0.184551 0.592330 0.099314 -0.390409 0.516144 -0.652528 -0.611177 -0.527994 1.353069
-3.221016 -1.613295 -2.080585 -1.885438 -1.977011 0.475752 0.589639 -2.651828 1.366389 -0.737737 0.686568 0.741074 -0.876697 0.660460 -0.385493 -2.071377 1.167742 -0.775045 -0.854493 -0.403066
0.272237 0.404281 0.204287 -0.798103 -0.203183 -0.115997 1.897887 -0.113813 1.085222 0.038555 -0.483659 -0.246724 -0.168420 0.603646 1.374611 0.359681 1.187078 -0.964790 -0.414631 -0.724303
0.314445 -0.016187 -0.094249 0.567140 -0.135755 0.686858 -2.065303 2.121631 -0.283152 -2.025040 0.158094 0.033443 -0.081894 0.991191 0.747445 0.297876 0.450156 -0.104358 1.775491 -1.479196
0.139652 -0.226828 -0.457741 0.075661 0.205813 0.156823 0.281230 1.489599 -1.270362 1.154694 2.367414 -0.377765 -1.290942 -0.406974 0.014005 0.563788 -0.591395 1.555199 -1.114532 -1.739205
1.106710 0.488807 0.610691 0.562243 0.265274 -1.120768 -0.057397 -0.050801 0.160650 0.662263 -1.039111 1.687548 0.245114 0.726794 -0.628149 1.286382 -0.257052 0.277553 -0.933106 -0.996932
0.688205 1.082737 0.441359 0.179591 0.666375 -0.629038 -0.117655 0.015028 -1.917349 -1.471126 0.336278 -0.737029 1.056725 0.966807 0.719169 1.819772 -0.083089 0.648882 -0.584401 2.452370
1.983634 1.290345 1.764723 1.103808 0.748067 -0.656624 0.873990 0.078439 0.182994 -0.834271 -1.717672 0.236142 0.904962 -0.225807 1.436430 -0.703916 -1.054704 -0.067230 -0.082593 0.769969
-0.774963 -0.741267 -0.572654 -0.746455 -0.196804 -1.056497 1.075222 1.047276 0.863437 -0.015563 -2.954249 -0.641727 -0.625916 -0.978255 0.122243 -0.418963 -0.824612 -1.058800 -0.715513 1.121499
-0.661025 -0.510249 -0.521688 -0.800857 -0.559228 -3.044657 1.021635 1.436368 -1.050187 -0.972298 -0.450253 -0.756004 0.223927 -1.946525 -1.117928 1.539197 -0.928220 1.243428 0.355338 -1.809268
0.635329 0.349658 0.560389 0.038351 0.482710 0.707592 1.178253 0.408136 -1.375634 -0.473645 2.943048 0.724491 2.369287 1.395434 0.241802 0.301407 -0.036580 -1.737805 0.018047 1.210675
-0.599640 0.050547 -0.500752 -0.731862 -0.644260 -1.017911 -0.822166 -1.287605 -0.900448 1.419456 -0.915477 0.126459 -0.502869 1.178866 1.311162 0.864070 0.306135 -0.231060 -1.191875 1.943529
-0.759673 -0.836114 -0.288609 -0.434753 -1.101329 0.764213 1.727964 -0.469346 -1.285864 -0.505490 0.208854 0.058213 -0.393438 -1.909197 0.470483 1.972344 0.464251 0.609136 0.572445 0.397047
0.931666 1.006359 1.245966 0.667193 1.022575 0.314129 -0.316083 0.314339 0.439150 0.833179 1.282795 0.078007 -1.307777 -0.345104 0.044063 -1.835769 1.388665 0.142378 0.381353 1.365526
-0.630143 -0.404472 0.216136 -0.274343 -0.040390 1.665603 -0.375500 0.699464 -1.875007 1.179989 1.052211 0.097434 -0.226942 0.400000 2.288791 -1.763237 0.782027 -0.911617 -0.019918 -0.247880
-0.428318 0.062285 -0.270711 -0.319734 -0.405269 0.539765 -0.326536 -1.170925 0.202383 -1.556951 0.039714 -1.422877 0.461272 -0.924357 -0.450994 0.293949 -0.772542 -0.057964 -1.513831 0.630876
1.764914 1.710225 1.336507 0.843436 1.434019 1.502734 0.776229 -0.483933 1.237181 -0.254476 -0.458025 0.475335 -1.063354 1.021625 -1.055990 -1.050055 -0.909690 0.759500 -0.616775 -1.347996
-0.605680 -0.398537 0.049681 -0.275644 -0.541243 -0.860565 -0.323042 -0.367237 -0.421357 0.621347 0.948143 -0.305954 -1.236478 1.274440 -0.095341 1.730322 -2.245586 0.195403 1.918606 -0.353264
-0.225493 -0.252364 -0.202834 -0.459252 -0.071298 -0.627421 1.228857 0.461078 0.250628 0.808571 -0.264356 -0.774204 -0.602624 0.001783 -1.059212 -0.500261 -0.516117 2.124556 -2.773815 -0.179620
1.725694 1.227839 1.411743 1.401970 1.435727 -2.241916 0.205456 -0.775607 -0.800335 -0.498987 1.744861 2.404838 0.217208 -0.464767 -1.177226 0.468540 1.782906 -0.247340 -2.378996 0.670050
0.985400 0.661349 0.349232 0.340004 0.856305 -0.790771 1.015937 -0.403380 -1.485186 -2.049474 1.260850 0.616664 0.087974 -0.440275 -0.528998 -1.075737 -0.431456 -2.120087 -0.736064 -0.310938
0.609880 -0.070174 0.333664 0.220673 0.829207 0.470510 0.011863 -0.980788 0.739944 1.679747 0.342106 1.917259 -1.525572 -1.154163 0.855202 0.264290 1.313782 -0.015472 -0.867975 -0.213593
-1.532684 -0.607135 -0.726044 -1.181296 -0.917215 -1.721078 -0.358404 -1.225000 1.176533 -0.583722 -1.085748 0.029796 -0.640154 1.483744 -0.734811 -1.399228 -2.152914 -0.030787 -0.561930 -1.428905
1.189226 0.906194 0.617000 1.034780 0.840884 -0.822856 -1.039220 0.817982 0.396367 0.169748 -0.846498 0.607948 -0.755499 -0.101987 1.446944 -0.660834 -1.572989 -1.052547 0.994299 0.254731
-0.128877 -0.439144 -0.128630 -0.037415 -0.318640 -0.731255 -0.897659 -0.637487 -0.375407 -0.048830 0.235456 -3.688365 -0.807651 -0.391570 1.505062 -1.080003 0.162797 1.495030 -1.312969 0.393975
-0.802272 -1.181847 -1.033853 -0.555590 -0.705142 0.844456 1.101738 0.491993 -1.606257 0.394958 1.072930 -0.853399 0.965327 0.704336 1.852040 -0.417783 -1.097611 -0.361628 1.435571 -1.828406
-2.068376 -2.146143 -0.846133 -0.882162 -1.204848 -0.552569 -1.873006 2.044482 -0.997228 -1.059037 1.103720 -0.384489 -0.063390 0.482790 1.083583 -0.333461 1.519952 -2.135800 0.759787 -0.839528
1.372271 1.191734 1.339498 0.409495 0.510042 0.641894 -1.029696 -0.484017 -0.004073 -0.041260 0.749745 -2.014901 0.334327 -0.289981 -0.838501 -0.742487 -0.214538 -3.601085 -0.701290 -0.875815
0.532783 0.187255 0.429378 0.061435 0.704690 0.902271 -0.499872 0.543032 -0.233898 -0.196093 0.409685 -0.596994 1.493003 -0.160130 0.618361 1.455600 1.031654 -1.408919 0.444896 0.850719
0.891863 0.487834 0.776558 0.299948 0.539961 -0.299696 1.575876 -0.047799 -0.726774 -0.877617 0.332719 -1.333148 -0.247336 0.333231 1.299150 0.667548 -0.714065 1.178419 -0.299515 -1.235703
-0.172041 0.026017 -0.001660 -0.651625 -0.366011 -1.431355 -1.285599 -1.615846 0.372648 0.166493 1.542736 0.243475 -0.404157 0.001795 0.117707 -1.671761 2.710332 0.519871 0.210008 0.615164
0.709411 0.341773 0.911881 0.280732 0.166970 -0.809890 1.419036 0.293352 0.729819 1.391921 0.021889 0.316952 0.810027 -0.724861 0.054052 0.125549 -0.956059 2.317637 -1.407293 -1.298104
1.314227 1.083916 0.764319 1.126289 1.122269 -0.030263 2.598823 -1.724062 0.693823 1.166528 0.891344 -0.204356 -0.290441 0.444145 0.815754 0.602473 1.040058 -1.018870 -0.227771 -0.940016
-0.386113 -0.241700 -0.050599 -0.447773 -0.274671 0.059692 0.106183 -0.637809 -0.057837 1.127788 0.113971 -0.793460 -0.925085 -0.450202 0.073863 1.193587 -1.340489 -0.319826 0.144310 -1.833706
-0.833598 -0.608758 -0.260294 -0.683420 -0.106889 -0.555286 0.427963 1.723075 1.639257 -1.922772 0.577072 -0.178023 0.155155 -0.398283 0.117589 0.151407 -0.578952 -0.896368 -0.448696 0.234259
0.598996 -0.052528 0.783895 -0.097469 0.040375 1.165595 -0.058833 -0.220932 0.191124 -1.149707 -0.193610 0.744586 0.641947 -0.270268 0.217718 -0.824650 0.703492 -0.077821 -0.275951 -0.361724
-0.062894 -0.289945 -0.721837 -0.282983 -0.217475 1.465211 -0.891543 0.069704 -0.650657 -0.326648 2.002427 -0.307571 0.360226 0.541321 -1.000629 -0.855095 -1.206022 -0.885971 -2.850030 0.544582
2.054194 1.618696 1.258153 1.299426 1.410269 -1.017585 0.860183 0.810260 -1.155452 0.725081 1.526813 1.902558 2.865212 -0.901993 2.824220 -0.354206 -0.592465 0.327072 -0.582061 0.399044
-1.320077 -1.128661 -1.229805 -0.731334 -1.149611 0.475259 1.170662 -1.655225 0.584524 -0.268139 0.166638 1.059950 -1.194187 -1.012644 -1.935430 -0.549159 1.330432 -0.120587 -1.340125 -0.485679
-1.487862 -0.679892 -0.996627 -1.543978 -1.039668 -0.071120 0.085595 -0.278373 0.772848 0.783160 0.335054 0.564789 -0.212090 0.542203 -0.337878 0.002232 -0.274644 -0.457219 -0.689112 0.467690
1.310606 1.621345 0.312615 0.780922 1.013274 0.600733 -0.906215 0.141980 0.313723 -1.484605 0.608267 1.345935 -0.174648 1.360168 -0.189693 0.849585 -2.218570 2.418778 1.495458 -0.284626
-1.972089 -1.183547 -1.994149 -1.054417 -1.235117 -0.941403 1.120967 0.805575 0.975823 0.008858 -1.415524 0.977872 -0.270371 -1.389780 1.352039 2.099408 -0.041248 2.159121 0.091315 -0.380456
-0.630458 0.006529 0.209708 -0.574846 0.010529 -0.460307 1.030250 -0.380037 -0.404795 1.132805 1.597397 0.644690 -0.654770 -0.510608 0.079915 0.320930 -0.987866 0.723038 0.085513 -1.715708
-0.928926 -0.434030 -0.464942 -1.284917 -1.041290 -0.840772 0.220631 -0.352088 0.324758 0.580568 1.209231 -0.024286 1.638961 0.908023 -0.707440 2.209856 0.326995 -0.835125 1.652913 2.077778
-0.033025 -0.183396 0.013185 0.360635 0.078210 0.570487 0.101723 1.498012 -0.312836 1.030919 -0.288063 0.431023 -0.113563 -0.055852 -0.377387 1.344854 -0.732926 -0.740232 2.120994 0.977848
-2.385114 -1.609534 -1.560478 -1.449111 -1.863662 -0.136990 -1.141942 0.059905 -1.625121 0.082912 -0.414916 1.501953 1.411357 0.785346 -0.326614 1.985380 -1.553035 -1.403559 -0.083783 2.254038
-0.202339 0.462359 -0.097735 0.119182 -0.012633 0.789075 -0.629221 -0.706707 -1.293122 0.083873 -1.080407 -1.177417 -0.423691 -0.489156 -0.537979 0.466445 0.079048 -0.288156 0.183013 -0.991527
0.105279 -0.083371 0.372900 -0.449440 0.203095 0.090310 1.164412 0.925677 0.034333 -0.362499 0.947512 0.674695 -0.618365 -0.794894 -2.072355 0.154032 -0.082698 1.136191 0.359055 1.334229
-0.697364 -0.799953 -0.677888 -0.034418 -0.784231 0.235135 -1.984688 -0.267137 0.440354 -0.520969 -1.050438 0.846118 -0.103463 -0.489571 0.041896 2.636669 1.153503 1.162574 0.435546 0.166485
-2.396082 -2.017516 -1.621273 -1.909240 -1.947603 -1.980836 -0.038324 0.818766 1.106775 0.414784 -0.963396 -1.932065 -1.756869 -1.268983 -0.888860 -0.159748 -1.014164 0.338976 -0.232274 0.010546
1.140251 0.732917 0.866402 0.645344 0.951668 0.885256 0.879014 -0.946491 -0.182161 0.281212 -0.273007 0.585021 0.281192 1.832561 -1.530279 -0.122436 -0.908503 0.604107 -1.617172 0.346313
-0.630048 -0.742076 -0.755091 -0.651867 -0.434013 -0.025189 0.627680 1.664642 0.263756 -0.558800 0.467252 -0.544296 -0.504423 -1.519893 0.926257 -0.386003 0.182098 -1.035962 0.435948 -0.761941
-0.141709 0.403010 0.283899 0.184885 -0.165083 2.992811 1.745859 0.722675 -0.753204 -0.113592 -0.543420 1.263856 0.262503 -0.784164 -0.470755 1.121188 1.600098 1.528332 0.757032 -0.252625
-3.241514 -2.204153 -2.402763 -2.322999 -2.071664 -1.326262 0.557409 0.632216 0.682339 0.946577 0.604052 -0.410029 -0.070837 0.091125 0.107699 0.998218 0.643669 2.077343 2.206469 0.079650
-3.836656 -2.394141 -2.380432 -2.541137 -2.466143 -0.446643 0.612270 -1.559436 -1.077721 0.343159 0.622944 0.641542 -0.787036 -0.978266 -0.506635 0.239873 1.485477 -2.047437 -0.220729 -1.332678
-1.652243 -1.246169 -1.122096 -1.133800 -1.315459 -0.479719 -0.432638 2.185731 -0.246571 0.735132 0.006382 -1.848259 -2.044629 -0.578984 1.056101 0.788292 0.914077 -0.987046 1.615872 -0.964893
0.212824 -0.193082 0.639053 0.120464 -0.106639 -1.349605 0.019995 -0.399827 3.377383 0.676507 -0.409341 -1.056112 -1.880288 -1.025219 0.114942 1.427329 1.121689 0.229095 -0.323168 0.268812
-0.518638 -0.755865 -0.675460 -0.647082 -0.741622 -0.195435 0.836484 -1.067723 -0.750720 0.792711 -1.476657 1.057801 -0.532144 -0.388568 -1.123878 0.378046 2.459872 0.781497 -0.864285 1.135621
-0.316680 -0.494073 -0.547103 0.321966 -0.211639 0.944385 0.151657 -1.023756 -0.633590 -1.906237 -0.088373 2.210690 0.804933 2.190417 0.882397 1.027479 1.974079 0.377263 -0.187227 1.032658
1.453840 1.121946 0.745979 0.578670 0.590740 0.798091 -1.424168 1.911606 -0.641165 -0.265065 -0.902654 2.698329 0.242071 -0.850975 0.863924 0.769136 -0.187727 0.840607 -0.825292 -0.492918
-2.010217 -1.251187 -1.367163 -1.283475 -1.377323 1.662931 -0.160074 -0.243410 0.056511 -0.124922 -0.215196 1.143398 0.150136 0.712482 1.031381 0.388186 -0.970271 -1.352866 0.148781 -0.171256
0.087391 0.242133 0.523615 0.174171 0.426225 0.332377 -0.376423 0.316068 0.583883 1.284105 -1.507226 -0.556718 0.428761 0.770464 2.193450 0.955704 -0.056789 -0.890436 -0.564290 -0.592703
0.655234 0.012062 0.936592 0.804970 0.352626 0.351662 0.568645 0.382922 1.626431 0.236043 -0.386023 -0.915755 0.249609 -2.440704 -0.184289 -0.205840 -1.364471 -0.928266 0.809658 0.230712
0.101788 0.071129 -0.621739 0.487679 -0.089609 -1.458213 1.630130 0.370340 -0.589254 -1.253402 0.395914 -0.117172 1.574147 -0.345907 -0.837381 0.895796 0.925282 0.168651 0.676357 -0.037687
0.233865 -0.144113 0.238618 0.122489 0.763059 -2.364855 2.052073 -1.705959 -0.627093 -0.040918 -0.146481 1.006411 -1.057837 0.260767 -0.578212 0.295141 -0.064772 0.092936 -0.549925 -0.510064
0.287273 0.321531 -0.762795 0.360209 0.654001 -0.032504 0.830498 -0.905797 -1.779439 -0.533004 -0.766353 -0.078788 -0.636845 0.741017 -0.288150 0.150474 0.157635 0.194955 -0.024129 0.510601
-0.795655 -0.413235 -0.318449 -0.027496 -0.786338 -0.851180 0.665335 2.209606 -0.786572 0.332372 -1.755506 0.453905 -0.885714 -0.624835 -1.101286 0.732151 1.007304 0.023385 -0.864427 1.589523
-0.750410 -0.876939 -0.189836 -0.544840 -0.483583 -0.381138 0.603713 1.401500 -1.208859 -0.565937 -0.075671 1.537551 -0.658383 -0.594504 0.478141 -0.577229 0.152526 -1.551537 2.214330 -1.347709
-0.321753 0.065182 -0.237300 -0.545157 -0.126623 0.757177 0.417095 -0.984634 0.571141 -0.723487 1.266661 -0.971062 -0.113158 -0.555273 -0.987523 0.741320 0.535459 1.209010 -1.779875 1.064171
2.505449 2.455461 1.779009 1.638474 1.814912 -0.305632 1.048204 -0.838176 -0.600339 0.593539 0.003060 0.584623 0.237830 0.479625 -0.432301 0.231731 -0.927373 1.288434 -0.634275 1.128847
-0.233607 0.086926 -0.141433 -0.554919 0.380877 -1.055324 -0.323909 0.211879 1.010379 -0.445757 -0.881961 -1.442715 0.480064 1.383195 1.266330 0.709933 0.638543 1.697624 0.332081 0.646130
-0.320784 -0.273399 -0.459881 -0.113004 -0.198380 1.926286 0.081277 1.178843 -0.435077 -0.311676 -1.329008 -0.742328 0.526981 0.007560 0.942939 0.181254 -0.352454 2.148297 -0.093904 1.163001
-0.401209 -0.375810 -0.151335 0.038490 -0.209676 0.018252 1.230460 0.527481 0.445839 -1.722257 -0.720455 0.411358 0.410383 1.214667 -0.144867 0.405824 0.016374 -0.986943 -2.255791 0.431010
0.173947 0.059044 0.052341 0.085451 0.328362 0.556875 1.864049 -2.141431 -0.699601 -0.209376 1.454826 -1.636403 1.935861 0.135856 -0.096001 -0.198060 -0.436263 1.048117 -1.068521 0.345414
-0.384182 -0.497147 0.010160 -0.755215 0.088049 1.137777 -1.421350 1.752292 -2.508957 -0.768766 -0.459032 0.581723 0.218718 -0.166815 -0.011997 -0.978023 -1.497232 0.726512 0.693706 1.584494
-0.790017 -0.477293 -0.587100 -0.246517 -0.271942 0.211209 -0.339530 0.960932 0.646905 -0.684440 -1.327799 -0.288533 1.515414 1.146487 -1.112327 -1.167757 1.274684 -1.135636 0.509295 -0.616071
1.617045 0.790393 0.873625 0.599042 1.293357 -1.970309 -2.202913 -0.220566 0.246906 -1.125198 -1.088693 0.561473 0.562854 -0.137741 0.780202 -1.174202 -0.355935 1.647878 0.068322 0.126313
2.305947 1.047253 1.153403 1.150376 1.146553 0.859631 -0.982019 -0.686732 0.384966 0.798567 1.120937 1.569629 -0.067447 1.193612 -0.342305 0.902091 0.207489 0.445678 0.423508 -1.604705
-1.124122 -0.721005 -1.346105 -0.840387 -0.933327 0.327171 -1.121134 1.380139 2.037211 0.147077 0.510535 0.201739 0.530369 -0.119559 -0.034564 0.905718 2.345624 -1.400071 -0.103812 -1.180460
1.592025 1.120787 1.508170 1.189953 1.360244 0.663598 0.204798 0.409141 1.414841 -0.874199 -0.111847 -0.452690 -1.167865 -0.328375 1.107721 0.566602 0.644311 0.146476 0.523324 -0.800590
-0.309510 -0.388008 -0.353994 -0.089983 -0.141537 -0.377423 3.157771 0.906787 0.413147 -0.233208 -0.451219 -0.130801 0.292829 -1.880436 -1.569390 -0.636882 0.207139 -0.239273 1.478121 -1.482397
-0.751345 -0.910751 -0.424370 -0.545784 -0.278103 -0.693804 -0.099314 -0.272427 -1.954593 -0.310397 0.881062 0.540590 0.619083 -0.375509 -0.656097 1.269256 -0.497317 0.294082 0.163335 1.461717
0.971412 0.766912 1.214958 1.208002 1.246138 -0.455172 1.015628 0.187459 0.052457 0.779829 -0.375109 1.568519 -0.788048 0.656929 1.433833 -1.377295 -0.343335 1.142207 1.157245 -0.171496
-0.734671 -0.811322 -0.683111 -0.494719 -0.867359 0.225257 0.629361 -0.299069 0.679294 -0.710137 -2.114694 -0.423901 0.063232 -0.275840 -1.158603 -1.815649 -0.514089 0.897656 1.256197 1.187713
-0.815910 -0.612820 -0.759380 -0.260736 -0.229764 -2.014063 -0.866885 -0.029689 0.487218 0.767307 0.144254 0.330784 0.084865 0.685619 0.312866 0.065738 -0.268369 0.081291 0.484591 0.267475
0.380826 0.796070 0.226930 0.502665 0.167469 -1.366198 -1.081413 0.335847 0.516397 -1.245051 -0.382817 -0.606084 -0.486676 0.943598 0.706505 -0.019122 -0.545962 -1.349650 1.420185 0.592114
-0.706669 -0.299311 -0.485839 -0.882530 -0.214063 -0.741498 -0.343757 0.121461 -0.499451 0.669085 1.869067 -0.754298 -1.665125 -2.001740 -0.150468 -0.663165 0.207861 0.132598 -1.603217 -1.814884
0.295933 -0.203587 0.773419 0.156234 0.194787 1.271900 0.277982 -0.847474 0.044552 -1.366114 1.057961 0.081844 -1.768157 -0.300674 0.463302 -0.333048 -0.275896 -1.224402 0.566541 -0.648469
-2.156445 -1.891967 -1.039766 -0.872516 -0.871410 0.428968 0.338758 -0.128398 -0.068286 -0.263424 -0.302269 0.530867 -0.935831 -1.075894 -1.123195 2.045655 0.530343 0.304492 -1.057515 0.623342
-0.116571 -0.036054 0.104663 -0.232905 -0.042574 -0.765611 0.734106 -1.537708 0.564776 0.684486 -0.879644 -0.820328 -0.223026 0.282036 -0.152855 0.433562 1.762980 -0.507717 -1.715180 0.825924
1.683315 0.765724 1.613144 0.975934 0.986166 0.642855 -1.351290 -0.300129 -1.004338 0.126825 -0.366342 0.176762 0.022351 -0.986659 0.626877 -0.048766 -0.988529 2.240927 0.476430 -0.153261
1.415205 0.390126 0.937177 1.041816 1.116606 -0.147193 -0.199063 0.184827 0.332760 0.559828 0.237643 -1.210743 -0.938467 -0.546408 -0.282241 1.050774 -1.162939 -0.357415 0.953009 -0.299877
0.460416 0.482003 0.412040 0.181735 0.419474 -1.545056 -0.363312 0.296573 0.533695 1.492953 -0.391025 1.479482 -0.659024 1.328646 0.817467 -0.913459 0.307039 -0.051236 0.625585 -0.223272
-0.307246 -0.118792 -0.305526 -0.453184 0.126357 1.666663 -0.678335 -0.614144 1.524517 -0.444946 1.601074 0.891841 -0.154650 -1.813293 -0.019318 0.101630 1.167218 1.588447 -0.684987 0.801182
0.765402 0.670961 0.148671 0.390796 0.670197 -1.155708 -0.202606 0.980004 0.305151 1.148091 0.341754 -1.298326 -2.520847 0.148809 -0.213926 -0.976946 -1.700627 -0.734743 -0.194491 0.665878
0.188631 0.210952 0.493204 0.561645 0.874561 0.694669 -0.436515 1.071680 0.295225 -0.679445 -0.012024 -0.239556 0.489178 -1.179777 -0.029352 0.395307 0.033023 1.346941 0.774023 -0.007481
0.216689 0.132089 0.311192 0.110697 0.118261 -1.484439 1.278281 -0.060850 -0.193341 0.896797 0.422325 -1.128635 -0.070905 -0.335167 -1.744533 -0.690276 -0.183540 -0.114951 -1.482231 1.151666
-0.102103 -0.270129 -0.066050 -0.469895 -0.101358 -0.367075 -0.896586 0.573447 1.491674 0.724829 0.922978 -0.520631 -1.597620 1.490138 2.054515 1.542807 -0.335786 -1.154634 -1.065683 -1.683733
-0.107379 0.079675 -0.075905 -0.528689 -0.256331 -0.404095 2.035531 1.992094 -0.131111 -0.577534 0.697238 -0.347525 -1.156555 1.281239 1.216447 0.155512 -1.262865 -1.229526 0.107229 -0.499871
-0.341093 0.220200 -0.690630 0.423276 -0.213065 -0.343192 0.758982 0.448078 1.532380 0.420537 1.848109 0.540018 1.062167 -0.323515 0.014287 0.910944 1.612978 0.729237 -0.083172 1.377335
-2.191979 -1.684754 -1.827628 -1.601385 -1.465067 0.064408 0.570946 -0.814403 0.570486 0.994415 1.220551 2.013554 0.244098 0.273911 -1.523172 -0.531411 -0.193082 1.050320 -0.611001 0.796340
-0.001622 -0.307357 0.099711 0.129238 0.083228 -1.704786 -0.247954 -0.479968 -0.515981 0.416873 0.658632 0.232195 0.995415 0.575562 -0.295056 -0.462856 0.312822 0.573767 1.397844 1.191173
-0.541473 -0.719567 -0.537765 -0.610444 -0.358875 -0.063878 -1.254023 -0.998936 0.272634 0.342226 -1.098679 0.044570 0.631224 -1.151227 1.104997 -0.377531 1.257613 -0.533452 -1.026625 -0.458137
-0.095148 -0.326623 -0.131918 0.029692 -0.249550 -0.066112 -1.709226 0.391698 -0.089203 1.610293 -0.939565 -1.808295 0.618068 0.346527 -1.008433 -1.529749 1.537397 1.414110 -2.487457 -0.458223
1.664192 1.225714 1.133538 1.602733 0.900435 -1.704776 1.052547 -1.842937 0.247271 0.886579 -1.451226 -0.924268 1.213179 0.532892 -0.617286 1.202249 1.206536 0.269053 -0.900160 -0.413449
0.286387 -0.441418 -0.004270 0.004792 0.087919 0.180871 -0.491544 -0.627049 -1.768057 0.019546 -0.052755 0.653479 0.068906 -0.132604 1.177001 -1.312467 0.536389 -1.671147 -0.838362 -1.212657
0.781943 0.679111 0.256984 0.684936 0.889821 -0.763465 0.383455 -0.991091 1.329794 -1.675580 -0.806520 1.677201 -0.435139 -1.314879 0.219072 -0.475392 -0.835870 -1.095871 2.768374 -0.251552
-1.925567 -1.154723 -1.831604 -1.769621 -0.940857 0.673473 -0.246918 -1.925978 1.787240 -0.433990 1.495572 1.278435 -1.001010 1.033190 -0.651443 -1.866701 -0.424598 0.397638 -0.462737 -0.307048
1.143566 0.261073 0.756541 1.407356 0.777407 -2.521605 0.428353 0.391829 0.020121 0.891701 -0.672394 0.336500 -1.566959 0.407090 1.953060 -0.994856 -0.759802 -0.710015 0.129998 -1.063036
0.421247 0.001119 0.480456 0.375434 0.012398 0.937367 0.830161 0.372842 0.220189 1.032389 1.923513 -0.953040 1.078125 -0.086217 -0.129673 -1.536531 -0.284789 -0.997265 -0.463854 -1.098186
-0.448908 -0.290332 -0.807326 -0.438074 -0.338588 0.361914 -0.797438 1.074530 0.225270 0.606762 1.410692 -0.309711 -0.574487 0.871703 0.509514 -0.187330 1.391458 -0.212244 0.032774 0.021223
-0.934594 -0.697257 -0.661430 -0.743578 -0.026716 -0.161767 0.330867 0.749767 0.609239 -0.331865 0.324782 0.479940 -1.007195 0.168231 -2.161304 0.482534 0.660343 0.747546 -0.395047 0.309047
1.423954 1.152659 1.081111 0.843756 1.296458 -1.500802 -0.323076 1.335570 0.975201 0.369264 -1.505832 -0.049910 -0.589915 0.331039 -0.809347 -1.025723 -2.064865 1.221805 -0.399771 0.157146
-0.002238 -0.043908 -0.298441 -0.139238 0.163656 0.366606 -0.795718 1.746491 1.027151 0.808360 -0.119659 1.514281 -0.218006 -0.031261 0.169975 0.701823 0.636908 -0.475125 -0.532994 0.639903
0.715237 0.880096 0.927308 -0.233583 0.789471 1.805417 -1.197958 -0.426571 -0.389404 1.355805 -0.034942 -0.907327 0.558695 -0.404639 -1.224387 -0.892773 1.734042 0.384209 0.107760 -0.249894
0.292149 0.108153 0.088790 0.175114 0.666674 0.023104 -0.977939 -0.612423 -1.979019 2.026817 0.862755 -0.830070 -0.281845 -0.636876 1.542547 -1.419877 0.114476 -0.108528 0.826839 -0.104009
-1.758209 -1.525656 -1.261124 -1.272710 -1.576606 -1.739425 -0.800223 -0.552693 -0.381631 0.740126 -0.173544 0.415803 -0.625773 0.229924 0.777798 -0.732300 0.781358 0.052373 1.045460 -0.201420
0.381245 -0.052161 0.218490 0.413470 0.149259 -1.249565 1.433634 -1.859663 -0.684812 -0.094269 0.412356 1.576173 -1.858291 -0.507694 -2.126833 0.031622 0.271684 1.590796 0.120635 1.044025
0.583837 0.629327 -0.122546 0.251743 0.250069 1.295207 -0.162062 1.195177 -0.480214 0.268851 0.209349 -0.045044 -0.432660 0.392456 -0.926163 -1.209435 1.242827 0.727168 0.065892 1.665142
-0.267766 -0.178550 0.115190 -0.418747 -0.011302 0.990711 -0.121021 0.727171 -0.403703 0.829149 -2.391079 -1.019801 0.979260 -0.249656 0.207542 -1.346786 1.847867 1.190530 -0.200685 -0.404696
1.029604 0.910838 0.434067 0.718391 0.768756 -0.819387 -1.188941 0.441761 0.175604 -0.151951 0.809259 1.232329 -1.525662 -0.596972 0.820144 -0.467739 -0.798206 1.018537 -1.289500 -0.301580
0.328644 0.413988 0.159095 -0.253660 0.456944 -0.125746 0.671270 0.746024 -0.627540 -2.053487 0.360756 0.072288 0.555826 -0.226527 -0.430428 2.008473 -1.472354 0.733950 -0.574602 -0.335779
-0.317103 -0.827927 -0.042674 -0.178945 -0.374038 0.103382 -0.986440 0.516825 2.156350 -0.380695 -0.375984 -0.561089 -0.489414 -2.745300 0.405035 -0.845552 -1.610263 0.753190 -1.082018 -0.338669
1.466442 0.684485 1.464781 0.467964 1.438095 -1.574342 0.407690 0.581000 -2.059160 0.798501 0.876606 -0.311786 1.252346 1.136456 0.103118 -0.451445 -0.972828 -0.037564 0.569759 -0.324177
-2.197501 -1.844438 -1.862230 -1.202005 -1.559051 1.524639 -2.801912 0.434264 -1.426649 0.499111 0.127927 0.635727 -0.499248 -1.873240 -0.450368 0.406848 1.015392 -1.171831 1.027060 -0.647872
0.362450 0.008896 0.119770 0.458996 0.462079 -0.679906 0.184963 2.401584 -0.863190 2.040134 2.004423 -0.097311 -0.298153 -0.692065 -0.068203 -1.406719 -0.076239 1.496880 -0.611085 -0.240724
-1.701140 -1.316905 -0.776073 -1.468654 -0.832176 -0.292758 0.501900 -0.028817 0.314972 0.214983 1.123427 0.676994 0.192862 1.518422 0.420269 1.304963 0.606943 -1.841919 1.304835 0.135176
-0.051955 0.263377 0.102746 0.161973 0.298169 1.274272 -0.113588 -0.382584 -0.924926 0.268776 0.187107 0.388425 -1.027252 -1.601181 0.625591 1.484642 -1.026354 1.589441 0.283911 -0.007063
-0.397549 0.081261 -0.076933 -0.244830 -0.170036 0.991926 -1.882983 -1.523598 -0.018134 0.293284 0.484735 -0.301798 2.530370 -0.227893 -0.230786 -0.796987 0.123907 0.614961 1.203578 -1.489284
-0.245995 -0.260064 -0.487536 -0.474900 0.073607 -0.808964 1.557905 0.992628 -1.344928 -1.075103 -1.046922 0.677970 -1.284728 -0.331024 0.454704 -0.066166 0.258888 -1.065803 0.594854 -0.613212
-0.324620 -0.302618 -0.340997 -0.834097 0.295264 -0.299549 0.002184 -1.375085 -0.462533 0.387680 -1.277437 1.156582 1.269613 -1.245151 1.357620 -0.143582 0.418515 -0.496651 0.923045 0.406094
-0.814153 -0.781537 -0.620258 -0.474977 -0.415827 0.650966 -0.117981 -1.156996 -0.682075 1.152349 -0.484629 0.143418 -1.075650 0.336583 -0.457685 1.046713 0.773558 -0.495706 -0.126664 -0.551116
-1.419433 -0.966847 -1.250972 -1.231888 -1.212497 -0.301733 0.933067 0.063542 0.703254 -1.773775 -3.922400 0.283788 -1.424766 -0.212452 -0.302097 1.587401 0.399997 0.165859 0.836991 0.368498
-0.457677 -0.259618 -0.822745 0.008117 -0.145459 0.203944 0.192990 1.676455 -1.564974 -0.600887 0.822682 0.335317 0.180305 -0.956136 -0.590818 1.245041 -0.051509 0.375360 -0.115188 -1.183086
0.933810 0.895610 0.500518 0.657877 0.642483 -1.311544 0.157347 0.976507 -2.072135 -0.204932 -0.563210 -0.701957 0.385213 1.120686 -0.133279 0.205486 0.114309 0.001804 -1.089343 1.108445
0.295195 0.446168 0.612923 -0.003238 -0.497764 -1.534125 -1.688034 -0.600748 0.522521 -0.653137 -1.018805 -0.814686 -0.455342 -0.353859 2.165521 1.054621 1.024774 1.168580 -0.998821 -1.222365
-1.106870 -1.465445 -0.757057 -0.235458 -0.636210 -0.238606 0.268413 0.250951 -0.828181 0.685656 -0.639194 -0.156276 0.686774 -0.641821 -0.569351 0.591668 -0.857733 -0.384792 0.555742 2.054092
0.605405 0.378020 0.836070 0.596717 0.458778 -0.029766 0.321585 0.116508 0.379700 -0.311467 0.058609 -1.227829 -0.319907 1.390834 0.318808 -0.020921 1.896123 -1.360835 -1.109456 1.712711
0.045961 0.447403 0.085879 -1.064353 0.379098 -1.094494 -0.140276 -0.335516 0.255977 -1.119250 1.251947 0.915824 -0.363176 -0.216419 -0.136422 -0.778309 -0.443429 -0.270270 1.612868 0.946618
0.934655 0.522824 0.424846 0.508341 0.429230 -1.258265 0.636553 2.322609 1.061817 1.414029 0.218339 0.967932 -0.717853 0.795864 0.654388 0.289911 1.316007 -0.538785 -0.187058 0.095462
-1.029611 -0.378955 -0.337442 -1.135954 -1.172441 -0.520893 -0.834374 -0.234579 0.688260 0.547739 -0.705538 -0.846040 0.656899 -0.722347 0.059910 0.123755 0.312062 0.858270 -1.262963 -1.911159
-0.567447 -0.489149 -0.333515 -0.637152 -0.346609 -1.782115 -2.343039 -0.614038 -0.198074 1.300625 0.867805 0.227405 -0.889845 -0.960780 0.254128 0.697051 0.391881 -1.034598 0.650668 0.425911
-1.070666 -0.696989 -0.460915 -0.792886 -0.635413 0.501129 -0.486631 -0.010206 0.063383 -0.728390 -0.912588 0.701390 0.845273 0.603781 1.515318 -0.541773 1.674271 -0.900921 -1.012686 -1.759959
-0.445795 -0.653124 -0.632555 -0.205842 -0.283907 -0.392726 -0.371462 -1.775982 -0.980947 -0.770814 1.433625 0.191451 0.662169 -1.498635 1.194214 1.301102 -1.998345 -0.705317 0.495766 0.644388
-0.678495 -0.804721 -0.163319 -0.396537 -0.468734 -0.771042 1.000820 -0.781672 -0.847627 0.818595 0.921936 0.851410 -1.315797 -0.465951 0.822989 0.041542 -1.073693 0.458318 -0.714807 1.794525
1.544841 1.299036 1.402056 1.404751 0.760771 1.477720 0.245499 -0.255187 -1.704622 -0.083134 0.823423 0.945633 0.504365 -0.541299 -1.976822 -0.495215 -0.304345 -0.312929 0.618556 1.985676
0.123529 0.351016 0.173401 0.277450 0.044795 0.120199 0.450812 0.209686 0.457542 0.433748 -1.771897 0.636870 -0.671015 -1.095839 -1.104452 0.433542 -0.222575 -1.681969 0.478038 -1.439608
0.139821 0.105804 -0.144202 0.270299 -0.006647 -0.052474 -0.276335 0.433750 0.215669 -0.352546 -0.440902 -1.116451 0.987862 0.459204 0.917768 -0.310396 -0.656835 -1.078315 0.358918 -1.039793
1.848663 0.925807 1.280261 1.354512 1.615877 0.175674 -0.968484 -1.381769 0.770050 1.506147 -0.438850 -1.139062 -2.458169 -0.980765 -0.113657 1.599123 0.673134 0.305085 -0.400120 -0.583166
1.405648 0.997095 1.167341 1.369993 1.097751 -0.546264 0.562911 -0.107445 -0.076865 1.313473 -0.696461 1.864200 -0.671308 0.089198 -0.281204 0.123419 0.444592 0.433835 -0.753117 -1.122915
2.503172 2.129391 1.822591 1.657337 1.668821 -0.127199 0.472815 -2.722454 0.166141 -1.149741 0.324346 -1.036329 -0.855483 -0.273628 -1.052329 -0.475534 -1.193376 -1.833170 1.017957 -1.296049
-0.178681 0.397783 0.055248 -0.212168 0.392089 1.117934 -1.169315 -0.150148 -1.732495 -0.393201 0.034205 -0.854625 -0.456992 -1.408227 0.077079 1.055694 -1.097144 -0.622672 0.502546 1.212091
-1.493190 -1.140245 -0.741559 -1.616905 -1.125905 0.501090 1.519336 0.116662 -1.031106 -0.513127 1.769913 0.909963 0.640027 0.356413 -0.661137 -0.200571 -0.077923 0.549574 1.508919 1.118338
-1.419384 -1.491529 -1.188103 -0.676720 -0.826233 2.914109 -1.277085 -1.083188 0.233595 2.116803 -0.836195 -0.265828 1.077294 -0.017862 -0.334604 0.565633 0.272518 1.030439 1.291469 0.307003
0.291733 0.456322 -0.142310 0.181135 0.154137 1.196627 1.516116 -1.507553 0.010021 -0.688694 -0.310971 0.402516 0.669438 -0.112126 -1.913340 -0.965046 0.896500 -2.740426 1.187427 0.521230
1.316176 0.838534 0.910062 1.801405 1.410669 0.924722 -0.662691 0.086761 -0.532836 -0.819266 0.955389 -1.197532 -0.893816 -1.104026 -1.490248 0.146414 1.161503 -0.184877 -1.505748 0.839945
1.685702 1.462903 1.081068 1.058331 1.206049 -0.519834 -1.332450 0.631419 0.799068 0.006131 -0.558133 0.994379 0.528036 -0.768436 0.049095 -1.351708 0.685890 -0.262234 -0.435711 -0.032874
0.040308 0.112537 0.263969 0.054789 0.063140 0.400737 -0.426600 -0.124718 -0.148223 0.505261 -0.367023 -0.390409 1.968757 0.939735 -0.760601 0.570941 0.118350 0.391551 0.137341 1.189643
0.345620 -0.023099 -0.080415 0.405886 0.199973 0.314023 -0.093609 0.009227 -0.586695 -0.751167 -0.998570 -1.391983 -0.879717 -0.174267 0.103118 -0.271297 -2.355703 1.574586 1.086480 0.445760
1.907491 1.352717 1.641358 1.004673 1.394197 -1.273837 0.014694 0.386166 -0.154690 0.713877 0.099014 -0.522415 -0.566813 0.810914 -0.653742 0.915403 1.222712 -1.668714 1.132926 2.060423
0.252004 0.568904 0.582486 0.283967 0.536264 -1.314200 0.138635 0.498112 0.516163 1.065425 -0.774802 -0.532607 1.895507 -0.150328 0.200034 -0.067010 -0.821681 1.623529 -0.527701 -1.127286
-0.450740 -0.360264 -0.315427 -0.305120 -0.061765 -0.673414 0.887804 1.398484 0.781175 -0.215388 0.141114 -1.524985 -0.133779 -0.860438 0.694326 2.572752 0.499822 -1.991140 -0.361230 0.122491
0.087357 -0.249291 0.079371 -0.029956 0.069573 0.645798 -1.015663 0.538212 -1.369464 1.764826 -0.774270 -0.223667 0.330613 -0.565350 0.143406 0.575357 0.960613 0.791497 -0.171810 -0.146632
2.349109 1.167783 1.414112 1.996157 2.154774 -0.135334 -1.229495 -0.411923 1.811556 0.579076 -2.491161 1.216723 1.089630 -0.359285 0.717264 -0.859399 -0.470256 1.498546 -0.271730 -1.869732
-0.063303 -0.275962 -0.207111 -0.315437 0.217583 1.045056 0.120790 -0.750023 1.154998 0.193662 0.002926 0.177908 -1.070668 -0.527654 0.003583 -0.194664 1.272428 0.217406 0.854904 0.009395
1.056288 0.616361 0.616901 0.821873 0.607948 0.506916 -0.040205 -0.501992 1.106462 -1.250216 -0.422496 1.027719 0.315523 -0.047859 0.251004 0.179414 -1.516663 -0.349262 1.616522 -0.659324
-0.318301 0.023189 0.210071 0.213589 -0.636915 0.197313 0.773548 -1.050941 -0.340340 -0.225723 0.455647 -0.793221 0.915654 1.186416 -0.988872 -0.490873 -0.531932 2.632386 -0.429900 1.677625
-1.266632 -1.222897 -0.908204 -1.098629 -1.011147 -0.708778 -0.819342 1.158472 1.223794 0.949296 0.523999 0.092743 -0.497031 -0.953158 0.362996 -1.173630 -0.993921 1.152913 1.900649 0.393295
1.106457 1.240646 0.377868 0.685454 0.898525 0.071669 -0.242375 0.962211 -0.985733 -0.773781 -1.008107 0.084973 -1.087893 -0.684242 -0.705756 -0.260608 -1.487374 0.087205 1.247304 0.135491
1.541321 0.677779 1.155531 1.782516 1.258085 0.763800 -0.391671 -1.882521 0.492004 -1.131069 -0.962141 0.000224 -0.095125 -1.412076 0.165492 0.966140 -1.128342 1.272483 -1.560171 2.117324
-0.411260 0.411564 -0.039995 -0.145565 0.119859 -0.086162 -0.563081 -0.946565 1.130527 0.030807 1.540752 -0.526482 -0.434795 0.815594 -1.622975 -1.213463 1.097485 -1.171934 -1.819051 1.868527
-1.393818 -0.458017 -0.983296 -1.127532 -1.304036 0.448413 0.354309 0.903521 -0.387491 0.712504 -0.689329 -1.410467 -1.297728 -1.462110 1.009586 -1.514574 0.274039 -0.265924 -0.102649 1.363607
-0.438427 -0.264549 0.133865 -0.066112 -0.438646 -1.441342 1.289132 0.656407 -0.479525 1.629319 -1.848110 -0.521767 -1.208482 0.412083 -1.113064 0.433064 -0.186436 -0.479354 0.388647 -0.268622
-1.088635 -1.256352 -0.528792 -0.932472 -1.115337 -1.267277 0.826146 0.321653 0.398713 -0.370022 -0.279350 -0.370931 -0.081193 0.835333 0.336075 0.500113 0.499559 0.884442 0.288150 0.358848
1.188806 0.815537 0.517426 0.362690 0.430525 -1.853732 0.462154 -0.109193 1.134640 -0.671917 -0.203318 1.122203 1.383136 -0.680152 0.181781 0.294419 0.373653 -0.262576 1.281383 -1.889703
-0.421130 -0.410843 -0.460221 0.116918 -0.483137 -0.285542 1.299871 -0.714042 0.930887 1.810522 1.214944 0.105770 -0.331779 -1.528591 0.310540 -1.115217 -0.793135 -1.190746 -0.460392 -0.027969
0.273615 -0.190756 0.259398 -0.139388 0.301514 0.226292 1.963553 0.335161 -0.362856 -1.527461 -0.219412 0.234928 -0.387581 -1.665385 -0.850565 1.454538 1.434001 -0.886639 0.672757 -1.178573
1.404316 1.070324 0.483165 1.718535 1.214440 -0.007674 0.851929 0.914868 0.065785 -0.600830 0.779696 -0.060154 -0.872785 -0.920152 -1.477164 -0.510291 1.102692 0.177830 -0.529768 0.804856
-0.832477 -0.829827 -0.481827 -0.729533 -0.867240 -0.850198 -1.638246 -0.259597 1.211428 -0.505447 -0.510684 0.871724 1.068550 -0.088571 0.684715 -1.076955 1.377974 2.148706 0.521216 -2.084332
-0.558230 -0.605233 -0.919236 0.249218 -0.633544 -0.706476 0.032265 -0.893833 -0.182585 -0.554593 1.174762 2.116012 -1.431188 -1.923216 -0.245172 -1.518416 0.046212 0.748936 1.494142 0.201395
-0.193155 -0.196312 0.171821 -0.545810 -0.669156 -0.708488 -0.435053 -1.478002 -2.291293 -1.108497 -1.570326 0.336712 -0.518134 -0.538237 -0.984413 -3.232565 1.508311 -1.000271 -0.412420 -1.454892
0.971930 0.507879 0.952533 0.987999 0.744657 -0.072969 -0.181734 -0.941381 -1.894581 -0.160039 0.325485 1.099584 -2.248497 -1.125096 -0.580741 -0.003481 -0.145034 -0.121689 0.408096 -0.903293
0.934141 1.277346 0.805333 0.803817 0.434257 0.932895 -3.018557 1.578945 0.794759 2.006409 1.237465 1.578343 0.878655 1.348693 1.994124 0.216555 -1.572231 -0.307461 0.389946 0.074888
-1.246562 -1.033308 -1.075357 -0.621270 -0.373684 0.916568 1.057427 -0.080816 -1.742082 -0.455221 -0.258764 -0.497052 0.054695 0.441420 0.853015 -0.278120 -1.903759 -0.482878 0.043710 1.222808
-0.567808 -0.265201 -0.346405 -0.107059 -0.274523 -0.660841 -0.575186 -0.011901 -0.640147 0.508012 -0.713192 0.226304 -0.100173 0.214926 -0.459741 -0.339088 0.096009 0.202075 -0.004202 1.705362
-0.990737 -0.649859 -0.847529 -0.842839 -0.744950 -0.278310 -0.372064 0.280891 -0.552791 -0.595306 1.435856 0.284567 -0.561051 -0.250834 1.645355 -0.235165 -0.689277 -0.684996 -0.549126 -0.594498
-1.279648 -0.789928 -1.204998 -1.288407 -1.088087 -0.207162 1.270088 1.295007 -0.282125 -0.630864 -0.864430 0.692776 -0.204707 -0.386495 -0.813665 -0.769666 0.320058 -1.315438 0.994869 -0.533845
-0.149636 0.023981 -0.206368 -0.120020 -0.553146 1.471709 0.177698 -0.794659 -0.711320 0.595131 1.298693 0.281918 0.688713 0.609738 1.419064 -1.949590 0.667219 0.983736 -1.338724 -0.885668
-0.850783 -0.331139 -0.386068 -0.528639 -1.005909 1.081317 -0.837823 -0.844703 1.315822 0.646744 0.082865 0.473337 -0.029804 0.524585 -0.336067 0.268805 -1.510546 -0.687784 -0.677011 -0.374390
-0.926513 -0.568625 -0.635415 -0.790113 -0.835202 -1.705208 -0.834830 0.336601 -0.543022 -0.696941 -0.074593 0.343598 -1.436352 0.550128 -0.800293 -0.017928 -0.035420 -0.527066 -1.023660 -0.285687
1.625330 1.205200 1.572944 1.220997 0.928060 -1.086711 -0.771269 -0.502910 -1.045695 -0.208918 -0.407016 1.850781 -1.165974 0.102691 0.247846 -1.070321 0.686827 -0.398327 -2.492390 0.659850
-1.116941 -0.764315 -0.552124 -0.682971 -1.081610 1.210166 -0.644928 0.793262 -0.755461 2.233116 -0.692957 1.026087 0.843790 0.316088 -0.670543 -0.151397 -2.153588 0.224420 0.349615 0.133499
-2.973306 -2.122840 -1.883707 -2.354322 -1.968186 -0.170224 0.635246 -1.026242 0.610235 0.474742 0.377555 -0.182040 1.830744 0.493196 -0.968336 0.248305 0.752483 -0.588109 1.089272 0.382034
-2.342478 -1.913274 -2.122413 -1.521243 -1.485455 0.195162 1.665252 -0.178707 0.624818 0.804943 -0.097346 0.778774 -0.594673 -0.422568 -1.312489 0.241409 0.325252 1.179263 0.791140 -0.284796
-1.178180 -0.842986 -0.910273 -0.904889 -0.962316 -0.211890 -0.466619 -0.736901 -0.055896 -0.078591 0.206678 -0.129297 -0.133628 -0.776694 0.941619 0.076518 -0.174444 -0.747429 -1.331913 1.307964
0.554639 0.460627 0.068935 0.178253 0.968793 1.598111 0.216720 -1.416824 0.365169 0.244897 -0.603297 0.573559 -1.667665 0.990567 -0.878122 -0.984946 -0.113825 0.432973 0.163924 -0.742659
-0.506089 -0.233613 -0.409163 -0.118050 -0.878281 0.859414 1.455401 -0.588019 -0.186573 2.171193 1.444343 -1.672405 0.387148 0.000560 0.826453 -0.744979 -0.839608 -0.676071 -0.571929 0.815324
-1.181201 -0.772755 -1.034824 -1.059938 -0.809392 -0.327073 -0.297949 0.453222 1.474482 0.408611 -0.697542 -1.618823 -1.115126 0.073219 -0.655328 0.194968 -0.552924 -1.058146 -1.177032 1.562355
0.888988 0.552405 0.509010 0.485291 0.556717 -0.033068 0.220842 -0.042824 -2.946904 1.604735 0.491004 0.329823 -0.061776 0.163428 -0.597279 0.616579 -1.307098 0.186068 0.561573 -0.198669
0.370868 0.242483 0.577956 0.281223 0.094397 -1.874866 0.522021 -0.543202 -0.192806 -1.339518 -0.851617 0.966125 0.032863 -0.382778 -0.116488 0.489212 0.440494 -0.075027 1.092959 0.970463
0.413372 0.123266 0.431935 0.701654 0.080062 0.899561 -1.018254 -1.085963 -0.701250 0.976139 -1.576309 0.394757 0.362543 1.162648 0.180339 -1.343209 -0.959355 -1.181996 -0.537944 -0.182902
-1.165442 -0.721842 -0.513675 -0.757974 -0.817897 0.898303 -0.693767 0.342451 -1.277371 0.910907 -0.073985 -0.409320 -1.223745 -2.477506 -1.038541 1.112798 -0.402833 -0.169329 0.655554 1.805669
1.325005 0.861165 0.447298 1.085990 0.859845 0.188454 -1.270488 0.963227 -0.107984 -0.112981 0.894459 0.334375 -1.185815 -0.324742 0.661153 0.510252 0.262017 0.933423 -0.361717 0.178670
-3.375579 -2.308737 -2.345513 -2.452198 -2.480468 -1.041453 1.003366 0.548463 0.825415 -1.726214 -0.160450 -0.280111 -0.280572 -0.616028 -0.346104 0.849645 -1.912851 1.777295 0.483841 -0.042332
0.906834 0.935025 0.924795 0.611237 0.245168 -0.046497 0.450055 -0.589579 0.486842 1.677240 0.995527 -0.081456 0.675491 0.577517 0.506588 1.111953 1.104478 -0.127159 0.641879 -0.383095
-0.923072 -0.858958 -0.194262 -0.660814 -1.131584 -2.767325 2.714817 1.501879 -0.261009 0.009426 0.302972 -0.589160 0.192619 -0.144000 -0.094273 0.181461 -1.313528 0.039570 0.163448 0.128850
-0.215831 0.027927 -0.615508 -0.063090 -0.237636 -0.079376 0.214463 -0.096385 1.237370 -0.257725 1.283355 -0.103588 -0.859460 0.679373 -0.304668 0.620501 -2.729404 0.005205 -0.459605 -1.063259
-0.553241 -0.377306 -0.492714 -0.476059 -0.507898 1.366215 0.280928 0.808989 1.094562 1.236490 1.870139 -0.499202 -0.718484 0.783466 0.708266 0.775675 1.889282 0.011370 0.426157 -0.980388
2.135321 2.101083 1.804993 1.896725 1.435614 -0.729437 -0.523704 -1.365796 -0.785318 1.948963 0.735655 0.925904 1.177209 1.834135 -1.771423 -1.229883 -0.803724 -0.469730 -0.300569 -0.446978
0.219309 0.088626 0.095833 0.041566 0.120930 -0.549239 -0.247079 -1.129667 -0.490806 -1.130987 -0.125819 -1.073091 -0.848905 -1.308684 -0.153501 -0.866448 0.906784 0.405850 -0.069852 -0.797485
0.380520 0.474914 -0.006761 -0.245808 0.109614 0.913607 0.133565 0.675664 -0.796781 -0.458398 0.349364 0.342099 0.507612 1.100393 -1.424971 -0.974453 0.229573 -0.724364 3.377768 0.515720
-0.078331 -0.050226 -0.519831 0.768007 -0.118554 -0.456699 -0.273152 1.344285 1.384505 0.252034 -1.341260 0.538503 1.554282 1.369781 0.734426 1.422423 0.053384 0.628103 -0.680776 0.292265
1.329534 0.514183 0.646064 0.832463 0.674615 0.649148 -0.453260 1.718440 -1.289676 1.253735 -0.764849 -1.795983 0.237875 -0.254608 -1.109609 -1.681377 -0.008361 0.975837 0.584953 0.056707
0.478848 0.178987 -0.171477 0.729144 0.792377 -0.160653 0.850983 0.757304 0.605133 -0.280283 -1.380652 0.412071 0.525169 -2.388531 -0.834338 -0.691054 0.118350 -0.803360 -0.038135 -0.210535
-0.159149 0.152737 -0.093866 0.310033 -0.351327 0.571103 -0.770618 1.520640 -0.314601 1.530186 -0.642127 -2.026578 0.402198 0.248545 0.034394 -0.642232 -0.034572 -0.511259 -0.302350 0.841632
0.184217 -0.000856 0.397845 0.412516 0.017658 -0.370037 -3.321115 -0.590222 -0.081874 0.563674 -0.268678 0.347674 -2.179789 -0.056837 -1.679503 -1.208304 -0.187166 1.276264 0.371207 0.018231
-0.019530 -0.679748 -0.391964 -0.073079 -0.230808 0.593054 -0.388507 0.825557 0.961093 -1.673084 -0.581581 -0.855528 -1.812728 -1.032533 2.441256 0.609510 1.917288 0.829098 -0.741843 -0.381771
0.588436 0.402484 0.489224 0.497911 0.189731 -0.141150 -0.325739 0.113334 -0.242729 0.122729 1.286947 -0.124548 -1.162710 -0.161644 -0.464402 1.423899 1.171119 0.107525 -1.278736 -1.225892
0.015123 -0.317115 0.264168 -0.371767 0.017979 -0.023394 -2.382762 -1.101327 -0.627051 1.207503 -0.813814 0.180468 0.226543 1.297917 1.262577 -0.057503 -0.475485 -0.663833 -0.241063 -0.434033
0.553627 0.427085 0.386727 0.984584 0.356869 0.124663 1.099464 -0.351660 1.185007 1.061509 1.008416 0.094070 -0.668358 -1.394528 -0.040037 1.533013 -0.309845 0.785127 0.843951 -0.283686
1.316345 1.386786 0.438233 0.665900 0.783603 0.336263 0.290038 0.393991 0.596081 -0.950105 -1.218176 0.396320 -0.630232 -1.570475 0.971344 1.395102 1.557161 0.187008 0.625932 1.369868
-0.641416 -0.218154 -0.333128 -0.525161 -0.534034 1.296257 0.223524 -1.483979 1.451927 -0.947531 1.253058 -0.090243 1.176011 1.134769 0.430143 0.508535 0.422629 -2.013825 0.118330 -1.116064
0.171187 0.580828 0.103437 0.149527 -0.096113 -0.004143 0.184769 -0.247916 0.569876 -0.676054 0.993740 -0.253087 -0.419847 0.021713 -0.591147 0.328682 -0.537363 0.468524 1.216007 -0.719322
-0.130575 -0.259856 -0.138354 -0.123635 0.029115 1.083262 -0.605990 -0.942775 -0.307577 -0.967752 0.564498 -1.161751 2.333016 1.295928 0.012576 0.867394 -1.636802 2.523373 -0.590215 -0.120497
-1.855933 -1.342103 -1.463204 -1.496215 -0.682595 -1.077744 -0.804362 0.225788 -1.281491 -0.748812 0.663273 2.602480 0.477589 -0.917262 -0.367114 0.031589 -0.349425 0.903058 0.217473 0.907852
-0.314444 -0.533442 -0.194074 0.198191 -0.482563 -1.824978 -0.738739 -0.627028 2.508306 1.806859 1.493928 -0.330659 2.426178 0.368352 0.977263 0.179695 -0.049467 -0.251779 -0.209640 0.608492
0.367200 0.051827 0.409985 0.542124 0.375229 0.717739 1.146963 -0.064871 0.207920 0.985948 1.491166 -0.300536 0.266976 1.678574 -2.124027 -0.690013 1.465836 1.092538 0.522445 -0.448597
-0.881818 -0.895338 0.099921 -0.520659 -0.603788 -0.753708 0.842774 -0.538726 -0.097594 -1.683382 -1.613368 0.007673 -1.325157 2.105087 -2.061523 -0.800175 0.016701 -0.365133 -1.104145 -0.957928
-0.990654 -1.085475 -0.659758 -0.813324 -0.492869 0.506976 1.113862 -2.799964 -0.304458 1.307135 -0.571736 1.762473 1.483890 -0.469131 -0.503164 -1.013606 -0.629594 -1.232589 0.428811 -1.456046
0.603733 0.832370 0.875955 0.741896 0.631651 0.749698 -0.758665 0.622379 1.126393 -0.098608 2.001922 0.044065 1.140786 0.293009 0.585522 -1.671332 0.371054 -0.734975 -0.846398 1.744103
-0.213770 -0.777227 -0.042313 -0.288980 -0.088015 -0.695681 0.529300 1.356107 -0.500153 0.532022 -1.030086 2.445770 0.936380 -0.192606 -0.772834 -0.113997 -0.339984 1.952945 -1.225535 0.134801
-0.018338 0.398205 -0.042695 0.458281 -0.024783 0.608984 0.418912 -3.033989 0.299795 -1.655639 0.646320 1.474497 -0.926239 -0.261781 -0.599356 1.235432 0.095028 1.728329 0.413754 0.242450
0.068207 0.421562 0.092309 0.081111 -0.082590 0.725419 -0.187702 -1.038734 0.007351 -1.082841 -1.925262 0.727122 0.579062 0.467091 1.302928 -0.665032 -1.431114 -0.070030 -0.347500 -0.842296
-0.079849 0.094043 -0.422415 0.313040 -0.285383 0.231648 -0.656035 1.111631 1.603866 0.679381 -1.551026 1.505196 1.575720 0.018791 1.322926 -0.551675 -1.866246 -0.760284 1.729301 -1.491080
-0.000479 -0.334687 0.091423 -0.034481 -0.029389 -0.562162 -1.422058 0.215032 1.073367 0.869573 -0.809735 -1.251228 -0.284188 1.567792 0.645598 0.703965 0.889857 0.420767 0.120609 0.662307
-0.546166 -0.856969 -0.979936 -0.360856 -0.767693 0.821921 1.680766 -0.002246 -0.818002 0.123019 -0.550534 -0.616730 0.433184 -1.603729 -1.443929 0.019291 -0.022309 0.343555 1.875225 0.104514
0.598172 0.254199 0.159921 0.786347 0.240564 -0.108849 1.032974 -1.309977 -2.283239 -0.213433 0.468531 0.152269 1.232204 0.437373 -0.563848 -2.325420 -0.237312 1.027959 -0.392048 0.028320
0.421360 0.482488 0.327905 0.953130 0.627008 -1.129064 -0.066601 -2.224384 0.336903 0.452274 1.675636 -0.193995 0.408485 -0.861288 -0.356427 -1.525185 -0.194790 -0.305309 0.299200 -0.623597
0.083345 0.059261 0.416536 0.526452 0.087895 0.761174 -0.120643 -0.349885 -0.180807 -0.714664 -0.359911 2.031159 -0.912679 -0.278656 -0.387489 -0.247172 -0.331239 0.279240 -1.710175 1.037171
0.632583 0.129758 0.871995 0.705948 0.710607 2.580292 0.543257 -1.807590 -0.689656 -0.053212 0.253684 -1.314749 -0.134990 -0.717639 -1.103759 0.259596 0.773877 0.841041 0.574386 -0.497370
0.714550 0.844646 0.429221 0.676970 0.941078 0.073887 2.439874 0.301242 -0.611189 -0.832389 -0.491767 2.177293 -0.399257 0.906871 -0.375928 0.261185 0.791745 -0.571903 -0.641112 1.658870
0.984593 1.194530 0.735930 0.537130 0.636106 0.043908 0.577262 -1.450913 -0.824961 -1.200819 1.274064 -2.552540 -0.402310 -2.993707 -0.831288 -0.490949 1.384871 0.396628 -0.833142 1.065964
0.017832 -0.055497 0.307791 0.101052 0.074680 0.046461 0.077886 1.544093 0.385055 -2.707566 0.262642 -1.450016 -0.965971 -0.812169 -0.663338 -1.375149 0.203482 -1.410802 0.356668 2.236971
-1.329359 -0.897750 -1.329399 -1.204466 -1.021105 0.720639 0.077364 0.889263 2.546055 1.712305 -0.522521 -1.451104 -0.406151 -0.946983 0.451348 -1.181194 -0.072822 0.838014 -0.100696 -0.946314
1.174814 0.369715 0.943794 0.935104 0.578588 0.180496 0.610440 -0.035407 -0.368058 -0.407589 -0.611516 0.787543 -0.646528 0.846771 0.018999 -0.521255 0.618407 -0.727454 0.638184 0.212726
-0.596325 -0.541743 -0.665795 -0.285412 -0.703318 0.491274 -1.127591 2.448587 -1.403616 0.949263 0.431284 -1.174142 -0.124301 -0.078753 1.305583 -0.713311 -0.261945 -2.336070 1.734763 -1.070468
0.326911 0.381970 0.177290 -0.359416 0.481783 0.251494 0.655078 0.328892 1.017531 -0.462916 1.075391 1.110500 1.082537 -0.660148 -0.168338 0.239467 -1.370842 1.594920 -0.012277 0.283928
-0.577004 -0.297446 -0.541610 -0.392282 -0.341315 0.161792 0.346724 -0.337026 0.496249 1.482833 0.704789 0.809542 0.294016 -1.503155 -1.044667 0.454876 -0.010939 0.439843 1.676423 0.726036
1.258886 0.728920 1.011828 1.005683 1.435201 1.558295 0.790391 0.520512 1.235943 -2.020056 0.588138 -1.310646 -0.007256 -0.311708 0.661737 0.228187 1.345117 -0.601897 0.709114 0.162223
-1.635290 -1.226976 -0.979612 -1.169816 -0.853088 -1.167501 -0.140316 2.017806 0.111223 -0.327326 0.491740 0.763393 -0.456168 0.502575 -0.328889 0.719328 0.169693 0.481968 -0.759184 -0.821286
0.945497 0.527685 0.929172 0.769263 0.442484 -0.607810 -0.135601 0.785993 1.172968 -0.523759 1.959684 0.313242 -1.042928 0.369052 -0.382999 0.434068 -0.042856 0.074274 -0.911593 0.990061
-1.156127 -0.892829 -0.704830 -1.211806 -0.557187 0.700972 1.073340 0.814684 -0.311208 -1.091047 -2.207548 -0.262840 1.178087 -1.124166 0.700210 -0.950153 0.106073 0.707792 -0.659495 0.170485
-0.415091 -0.163593 -0.239068 -0.523323 -0.382087 0.662306 -0.690352 -0.085864 -0.075899 0.080320 2.524509 0.370852 -2.035903 -0.542799 -1.932372 -0.329798 -1.987310 -0.871590 -1.520722 0.384160
0.000539 -0.589884 0.556585 0.310859 0.365435 1.922225 0.409213 -0.425925 -1.428067 -0.908067 0.453040 1.073118 0.260866 0.799887 0.707678 0.506534 -0.658474 0.173924 -0.848378 0.017429
0.330864 0.209300 -0.225703 0.231776 0.085704 0.758848 0.832945 0.587695 1.298334 -1.087478 -1.385927 -0.006334 -2.161162 1.230646 1.220715 -0.433351 -0.370771 -0.072347 0.052021 0.127174
0.558232 0.495755 0.899445 0.492726 0.075035 1.335113 -1.358257 -0.092166 0.966917 -0.723073 0.309556 0.543340 -0.860524 -0.072478 -0.156504 -0.551738 2.301675 -0.763106 1.004930 -0.392801
-1.086636 -0.931791 -0.847592 -0.924602 -0.999372 2.945246 0.250514 -0.663092 0.452874 -0.266213 0.925966 -1.297164 2.368335 0.856048 -1.684004 -0.709029 0.816081 1.176344 -1.272238 0.713026
-1.947340 -1.506938 -1.191870 -1.357290 -1.586537 0.146215 -0.604719 0.629558 -0.885326 -0.772637 -2.021002 0.169945 -0.160905 -1.188385 0.193799 1.027070 -0.215568 0.268167 0.273311 -1.204330
2.056586 1.304492 1.341912 0.749006 1.187535 0.606795 0.245819 -1.417640 -0.332273 -0.612551 -0.461745 -1.304003 1.126434 1.601993 0.978003 1.270529 -0.344635 -0.636257 -0.778587 0.644065
0.227063 0.015229 -0.051818 0.412748 -0.012838 -0.680909 0.681993 1.041733 0.551680 1.896889 1.635007 0.441036 -0.838581 -1.309988 -0.387382 0.753213 1.826647 0.417447 1.168723 -0.245307
0.622769 0.437704 0.581312 0.978318 0.692946 0.274468 -1.196515 -2.430122 -0.365781 -0.071586 -0.883923 0.143085 0.506387 0.670687 -2.355919 -1.314285 -0.304623 0.572173 0.489234 0.471870
-0.383418 -0.229692 0.044246 -0.587898 0.270421 0.850036 0.207853 -0.045044 -0.656710 -1.355542 -0.647653 -0.330007 -2.369024 -0.197355 0.924357 0.567218 -0.496206 0.046936 -0.556165 0.148761
1.540108 0.447921 1.219978 0.795976 0.679019 -1.686877 -0.252353 0.583711 0.740421 0.669884 0.294831 -0.195725 0.537976 -0.952861 -0.844677 0.061735 0.173198 -1.825615 0.455146 0.772728
-0.077285 0.141764 -0.216734 0.078164 0.324954 -0.076188 -0.328725 -1.406811 -0.546548 -0.097621 1.228572 2.202243 1.335474 -0.775379 -0.695810 -0.159329 1.784559 -0.165424 -1.327507 -0.501177
0.757056 0.442940 1.613344 0.972103 0.386628 0.103829 0.860685 -0.832863 -0.836339 -1.866448 1.589896 -0.720154 0.241043 0.603917 1.512068 -0.153898 -0.539430 0.173068 1.284080 -0.170173
-0.954869 -0.088519 -0.308836 -0.669038 -0.564044 -0.607521 -0.715967 0.085046 -0.239455 -0.273132 1.349324 1.538016 -1.610022 0.327593 -0.776862 -0.248251 0.309278 -0.212720 0.230460 0.672970
0.294577 -0.151291 0.486206 -0.162592 -0.290040 1.962068 -0.792004 -1.193379 0.319928 -0.110365 -0.195593 1.409046 0.549127 -0.529993 -0.424476 -0.502587 0.874740 -0.308148 -1.793154 -0.048320
-1.537026 -1.336113 -1.181807 -1.138503 -0.918708 -0.288658 -0.290030 0.421827 1.526216 0.767509 1.478514 -1.046619 0.317363 0.155246 0.351091 1.376232 -0.220789 -0.405503 0.533981 -1.778203
-0.236852 -0.226669 -0.353346 -0.474776 -0.767390 -0.135873 0.293157 1.353452 -0.010556 0.936154 0.700595 0.123458 -1.089513 -1.434581 0.106505 -0.542697 0.919261 0.745857 -0.184611 -1.157713
0.510736 0.481483 0.273563 0.156861 0.451695 1.170192 -0.005041 -0.443219 -1.525615 0.552125 -0.780405 0.117518 -0.354219 0.838177 -0.157236 -0.058926 0.485747 2.106940 0.888447 -0.088606
0.003198 -0.582992 0.326661 -0.088974 0.079415 0.653368 -1.071195 1.333211 0.752046 0.020502 0.000319 -0.557281 0.270084 1.088092 -0.703156 -1.533392 0.703218 0.324366 -1.120199 -0.733391
-0.859104 -0.850103 -0.898554 -0.880170 -0.544071 -0.758164 -0.228784 0.167692 -0.316297 1.158667 0.508088 -1.590846 0.523728 0.605544 -0.434735 -1.495198 0.008067 -0.007709 -1.121646 -1.451219
-0.087554 0.116109 -0.381749 -0.294659 -0.281761 -0.434821 0.533325 -0.349970 -1.671972 -0.472692 -1.070158 0.267136 0.318837 -1.658775 0.759013 -1.112186 1.559182 -0.048776 -1.246393 -1.141986
0.348095 -0.040770 0.405531 0.266027 0.408525 0.059963 1.419844 0.270513 -1.606603 0.505389 -1.163003 1.406808 -0.822868 2.969510 1.467376 -0.796613 0.020014 0.753644 0.783660 0.442336
1.252159 1.287519 0.972270 0.941022 0.993836 0.365181 0.291284 0.795234 -2.051052 0.310069 0.218569 1.668808 -1.528588 1.557187 0.075409 0.488990 1.675919 0.560761 0.400368 0.242291
-0.483478 -0.474600 -0.569529 -0.765629 -0.401421 0.429040 -0.121737 -0.336204 0.219758 -1.433564 1.929270 -0.102767 -0.145844 -0.965396 0.023946 1.386960 1.035916 0.854438 0.546399 -0.358543
-1.450163 -1.284926 -1.342475 -0.896200 -0.813559 1.612312 1.197489 -0.456496 -1.795129 1.385575 1.359385 -1.366212 1.509240 0.382117 0.160685 1.614783 1.344685 0.651331 0.473217 0.616394
-0.400057 -0.096967 0.151329 -0.394620 -0.308721 -0.635305 0.136747 -0.323981 0.502235 -1.622321 -0.113355 0.131552 -0.310629 -0.172393 -1.585246 0.356477 0.647606 0.493537 1.038727 0.201530
0.478681 0.817362 0.442178 0.551155 0.493710 1.586900 -2.460436 -0.140178 1.172275 -0.093261 -0.405011 0.129422 -0.353120 0.030849 -0.683381 1.108674 1.423265 -0.133390 -1.386489 -0.523843
-0.183989 -0.003873 -0.537853 0.105357 -0.166556 0.938909 -0.621594 -1.333217 3.284118 0.783304 -0.267004 0.869031 -0.124457 0.867157 0.159393 0.091272 -0.113582 -1.447381 1.938095 -0.941534
-1.360024 -0.573888 -1.340104 -1.115379 -0.887006 0.995303 0.814731 -0.305632 0.049592 0.407879 -1.757787 0.570585 -1.457299 2.040347 -0.404515 -0.184875 -0.769707 -0.629970 2.274094 0.940370
-1.549202 -0.581451 -1.192895 -0.900197 -0.912025 -0.014944 1.972580 -0.796290 0.146011 -0.428145 -1.433040 2.191638 -1.181567 0.220129 -1.740701 -0.399071 0.421969 -0.824734 0.586802 -0.269041
1.160083 0.535500 1.031910 0.560971 0.692684 0.619349 0.014382 0.190211 -0.243406 0.115240 1.297940 0.646083 0.701256 0.723070 -0.153809 0.318827 -1.085174 1.268808 -2.782960 -0.087148
1.140896 1.080145 0.977130 1.195756 0.428476 0.945941 0.198057 -2.034356 -0.976426 0.975336 0.448943 1.748136 1.682648 -0.342245 2.503238 0.024480 -0.962669 -0.633640 -2.256725 1.607019
1.594762 0.659292 1.455837 0.876593 1.199157 -1.755102 -0.210358 -0.321079 -0.388411 0.222716 1.429520 -0.303093 0.170443 0.726871 0.554143 -0.614424 0.096377 0.547540 -1.128351 1.263539
1.431589 1.129583 0.555007 1.107937 1.358930 0.481614 0.163256 -1.467918 0.459161 -1.100142 0.939203 -0.671211 -0.161285 1.372279 0.496382 -1.079474 -1.014917 -0.599303 0.394644 0.358300
-0.843102 -0.611567 -0.523018 -0.646454 -0.500426 0.036604 1.814253 -1.170384 -1.573213 -1.120085 1.189130 1.756102 -0.782179 -0.460566 -1.168981 -1.811640 0.718412 0.223020 0.010488 -1.400057
1.639957 1.520855 1.575743 0.842901 1.243412 0.291374 0.327075 0.154649 0.494522 -1.130520 0.197373 0.113758 0.231673 0.072345 -1.273213 -1.317800 -2.214268 0.817535 0.827658 0.843550
0.306790 0.566428 0.614593 0.485028 0.202100 -0.222748 0.368917 0.011652 0.120770 -0.639065 0.982011 -0.430772 -1.330649 -0.770999 -0.348466 0.994003 -0.042268 -0.186148 -1.248663 0.785483
-0.651952 -0.285432 -0.348694 -0.640606 -0.234631 -1.769510 -0.064310 -1.212741 0.648547 0.042263 0.165385 -0.706743 1.741384 2.842594 -0.278585 0.353039 0.097417 -0.259687 -0.832070 -1.084968
-1.135597 -0.705390 -0.090513 -1.304940 -0.850699 -0.038261 1.346673 0.373122 -1.478674 -2.229677 -0.719472 -0.625107 0.943159 -0.008871 1.133688 -1.324833 0.965264 0.720989 -2.018234 1.322618
0.093458 0.217932 0.248206 -0.799183 -0.070749 0.832092 0.820607 -0.974167 1.983374 0.231528 0.653893 -1.527121 2.117730 -1.224557 1.024886 -0.994772 -0.618989 0.788754 1.027553 -1.271284
1.090472 0.781862 1.076155 0.500817 1.094920 -0.624773 0.479003 -0.853566 0.263819 0.241076 -0.187074 0.832401 -0.228361 0.231541 1.146472 0.790686 0.786017 -1.149180 0.524793 -0.878499
-1.281415 -0.915349 -0.883656 -0.484218 -1.056152 -1.902626 -0.828303 -1.459787 -0.462629 0.455176 -0.242288 -0.589759 1.300177 -2.304857 1.236872 -0.544288 -0.078109 -0.527363 1.542888 -1.230978
0.011736 0.440989 -0.226077 0.385537 0.275057 -0.886665 -0.815592 -0.349863 0.649581 -0.342718 1.078426 -0.997758 -1.251922 1.926345 -0.657958 -1.310912 -1.742054 1.075103 -0.341305 -0.253710
-0.159202 0.357426 -0.374004 -0.327021 0.220339 1.061785 0.805240 -0.036447 -0.586971 0.331964 0.510099 -0.572586 0.166339 1.236205 2.069948 0.854369 1.862760 -0.629374 0.701882 1.338520
-0.896333 -0.669931 -0.572949 -0.739770 -0.457388 1.527982 1.196763 0.432120 -0.045711 -0.438525 0.281949 1.579807 0.238566 2.166959 -0.897942 -0.019681 -0.373059 -1.085142 -0.153084 0.417329
0.524230 0.438252 0.303511 0.227487 -0.007810 1.678056 2.398449 0.531085 -0.992659 -0.548805 0.281934 0.456498 0.698425 0.460198 0.006985 -0.636198 0.401138 1.854987 1.019929 0.534704
1.029567 0.745193 0.190121 0.320667 0.728843 -0.422006 1.208275 -0.475323 -0.802722 1.942577 -0.451375 0.153528 0.451323 -1.136693 1.235484 0.637119 1.558384 -0.679222 0.099126 0.039356
0.263888 -0.298788 -0.123016 -0.099928 0.124122 -2.128649 -1.851587 0.818549 -0.546838 -0.987858 1.270846 0.327626 0.872090 -0.166242 2.679629 -0.604514 1.744496 -0.061366 -1.654510 0.482849
0.314763 0.119403 0.124813 0.514679 0.071534 -2.470663 1.053121 -0.494498 -1.331747 0.941067 -0.023618 1.216166 0.437952 -0.001515 -0.152730 0.482713 -0.413531 -0.852573 0.609909 -0.144488
0.033568 0.503409 0.241681 0.174664 0.066323 0.430740 0.349828 0.900775 -0.579129 -0.457817 0.792137 0.252213 -0.906218 1.306554 -1.698451 0.784285 -1.265212 1.885789 -1.544600 1.152251
-0.081634 -0.282077 -0.061966 0.024783 0.173618 -0.815788 0.649605 -1.707343 -0.584229 3.040687 -0.968013 1.147803 -0.585951 0.509045 0.654356 1.128957 -0.200254 1.988885 -0.589337 0.234220
0.245277 0.806057 0.150075 -0.228850 0.034128 2.440924 -0.838624 1.179424 0.856460 -0.013862 -0.865209 -0.768255 -0.517967 -1.785741 -1.003465 -1.482477 1.345875 0.618462 0.785974 0.588832
0.166968 0.468515 -0.179196 0.147088 0.065463 -1.321209 3.096589 0.028566 0.141989 1.256878 0.914955 0.038078 0.130129 -1.504149 -0.556466 0.517210 0.443893 1.221166 -0.120501 -1.387287
1.056730 0.860161 0.746661 0.048558 0.667394 3.428910 0.115152 -1.311737 -0.586285 0.625476 -1.604804 0.169403 0.380337 1.535122 1.310195 0.864585 -2.162679 0.921053 0.705513 0.255944
-1.730222 -1.042903 -0.815425 -0.958315 -0.861994 -0.797822 2.625306 -0.168772 1.293753 -1.569099 -0.530090 0.096898 -0.908154 -0.422201 -0.217951 -0.233908 1.855119 0.378226 0.479511 0.539655
0.612626 0.153676 0.475511 0.506411 0.351708 1.126238 -0.240398 0.767844 -0.194585 0.033871 -0.473523 -0.181645 1.341330 0.092421 0.135283 -1.447218 -0.309244 -0.241315 -0.829143 0.021665
-0.429182 -0.379996 -0.752622 -0.703997 -0.670749 0.077374 1.184299 0.256719 -0.661935 0.399005 1.707549 0.916706 0.547527 0.725590 1.439954 1.075627 0.566760 1.068642 -1.081651 -1.502265
0.157099 0.542389 -0.265488 0.594897 -0.362061 -0.534772 -0.484956 -1.636302 1.494731 -1.359201 -0.588340 0.907980 0.646045 -1.108175 0.682489 0.289784 2.333036 0.403940 -0.141242 -0.856502
-0.744243 -0.705329 -0.344334 -1.059820 -0.412151 1.514248 -2.358464 1.278874 0.055397 0.435048 -0.828403 -0.755124 0.488846 2.384598 1.003313 1.265523 -0.192001 -0.600204 -0.780805 -0.488274
-2.052782 -1.118608 -1.504242 -1.277856 -1.665152 0.362451 -0.014925 -0.581443 -1.963359 -0.575309 -0.972451 0.466067 0.909287 0.938571 0.756953 -0.133526 -0.521956 -0.747103 -1.507499 0.991854
-0.174711 -0.535410 -0.144672 0.044254 0.078320 1.067468 -0.347990 -2.252534 -0.189180 -0.156194 -0.224920 -0.627461 0.217439 0.066141 -0.024830 0.412641 -0.429833 -0.486586 1.380123 0.559355
0.826946 0.219415 0.395042 0.206961 0.179496 0.204154 -0.182718 1.677684 0.927646 -0.630445 0.372794 0.167681 0.454331 -1.018842 0.360016 -0.228151 0.282450 -0.724385 -0.585063 1.173842
-1.051548 -0.165668 -0.585060 -0.747438 -0.897757 0.105076 -1.505066 -1.007962 2.054096 0.459475 -0.746563 0.418215 0.567330 0.994414 -0.127156 0.976498 -2.038447 -1.056308 0.163871 0.329634
-0.911782 -0.641799 -0.728523 -1.129296 -1.037418 0.908937 -0.997060 -1.057251 -0.411173 -0.026746 -0.657898 1.040642 0.347390 0.406085 -1.266539 1.167291 -2.820169 0.834055 0.934312 -0.432401
1.272910 0.729487 0.835053 0.037125 1.021420 1.344434 0.701131 -0.912804 0.143590 -0.813124 0.822111 0.140467 -1.124522 0.081125 -0.849417 0.151216 -0.859077 0.027488 0.750470 -0.053052
-0.390888 0.135200 -0.528989 -0.593985 -0.078968 1.317541 0.573657 0.057754 0.639738 0.452496 0.753601 -2.023932 -1.553456 1.004829 -1.505279 0.401539 -0.352050 -0.996189 0.349650 0.201034
2.110343 1.850986 1.753747 1.292252 1.578827 0.799246 0.565739 0.035843 0.266295 -0.596987 -0.825787 0.759442 -0.223939 -0.080083 0.279822 0.265288 -1.429326 1.286252 0.121182 -0.202653
0.430846 0.577819 0.235252 0.494869 -0.024189 1.350994 0.883625 -0.160486 -1.122901 1.667798 -0.237723 -0.473107 -1.736727 0.338473 0.148887 -1.515115 0.453274 -0.498192 2.690315 -0.569361
-0.435193 -0.475605 -0.122271 -0.284413 -0.528364 0.706955 -1.380353 0.625111 1.781400 0.566608 0.637898 0.870060 1.709708 1.209894 0.439670 0.903891 -0.885935 0.776294 -1.005556 -0.367022
-3.082562 -2.243869 -2.515871 -2.129730 -2.087499 1.124096 -1.083597 1.038386 2.105856 0.764158 0.790349 0.169598 -0.524669 0.761192 -1.506083 -0.417755 -1.771057 -0.703656 0.642045 0.505393
0.050914 0.129128 0.555805 -0.268687 -0.470683 -0.659060 0.599579 -0.860507 -0.604681 -2.087069 -0.294123 -1.087838 0.079203 -0.951108 0.104542 -0.144686 1.672042 0.497218 -1.839638 -1.264889
0.055208 0.246965 0.421858 -0.120358 -0.033695 0.520977 -0.607323 0.427677 -0.704360 0.204857 -0.920583 1.516288 -1.570237 1.232284 0.038916 -0.489467 0.167003 0.733348 1.366747 0.313143
-0.890696 -0.776032 -1.196427 -0.902465 -0.168416 0.795687 0.699450 1.158755 -0.456629 -1.355086 0.069004 -0.817582 -1.055021 -0.720279 2.485314 0.136125 0.361908 -1.222363 -1.843753 -0.819053
1.438196 1.057958 0.766156 0.639245 0.952750 1.387966 -0.632808 1.406232 0.442302 -1.789045 -0.748009 -1.784939 1.163282 -0.024735 -2.228342 0.375747 -0.537164 -1.483806 1.677966 0.107286
-0.293431 -0.125185 -0.062112 -0.383512 -0.651965 -0.473883 0.022068 -2.044330 -1.318092 0.609813 0.377712 1.753375 1.342956 -0.230711 0.472954 -0.316603 2.054810 1.149015 0.169685 0.200395
1.444850 1.397426 0.615477 1.033749 0.829172 -0.515435 1.756378 1.546399 0.032836 1.535631 1.783115 0.074407 2.471934 -0.031341 -0.214521 0.865873 -0.353791 0.085340 1.409434 0.019219
-1.695018 -0.960173 -1.225991 -1.358304 -1.375720 1.471400 0.907532 1.090244 -0.669097 0.803986 1.968451 -0.688650 1.799738 -0.549350 -0.851971 0.296200 0.715910 0.911750 -0.961762 0.434540
-0.685555 -0.931929 -0.351899 -0.576939 0.162204 1.152214 -1.473207 0.351961 -1.176698 0.629085 -0.622731 -1.051329 0.799665 -0.586923 -0.315964 -2.219989 0.946551 0.820909 0.005458 -1.527581
1.209369 0.782469 0.791141 1.055033 1.346262 0.742210 0.562092 0.390172 0.282001 0.376389 0.271941 -0.051918 1.511283 -1.312661 1.021458 0.822342 0.698399 1.116979 -0.092599 -1.868974
-0.072293 -0.329240 0.111047 -0.200831 0.168676 -0.596624 -2.377570 0.700222 2.220322 0.606237 -0.202924 -0.054746 -0.420986 0.090042 -0.037008 -0.841048 1.682888 -1.487154 0.718332 -0.101198
1.900832 1.501008 1.122583 0.930392 1.227659 -1.142791 -0.766870 -1.784944 -0.922977 0.093906 0.300175 -1.979330 -0.137212 0.563410 -0.162912 -0.633789 -0.412161 -0.540763 -0.636731 0.173824
2.307688 1.892328 0.942127 1.784418 1.975571 1.098236 -2.370885 -0.531059 0.818314 -0.294094 -0.820839 0.440757 0.906343 0.210635 -0.801220 0.456203 -0.402049 0.745187 1.483259 -2.605577
0.111067 0.108214 0.372382 0.157502 -0.262291 -0.035317 -0.803085 -0.922053 1.585679 0.955938 1.943584 0.055453 0.287920 -0.267192 -0.287082 -1.041887 0.084010 -0.789247 0.441909 0.170010
0.287682 0.120939 0.494122 0.299975 0.524350 1.306617 1.153170 -0.306688 0.229643 -1.318276 0.498914 0.274460 0.023385 1.027195 -1.207775 1.634863 0.901765 -0.070634 -0.148730 0.480611
1.520851 1.085347 1.815687 1.252347 1.342988 -0.368883 -0.029508 1.463436 0.147011 1.137059 -0.911280 -0.205293 1.484434 -0.676340 -0.151299 0.256685 -0.989155 -0.413810 0.112637 0.046682
1.280352 0.958922 0.234090 1.033239 0.850843 1.516347 0.718490 0.290913 0.666543 0.673769 -0.927714 0.192799 1.459161 -0.207357 0.129447 -0.242516 -2.313859 0.020590 0.301792 -0.512493
-1.154637 -1.000276 -0.582996 -0.799627 -0.466490 -1.344346 0.854627 -0.663162 -0.582267 -0.461976 0.706067 0.959253 -0.098031 -0.081071 0.464264 0.567995 1.176226 -1.284372 0.020027 -1.068024
-0.050942 -0.401273 -0.626264 0.681776 -0.169826 -2.094438 -0.131180 -0.431001 -0.675938 1.322548 -0.859438 1.416834 1.623844 -1.950900 0.092381 -0.399696 -2.911804 -1.444641 0.774936 2.019199
0.902678 0.016833 1.158823 0.246384 0.252349 -0.586843 -1.999987 -2.098187 1.321881 -0.047059 0.183242 -1.790651 -0.753189 -0.295481 0.207838 -0.398592 -1.037326 -0.784567 1.208323 0.244785
0.612157 0.808664 0.574870 0.252585 0.721899 0.349012 3.285724 0.695166 2.735960 0.568770 -0.629886 0.347916 1.780639 1.829563 -0.575337 0.253184 -1.429267 0.824669 1.553355 0.039799
-0.667384 -0.318259 -0.752747 -0.176969 -0.492742 -0.173815 0.995955 0.736227 -0.983103 -1.010591 -0.254374 0.736837 0.148057 -0.643150 0.261519 -0.330811 0.880486 0.333058 -0.315278 0.231519
1.315048 1.029287 1.154600 0.963310 1.101068 -0.654565 0.110335 1.107823 -0.937007 -1.329405 -1.291456 -1.170663 0.595323 -1.405860 -0.297895 0.618289 0.416659 -0.385559 0.190924 0.107145
-0.224241 0.222591 -0.322882 0.070408 0.389297 -0.496963 -0.084967 -1.332126 -0.809567 1.901913 -0.522034 1.919281 -1.243362 -1.053469 -0.341231 -0.063750 0.923087 0.450770 -0.416315 -0.133316
-0.319063 -0.599984 -0.133219 -0.172417 -0.440020 1.617359 -0.342994 -0.772509 0.739759 1.485217 1.117632 0.501852 1.086863 -1.716498 -0.521831 -0.911170 1.224639 -0.383478 0.845407 0.535857
-0.862307 -1.124304 -0.541827 -0.191398 -0.646629 -0.782541 -0.313952 -0.046162 -0.782867 -0.960447 0.286273 -0.844737 -0.810658 -0.939053 -0.077908 0.943702 1.506529 -0.725918 2.150311 -1.004705
1.083549 0.873754 1.281734 0.456231 1.229374 0.579972 0.669868 -0.943985 -0.989659 -0.916639 -0.111354 -0.210156 -0.950175 0.269604 2.262569 -0.504715 -0.433512 0.559662 -0.558816 0.668964
-0.718543 -0.414998 0.041498 -0.100242 -0.302360 -0.513800 1.372750 -1.268751 -0.667942 -0.561661 -0.015688 -0.271110 -1.491228 -0.399823 -0.099551 -0.628098 0.686775 0.919408 -0.078387 0.230542
-2.161056 -2.032131 -1.691919 -1.161440 -1.722674 2.277689 1.819077 0.467575 1.138911 -2.225935 -0.787551 -0.469958 -0.235980 -0.489944 -2.550026 0.386025 0.543654 1.601899 -0.788309 -0.870163
-2.679984 -1.768133 -1.558557 -2.239076 -2.162494 -0.256595 0.146992 -1.363103 0.287220 -1.979320 0.693698 0.724428 1.359291 -1.019969 0.160562 0.563817 0.442282 -0.865299 -2.391982 0.346960
-0.152500 -0.226817 -0.000298 0.082450 -0.265174 -1.931452 -1.128963 2.393012 0.722777 0.188612 -0.181661 -0.247393 1.167196 -0.490596 0.576920 -0.348428 1.940157 0.742289 1.245557 -0.584410
1.058136 0.498569 0.316891 0.727783 0.519171 0.203248 0.438005 0.520004 -0.450784 2.086264 -1.294932 1.458885 1.215066 1.900889 -1.588227 -0.868831 1.491943 -1.877039 -1.606459 -0.488308
0.191994 0.034369 -0.074473 -0.047579 0.205600 0.469596 0.441240 -0.177986 -1.955086 -0.917616 1.420271 0.187069 -0.322522 1.118169 -1.130117 -0.225348 0.137758 -0.441378 0.100763 -0.187694
-1.399343 -1.711999 -0.278696 -1.546126 -0.956010 -0.281023 -1.171483 -0.126988 -0.831971 0.594509 -0.147989 1.709763 1.162990 -0.153081 0.715609 -0.393236 0.033957 -0.361434 0.766456 1.432988
0.798648 0.381641 0.666410 0.255810 0.642825 1.700972 1.804411 -0.233880 -0.370698 0.612412 0.550813 -0.201946 -1.250026 0.305701 0.551437 0.725821 0.349293 -0.271115 0.994002 0.065848
-0.464923 -0.536734 -0.025512 -0.113012 -0.577690 0.339783 1.520664 -0.262975 0.487313 0.792740 2.342857 0.144765 -1.044187 0.847929 1.865727 -0.322549 0.841082 1.228728 1.017066 0.125559
-0.698474 -0.321801 -0.552545 -0.244779 -0.510182 -0.379908 0.555380 0.860085 0.379610 -0.836187 -0.181406 0.947821 -1.383018 -2.093178 1.508083 0.511415 0.606730 -1.076817 0.737528 0.275249
-1.584328 -1.156498 -1.271012 -1.172242 -1.725739 -2.015222 0.593337 0.261857 -0.194080 1.278485 -1.383859 -0.596772 -0.850008 -0.278795 0.067470 0.430014 -0.346973 -0.877356 1.686007 2.411640
0.143287 0.291961 0.108480 0.345396 0.143803 -0.696117 -1.159536 -0.280024 -0.864172 0.012654 0.027177 -0.621332 -0.370513 -0.230849 0.809846 -0.148429 0.824702 0.585813 0.571531 1.387846
-1.119391 -1.548435 -0.863405 -0.499996 -0.430941 -0.202968 0.134940 -2.617113 1.333936 -0.713712 0.328563 -0.225982 -1.288351 -1.070508 -0.935083 1.085672 -0.147538 -0.521866 -0.934609 1.196150
1.464201 0.773211 0.576965 1.071333 0.597517 -0.245819 -0.683860 -1.825512 1.057043 -0.695830 1.195942 0.881746 0.556718 0.612884 -0.615314 1.857850 0.043125 0.301932 -0.649076 -0.931165
0.477296 0.500906 0.033110 0.117407 0.479136 1.196134 -0.613254 -0.338909 1.450340 -1.122151 -0.726995 -0.768767 1.618068 1.993384 0.751563 0.783385 -0.580355 1.947328 0.267696 0.853110
-0.105525 -0.166527 0.138498 0.058449 -0.257172 0.255328 -0.848367 -0.583343 0.102965 -0.626500 -1.107461 1.201417 -0.544870 0.138193 0.296134 -0.588153 1.450799 -1.117142 0.261625 0.246118
-0.054255 0.215660 -0.152185 0.108117 0.202772 0.707487 0.374908 -1.280612 -0.853929 1.138281 0.309416 -0.564303 -0.858476 -0.515394 -0.444480 -0.845963 -1.741764 1.140013 0.970634 -1.273255
0.136311 -0.445963 0.103129 0.297601 0.143012 2.002947 -0.440326 -0.808264 -0.762581 1.043777 -1.652102 -0.762623 1.446823 0.243986 0.191922 2.132146 0.246348 -0.708186 -0.282077 -1.135432
1.255937 1.098489 0.949633 1.138777 1.000567 -0.944753 -0.051713 -0.872761 0.164957 1.132097 -0.168140 0.149995 -0.093846 0.802728 -0.667782 -2.196446 0.470869 0.987834 0.446374 -0.640230
-1.135012 -0.986250 -0.700593 -1.203158 -0.775061 -0.946800 1.775037 0.031784 -1.835570 -0.179203 0.959496 -0.365055 -1.474779 -0.164515 -0.857172 0.491814 0.773400 -1.056270 -0.705804 0.756642
-0.858844 -0.822050 -0.257217 -0.754170 -0.202691 -0.684046 0.005085 1.527132 -0.974060 -1.951743 0.455076 -0.110401 -0.710025 0.652080 0.839225 -2.208278 -0.652598 2.317516 0.583405 0.676104
1.172894 1.118340 0.491417 0.251440 0.925249 -0.322012 0.172059 -0.588362 0.012814 -1.168491 -0.790624 -0.282312 -0.943705 -0.505017 -0.163926 0.402262 0.949257 -0.463784 1.335105 0.938611
0.504094 0.701436 0.523941 0.576964 0.141239 1.334947 0.041327 0.554967 1.343547 -0.623716 -0.318417 0.016037 0.899599 0.915172 -0.230864 -1.508609 0.246184 -0.918316 -1.489936 -1.263872
0.326381 0.538877 0.454975 0.164773 0.258081 -1.544455 0.520176 -0.011590 0.566057 -0.483484 -0.817937 0.140509 1.649191 0.860910 -0.507693 -1.340972 -1.682067 1.316099 -0.955082 -0.325513
1.321211 1.536440 1.220603 1.054092 0.814183 -0.247351 -0.722597 0.440820 -0.648132 -1.911642 -0.220563 -1.356545 0.204320 -1.187130 -0.488013 0.182588 -0.212459 0.250430 0.680287 -1.157934
-0.064398 0.334963 -0.468954 -0.487782 0.003642 0.315719 1.172698 -0.476018 -0.944814 0.165025 -1.335607 -0.660381 1.222402 0.062179 -1.879467 -1.796992 0.162086 0.862391 -1.617621 0.449713
1.330344 0.692609 1.007686 1.351535 0.805310 2.099753 -0.575490 -0.933471 -0.255206 1.511673 2.208046 0.125409 0.998084 0.043204 -1.037795 1.476744 -0.622127 1.535531 1.298541 0.614036
1.828975 1.322774 1.795105 0.921981 1.077239 2.244682 -0.439682 1.135037 -0.741255 1.538266 -0.700118 -1.191719 -0.208506 -0.531776 0.596300 -0.051395 0.627702 -0.291021 -0.665107 -0.583561
2.044939 1.323398 1.401721 1.663826 1.491239 1.845400 1.028699 -0.921718 2.418356 -0.031160 1.246330 -1.155008 -2.398163 -1.408431 -3.250333 2.112089 0.214533 -0.924644 0.452624 0.189334
0.620933 1.043380 0.579702 0.470038 0.451390 0.802333 0.100736 2.177554 -0.437822 -0.899858 0.418091 -0.674938 0.495517 -0.833008 -0.400242 1.890840 -0.405587 -0.798852 1.170679 -1.051042
-0.692943 -0.153599 -0.250942 -0.541893 -0.165874 0.596009 -0.466108 -0.605656 1.203213 -0.549554 0.278205 0.155579 -1.070754 0.966093 0.560281 -1.986291 0.277421 -0.772973 1.097075 -1.445400
-0.356477 -0.306198 -0.557175 -0.330582 -0.374021 1.651914 0.525145 1.359718 0.874240 -0.011610 -1.284198 -0.563553 1.589563 1.385438 -0.619600 -2.818304 -0.212690 -0.287703 -0.249773 0.528539
0.876213 0.876722 1.163496 0.421930 0.019093 2.304090 0.374217 0.367820 0.359486 0.415380 -2.383112 -0.239524 -0.037893 1.281495 0.047673 -1.646511 0.430089 -0.803825 -1.216786 -0.834159
0.542504 0.010093 0.529603 0.768312 0.270592 0.101327 0.696931 -2.418775 0.111088 -1.044925 1.162903 -0.147155 0.030948 -1.505072 1.016831 0.627328 0.556948 -0.813023 -0.773640 0.223599
-0.694498 -0.411070 -0.330298 -0.482365 -0.974078 0.439486 0.166794 1.985227 -2.335954 -0.815311 -0.401173 0.858351 0.875656 -0.866007 0.997954 -0.403315 1.211640 -1.032643 -0.123312 -0.490167
1.056030 0.457845 0.240613 0.358455 0.863923 0.886953 0.211125 -0.418249 -0.349699 0.025672 0.249592 -0.147172 0.019203 -1.517254 0.667355 0.181112 1.001870 0.000161 -1.738398 -0.358446
-0.199930 -0.646529 0.098412 -0.255139 -0.642120 -0.661488 0.074628 -0.627037 -0.729573 -0.408420 -0.710692 0.683618 -0.734952 -0.902910 1.767929 0.960740 -1.861513 -0.764768 0.242463 0.323755
-1.490493 -0.807984 -0.891422 -1.004843 -1.339856 0.452290 0.448581 1.557679 1.101220 -0.841507 0.633195 -0.664268 0.504155 0.476614 -1.383467 -0.121846 0.265257 -0.436290 0.314710 0.805898
-0.030593 0.251162 0.465842 0.247926 -0.130115 -0.958079 0.671026 0.330150 1.283739 0.046879 -1.816267 -1.700121 0.735681 -0.570194 0.436768 0.114233 -0.166840 -0.096361 -0.865390 -0.015778
-0.584493 -0.271982 -0.502525 -0.590531 0.054040 -0.129791 1.023702 1.537855 0.854945 0.534469 0.326832 0.865359 0.089361 0.984570 0.614106 -0.359840 0.895851 0.091480 -0.106132 -0.476199
0.166019 0.061323 -0.180084 -0.045120 -0.205654 1.271697 -0.149966 -1.115420 1.301130 -0.529778 -0.690338 -1.796198 0.571283 -1.621453 -0.750259 0.588237 0.721921 -0.651704 -0.134153 -0.872595
-0.548397 -0.763785 -0.588549 -0.376848 -0.380156 1.132956 0.510067 0.792905 1.290425 -0.825213 -0.358394 -1.894834 3.140423 -0.149585 1.038728 -1.238161 0.996388 1.857591 -0.060281 -1.010881
-0.138796 -0.445562 -0.248651 0.164870 0.076835 -0.284140 0.527568 0.604025 -1.659906 0.088823 2.435985 -1.335016 -0.085419 1.941746 1.104175 -0.513397 0.206135 -0.002112 -0.748072 -0.074252
-0.279966 -0.486760 -0.531630 -0.606603 0.249242 1.715118 0.082203 -0.331594 0.754086 -0.158320 1.868033 -0.003913 0.700497 -0.754604 0.503089 0.275093 -0.056506 -0.501758 -0.638030 0.282353
0.628939 0.370155 0.827305 0.591864 0.673596 -0.200445 0.017973 2.698040 0.311634 0.645297 0.438024 -0.262817 1.293989 -0.291164 1.055055 -0.334207 -0.959973 0.365396 -1.104668 0.535640
-1.194159 -0.513057 -0.437602 -0.975130 -0.507739 0.009814 1.143304 1.036386 0.851342 -0.317228 1.351089 0.913391 0.212300 0.240581 -0.303923 -0.909652 1.237151 1.312208 -0.884109 -0.153785
-0.143423 0.217725 -0.159134 -0.197726 0.158896 -0.846347 1.236620 -0.462645 -1.263035 -0.485130 -0.330053 1.554963 0.924826 1.147521 0.819974 0.946244 -0.688082 -0.198602 -0.989915 -0.210488
0.684105 -0.015697 0.361046 1.079346 0.116137 -1.248303 0.094176 0.740333 -0.214503 0.551127 -0.959732 -1.663690 0.557030 1.744010 -0.996045 1.222194 0.043423 -1.335692 -1.131505 0.015785
-0.404462 -0.491094 -0.827768 -0.342064 -0.175216 -0.006401 -0.501238 0.201887 1.040027 0.394127 -0.121309 0.928072 -0.959850 -0.224920 -0.201088 -1.236953 -0.419874 -2.074960 1.912178 -0.937414
1.586114 0.894232 1.319068 1.336688 1.364878 0.650490 0.664552 0.774773 -0.368333 -0.480360 -1.594176 0.523219 1.082379 1.615982 0.305173 -0.766480 -1.697096 1.041667 -1.796277 -0.340604
-0.224307 -0.916490 0.339017 0.058659 -0.443965 0.014656 -2.229576 0.732218 -0.555125 -2.157037 -0.814205 -0.570075 1.190700 0.196638 0.344445 1.181222 -0.096144 0.754188 0.683861 -1.286469
1.472984 1.200925 0.839930 0.677081 0.857161 1.861915 -0.212979 -0.256356 0.610440 -0.329396 1.818279 0.192192 -0.320170 -0.540286 -0.932948 -0.627755 -0.350673 -0.487639 -0.658175 2.098841
-1.030095 -0.794915 -0.756102 -1.274685 -0.962024 -0.240703 0.451547 0.266522 -0.258959 -1.561879 -0.467924 -1.146550 -0.667160 0.033223 0.358736 1.780453 -0.537406 0.774626 0.305960 1.295998
0.576229 0.369417 0.533648 0.649655 0.635147 -0.980314 -1.267578 0.160975 1.507708 -0.408672 0.590270 -0.102266 -1.289382 0.734811 -1.094692 0.021627 -0.341520 0.893077 -1.058151 0.390870
-0.839797 -0.184097 -0.070533 -0.912922 -0.608643 -0.767347 -1.124656 -0.495649 0.716880 -1.892085 -0.141584 1.770642 -1.133946 0.080385 2.203310 0.632152 0.125924 0.506636 -0.400865 1.299631
-0.399330 -0.253038 -0.219598 -0.778786 -0.375785 -0.259084 1.197423 0.695293 0.263265 -0.002945 -1.058858 -2.181175 0.113160 0.794641 -0.108334 -0.534854 0.464502 -0.083332 1.685744 1.232728
0.959508 0.542437 0.730285 0.979504 0.287155 0.606425 0.492609 0.452763 2.700866 -0.076186 0.936337 -0.470990 0.790642 0.939320 0.364426 1.669247 -0.884276 -0.487221 0.212380 0.880807
0.179430 0.297224 0.179396 -0.180227 0.105382 -0.077180 0.542864 -0.027402 -0.340020 -0.074938 0.028849 -0.304981 -0.203132 -0.403593 0.856665 0.194021 2.256752 0.160705 -0.550857 2.670675
0.413626 0.607200 -0.137971 0.057783 0.119262 -1.102085 0.367529 -1.324861 -0.174363 -0.725617 0.357470 0.334126 0.481146 0.287297 -0.606825 -0.261003 0.920396 1.067857 -1.146783 -1.530928
-0.726889 -0.419882 -0.942860 0.083489 -0.435821 1.834431 0.415311 1.421503 0.998727 -0.910199 -0.189981 0.034754 0.104133 0.916329 0.408685 -2.936201 -1.312840 -2.187381 0.175365 0.240488
0.283225 0.405014 -0.044141 -0.299663 -0.144633 -1.466038 -0.000132 1.791782 1.699743 0.563404 -0.729997 0.886843 -0.452424 -0.767507 -2.143967 0.102382 -0.629867 0.096430 -2.299358 0.169827
-2.431121 -1.745455 -1.397918 -2.078671 -1.648413 -0.978074 0.072376 0.794774 -3.094289 -0.447224 -0.022644 -0.196294 1.457102 -1.123901 -0.621159 -1.915869 1.510287 -0.246290 -0.438409 -0.052483
0.636236 0.420808 0.344758 0.307456 0.313680 -0.561357 -0.392759 -1.501837 0.039864 0.783468 -0.613364 -0.807380 1.515945 -1.426483 -2.067818 -1.152902 -1.540433 0.386226 -0.360705 -0.219687
1.152934 0.840960 0.648173 0.734977 0.432265 0.737023 -0.241818 0.924098 -1.571489 -1.645512 -0.391268 -0.888925 -0.516709 -0.219527 0.720014 -0.407661 -0.823861 -0.351513 -0.769145 -0.934006
-1.613017 -1.355048 -1.293264 -1.397235 -1.527297 -0.542084 1.812907 -0.939610 -0.236533 -1.215844 -1.348428 1.547311 0.171039 0.133679 -1.696316 0.358741 1.157422 1.149477 0.668333 -1.129486
0.313123 0.048768 0.177889 -0.128410 -0.133920 0.876046 -1.548583 0.795021 0.095303 0.781009 -0.634521 0.645183 0.843829 -0.351335 0.017753 -0.648522 1.651639 -0.120272 -0.922024 -0.715826
0.126771 0.502103 0.599372 0.541738 0.026820 0.466456 -0.097190 0.019259 -0.148283 1.017796 -0.007929 0.767050 -0.433848 0.195641 -0.803920 1.216528 -0.833747 -0.324979 -0.314960 -0.353951
0.722496 1.108134 0.460388 0.584643 0.542046 -0.775786 0.420973 -0.015950 -0.155062 1.188475 -0.654342 0.586515 -0.768960 0.112685 -1.195575 -0.662517 -0.082143 1.814649 0.100804 1.654668
0.220323 0.631886 -0.081663 0.329777 0.235173 0.470571 -0.292595 -1.989034 0.935973 1.094934 1.837942 0.422144 -0.248723 0.834989 0.849820 1.638281 -0.044628 -0.165579 -0.715544 0.537462
-1.548262 -1.480760 -1.076209 -1.124951 -0.991517 1.532978 0.871993 -0.607077 -0.589179 -0.879674 0.551283 -1.000139 1.083392 1.322973 -0.879016 -0.185549 0.016621 0.883983 1.609343 -1.685492
-0.318181 -0.648684 0.303799 -0.135890 -0.450283 -0.278679 -1.544621 2.874083 0.266178 0.111694 -1.097926 0.260706 -0.164214 -1.888523 -1.070255 0.794926 1.944018 0.367165 1.103083 -0.155755
-0.086546 -0.417795 -0.211430 0.219288 0.256939 -0.066959 0.277525 -0.259678 0.387858 0.820577 1.002810 1.685870 -0.329441 -1.364033 0.358235 1.883811 -0.476976 0.686847 0.695746 0.191442
0.006925 0.045164 -0.349454 -0.294042 -0.127820 1.097423 -0.103128 -0.519026 -0.890985 0.656806 1.358357 1.063436 0.606150 -1.475613 -0.351674 1.947304 1.121950 -1.537503 -0.055591 0.363098
-0.762158 -1.376128 -0.683808 -0.454060 -0.398466 -0.354680 -0.133676 -0.009083 -0.883990 -0.220210 -1.757423 0.311039 -2.856275 -0.289490 0.919186 -1.059341 0.716430 1.155733 -3.307900 -0.151363
-2.875773 -2.189682 -1.974412 -1.804229 -2.062288 0.286016 -0.849023 1.465379 -1.795613 -1.229171 -2.299456 1.801045 0.332346 0.659402 0.301001 0.573768 0.078078 0.270921 0.107603 -0.608592
-0.046625 0.389492 0.173835 0.430802 0.080049 1.082841 -0.306994 0.584725 -1.092120 -1.473146 -0.843597 -0.222565 -0.665140 1.293934 0.179523 1.848939 0.404408 -2.412551 1.056042 -1.509552
0.230534 0.456105 0.463439 0.745741 0.097075 -0.127358 0.244598 0.863414 0.029152 -1.024895 -0.717559 -0.004482 1.234457 0.427838 -0.773415 0.648373 -0.386985 0.890408 2.527010 -0.358826
0.801605 0.408395 0.247408 0.582082 0.679214 2.463014 -0.306593 0.586852 -1.930087 0.431997 1.142055 -0.527597 -2.510222 -0.038652 0.017184 0.724075 2.010903 -0.380054 -0.856288 -1.166918
0.198079 0.008648 -0.146599 0.480247 0.136438 0.043232 -0.902415 -0.481864 -2.429755 0.235787 0.026341 0.188479 0.504319 0.385821 -0.110383 0.048668 -1.404316 -0.583721 0.050471 -0.735854
0.860151 0.772278 0.505127 -0.198945 0.846258 0.900791 0.694033 -2.106006 1.194148 1.527308 -0.482124 0.236647 -0.890832 -1.948379 -0.738715 -0.540139 -0.354851 -0.958914 -0.733425 -0.011006
-0.770227 -0.258578 -0.333811 -0.073474 -0.784764 0.243103 -0.620264 0.293747 0.326596 -0.513313 0.783731 -1.398098 -0.244400 0.555858 -0.287584 -0.206754 -0.137786 -0.835601 1.173901 -1.018038
0.318159 0.062770 -0.155291 0.004946 -0.308256 1.391042 -1.138783 -0.653897 -1.224225 -1.357699 1.591215 0.542775 0.140293 -0.656577 0.907612 -0.824222 0.793639 -0.872511 -0.644508 0.758282
0.863827 0.534369 0.422481 0.532350 0.312672 -0.849281 1.370963 -2.401947 -0.778740 -0.509567 -2.843944 -1.396229 0.625290 0.030284 1.573136 1.545226 0.433046 0.313238 0.065931 -2.655082
-1.394560 -1.145995 -1.154015 -0.843860 -0.655516 0.937406 1.482444 0.937990 0.989599 -0.559226 1.075934 0.145759 0.511556 0.365432 -0.121487 -0.860002 -0.082137 0.986762 -0.441476 0.893347
0.737071 0.116545 0.798474 0.469917 0.469582 0.434127 -0.015866 -0.887801 -0.088260 -0.203760 -1.258296 -0.217615 -0.803803 0.585992 1.306280 -1.226916 1.712308 -0.128551 -0.975021 0.757755
-0.446454 -0.378441 -0.154040 -0.253582 -0.284899 -0.286301 -1.436652 0.551060 -1.205582 -1.153260 1.192606 -1.196340 -2.316445 0.622861 -0.303863 -0.217655 -0.314500 0.231670 -0.752719 1.476115
-1.476230 -1.122140 -0.762246 -0.557053 -1.349452 1.017174 -0.990861 -0.606664 0.887309 0.034741 -1.797144 1.747059 -0.530011 -0.402757 0.255784 0.625077 1.961104 -1.660068 0.825952 0.743010
-0.137165 -0.474209 0.305588 -0.211281 -0.076349 -1.558762 -1.135316 -0.261788 1.924941 -0.308257 -0.031934 1.432079 -0.300318 -1.178437 -0.417235 1.370792 0.070865 1.930658 0.737935 -0.644809
0.051076 0.229578 -0.055942 -0.290324 -0.271090 0.861098 -0.623180 1.569584 1.099416 1.881621 1.833114 -1.479089 -1.109839 -1.003788 -0.943941 0.323452 -0.566803 2.072599 1.904680 -0.006462
1.955326 1.513725 1.012507 1.912768 1.105994 -0.644622 0.206506 0.089228 0.063018 0.523685 -1.212522 0.411360 -0.439616 0.199982 0.957410 -1.224400 -0.281294 -0.118534 -0.514269 0.899829
-0.720388 -0.295556 -0.858561 -0.346243 -0.625017 0.460045 1.975705 -0.074818 1.112061 1.671354 1.027192 -0.016801 0.642108 -1.287379 -0.780043 -0.604675 2.240612 -0.812585 -0.827477 -1.043921
0.559812 0.161447 -0.159564 0.968540 0.525397 -0.807278 1.365329 -0.203298 1.187592 -0.149681 -0.967656 -0.303261 -0.968050 -0.565553 0.200926 0.511605 -1.590191 -0.017368 -0.586616 -0.648415
0.132685 -0.502193 -0.044751 0.351968 0.258434 -0.494910 -0.962499 0.082030 -0.150348 -0.608823 -1.175734 -0.041518 -0.404069 0.688347 0.665106 1.100800 -1.259296 0.401058 -0.727466 -1.220414
-0.428602 -0.159822 -0.415288 -0.697100 -0.126308 -0.394090 1.160048 0.445397 -0.932559 1.858803 0.259479 0.018796 -0.855533 1.179538 0.517275 0.629238 -0.507531 0.834101 0.911814 -0.668778
-1.416990 -1.191127 -0.755627 -0.798278 -1.468318 1.218665 -0.392844 1.107273 -0.514209 0.999991 2.060342 -1.068047 0.292036 2.748782 0.066589 0.061788 0.788499 0.041081 -1.707226 1.132287
-2.002948 -1.669264 -1.396990 -1.697248 -1.404063 0.879264 -0.851115 -1.222226 0.274514 -0.182923 -1.243673 0.636953 0.464488 -0.359755 -0.291332 0.470393 1.190361 -0.282793 0.654688 0.565200
0.879307 0.238399 0.468417 0.617745 0.556481 1.818464 -0.484020 0.804787 -0.328056 0.110469 1.515397 0.764293 -1.241299 -0.572475 1.256221 0.141878 -1.148840 -0.818952 0.703494 0.994410
0.017855 -0.070098 -0.022301 -0.010216 -0.447156 -0.974884 0.335421 -0.488777 1.673744 1.466312 0.633067 -1.178996 -0.672219 1.255678 -0.563066 1.122142 0.474604 0.051718 -0.702833 -0.094244
0.189648 0.605952 -0.178938 -0.352546 0.137549 0.662678 -0.908464 -1.316570 0.673965 -1.517949 1.284980 -0.155926 -1.547531 -0.480420 0.379124 -0.532701 0.020030 0.740078 -0.202190 -0.937058
-0.298984 -0.360924 0.098333 -0.453132 -0.284417 0.250148 0.923983 -0.550488 -1.768264 0.584489 -0.940977 -1.388292 -1.318401 0.600914 0.139452 0.782466 0.669075 -0.420934 -0.070474 -0.511438
-0.210328 -0.474170 -0.383004 0.514327 0.006228 1.281270 0.113521 0.241079 -1.699430 -1.807262 0.144116 0.789732 -0.671380 1.670094 0.734936 -0.908341 0.030849 2.476929 -1.242564 0.528270
-0.322745 -0.030341 -0.567901 -0.154408 -0.201547 2.221203 0.066275 0.784889 -0.590441 0.019259 -0.176675 0.796936 1.204676 -0.109655 1.533623 1.530047 0.846854 -0.516027 -0.611829 -0.812381
0.949166 0.716260 0.909781 0.611737 0.499620 0.017220 1.333639 1.141455 1.435065 1.460819 0.143631 -1.158793 -1.052523 -2.086849 -1.083666 0.068824 -0.559654 -0.180136 0.492715 -0.304065
-1.121829 -1.421071 -0.613031 -0.241413 -0.507551 -0.270505 1.770958 1.431636 -0.579305 -1.111124 -0.052554 1.153328 -0.490191 0.908090 1.208440 -0.774026 -0.676051 0.712662 0.151848 -0.686062
-0.352180 -0.047822 -0.763632 -0.365397 -0.912896 -2.783716 -0.023871 -0.741571 1.688822 -0.585445 -1.097643 0.507933 -0.660447 -0.779456 0.509501 -1.040467 -1.457274 1.725998 0.579499 -0.264209
-0.003477 0.636106 0.254066 -0.029860 -0.021714 -0.506704 -0.188981 0.160693 -0.006679 0.735567 0.487087 -1.508169 -1.357823 -0.369717 1.828625 -0.851592 -0.208223 -0.536346 -0.554044 0.178240
1.400777 0.200383 0.758066 1.277785 0.451569 -0.577221 1.412096 -0.469071 1.662914 -0.870643 1.430030 0.201048 1.291052 1.901766 -1.132607 1.275772 -1.408904 -1.047184 -0.803409 0.503637
0.033016 -0.347601 -0.089120 -0.097110 -0.250547 1.094167 1.820035 -0.021362 -0.521089 0.613536 -1.144255 -0.678704 0.999381 -0.124128 -1.208192 -1.489803 0.048717 1.141897 1.128546 0.110881
2.008909 0.551678 1.462343 1.182280 1.563681 0.852015 1.563961 -0.830235 0.462252 1.046879 0.011208 -2.283280 0.247290 0.761431 -0.947423 -0.254155 -1.155496 -2.570148 1.027004 -0.003749
1.597675 1.095781 1.294360 0.442246 0.736113 0.966883 0.322671 1.105593 -0.296669 -0.997144 -0.064809 0.205185 -1.201535 -1.336722 0.447386 -0.406357 -0.165841 -0.359693 1.520601 1.261761
-1.237354 -0.569032 -0.732504 -1.147097 -1.293263 -1.137600 -0.682540 -0.516768 0.276994 1.703727 -0.686880 -1.026035 -0.108586 1.031739 -1.446883 1.453634 -0.172031 -0.734320 -1.600189 0.706521
-0.171171 -0.088170 -0.134765 -0.403628 0.594764 -0.100593 -0.669552 -1.534181 2.728500 -1.363404 0.181459 -1.772028 -1.997047 0.097826 0.174368 1.261499 0.399547 -0.149811 -0.949600 1.499012
0.928851 1.067795 0.522803 0.697766 0.242409 0.771850 0.831733 -0.190486 -0.280869 1.498958 0.932839 0.072360 -1.629209 0.344000 0.698083 -2.754522 0.251869 -0.416692 -0.220854 -0.907381
-0.148189 0.145433 0.019934 -0.286870 0.391424 0.758756 0.001656 0.352025 0.007153 0.641625 -2.567585 -1.419825 0.417080 -2.043538 -0.530580 -0.054341 -0.828140 -0.691561 0.271582 1.009295
-0.958449 -0.160270 -0.706431 -0.023509 -0.722575 0.934718 1.016643 -0.870766 -1.251698 0.021606 0.829274 0.154850 0.289305 1.141831 -0.739137 -0.219970 1.634606 -0.196811 -1.267337 -0.669356
-0.938180 -0.308663 -0.115120 -0.974015 -0.814175 -2.123379 0.306620 0.148464 0.517758 -0.672987 -0.779544 0.401467 1.519020 0.011168 0.424585 -0.321588 -1.543631 0.967429 0.908414 0.710774
-0.181945 -0.248245 0.048561 0.292832 0.042674 0.063821 -1.308253 0.155658 0.256577 0.709030 1.353892 -0.095151 2.100987 -1.759287 0.419342 -0.798520 -1.907222 -0.201774 -1.457173 -0.161428
0.034769 0.044356 -0.252686 0.090264 0.425317 1.028849 -0.431751 -1.332245 -1.217499 -1.291807 0.477814 1.476922 -0.564952 0.629135 -1.523442 0.180321 0.668563 -1.448125 -0.203883 0.715917
-2.933771 -2.314243 -2.196919 -1.811607 -2.397460 -1.722722 0.534063 -0.082590 0.032115 1.087607 0.762064 1.921237 0.153854 -0.691212 -0.188417 0.415663 1.015857 -1.467034 0.008538 1.609542
-0.240209 -0.237343 -0.153689 0.055660 -0.321221 -0.805402 0.020272 -1.532222 -0.269741 0.252877 1.784636 0.402718 0.625228 1.164476 -0.964658 -0.165083 2.425413 -0.079122 1.116431 0.963738
-1.478114 -1.016130 -0.644850 -1.700150 -0.780619 -1.116920 -0.476010 -0.097795 1.184984 1.817311 1.396598 0.860185 -1.004340 -0.408896 0.209926 -0.632439 0.577206 0.720486 0.536290 1.025135
-0.904591 -0.658686 -0.209882 -0.636680 -0.546816 1.215874 0.488013 0.020804 0.310154 0.136427 -1.125951 -1.242620 -0.078826 0.079857 0.011332 0.676102 -0.215477 0.562979 -0.144587 1.823359
0.080714 0.459176 -0.062341 -0.022169 0.387075 -1.442889 -0.991442 -0.879606 0.394820 -0.526165 0.186927 1.281978 -0.087808 2.079157 -1.175811 -0.150584 -0.539313 0.936507 -2.239792 -1.443115
-0.107347 -0.174193 -0.355233 -0.415036 0.079391 1.672990 -0.621135 -0.942963 1.477373 1.011097 1.274060 -0.950042 -1.525106 0.133166 0.335126 0.364602 1.478184 -1.733767 0.859695 -1.096625
0.855735 0.319389 0.280565 0.736903 1.141482 0.040429 -0.772673 0.786298 0.640056 1.688157 0.366327 0.520678 1.400100 -0.627663 -1.488258 0.200094 -1.422633 2.453939 1.455498 2.163976
0.062447 -0.217170 0.119442 0.558675 0.097289 -2.543093 -0.790711 -1.455473 1.477927 1.815677 -1.402929 1.291716 0.951385 -1.569777 -0.390268 -0.580164 0.747995 -1.228779 -0.098873 -0.685935
0.473341 0.527869 1.022474 -0.470562 0.397882 -0.416900 -1.041005 0.583434 -0.143525 -1.415234 2.231496 -0.352479 -0.377869 0.159835 1.730117 -1.679745 0.275986 2.087272 0.128729 -1.235334
-0.618397 -0.853819 -0.271150 -0.593219 -0.336361 -1.435369 -1.443718 -0.482801 1.438029 0.068875 0.289811 0.278080 1.109208 -0.610221 0.688285 -0.830883 1.983273 -0.800391 -0.882389 0.549670
0.079788 -0.004504 -0.422322 -0.317878 0.013105 0.893542 1.358950 -0.528331 0.416524 0.197368 1.128003 1.160248 0.193051 -1.517951 1.779662 0.555987 -0.608437 0.406542 -1.511094 1.055353
-1.471212 -0.631598 -1.247649 -1.008315 -0.775422 0.634963 -0.028167 -0.032186 0.085477 -0.189058 -1.686570 -0.768323 0.244775 -0.249121 -0.155809 -0.323354 -0.863598 -0.493099 -0.306832 0.005143
0.393378 0.363144 0.088191 0.177678 0.346477 -1.129815 -0.518625 0.517000 0.360861 0.520866 -0.442717 0.238558 0.061344 -0.312131 0.245410 1.055366 -0.022200 -0.015547 1.068161 0.961360
1.583936 1.086374 0.862155 0.927052 1.345210 0.251588 1.051122 -0.829159 0.442562 0.871354 -1.071020 -0.142286 0.300968 -0.796132 -0.879153 -0.135045 0.801640 0.643734 -0.861413 0.652168
-0.835940 -0.595931 -0.701526 -0.378306 -0.301808 -0.001572 -0.416705 -0.389762 0.108785 -1.068437 -0.348107 -0.215569 -1.351074 -0.838448 0.410507 0.009512 -0.308762 -0.911427 1.576850 -0.837979
0.251593 -0.132754 0.286933 0.666969 0.304651 -0.006616 1.190729 1.761502 -0.130014 0.041681 2.211333 1.134924 -0.617285 -0.618983 0.956549 -1.011037 1.087727 0.334300 0.517721 -0.256734
-0.629825 -0.698018 -0.236283 0.357518 -0.290362 0.193022 -1.030825 -0.564871 -0.618032 0.845280 -0.885963 -1.755768 -1.967095 -1.470380 1.361538 0.016207 0.501249 0.536488 0.056184 -0.074781
1.044526 0.672614 1.058698 0.509280 0.428070 -0.497134 -0.727465 1.217548 -0.405051 -0.798473 0.319778 -0.097167 0.294569 1.889814 0.913071 0.027011 -1.408423 -0.499962 0.711046 -1.171041
2.140970 1.580061 1.655940 0.952417 1.333573 -1.158002 2.164893 1.317351 0.984296 -1.390429 0.205413 1.209086 0.593105 -1.002109 -0.650094 -0.451936 -0.603438 1.528779 -1.921013 0.655919
-1.292303 -0.620167 -1.490857 -0.736853 -0.651597 0.264824 -1.198362 1.017148 1.231304 0.104046 2.034749 0.821564 0.682653 -0.803379 0.627398 0.216791 0.519829 -0.684586 0.128099 -0.816862
-2.147132 -1.475224 -1.820184 -1.019847 -1.075903 0.326563 -0.283079 0.271211 0.470967 0.734965 1.733441 0.234194 0.064049 -0.906729 0.435946 0.667383 -0.192303 0.544613 -0.292516 0.670993
0.912602 1.044654 0.591393 0.882929 0.056693 0.595157 2.448812 -0.340721 0.455838 -0.556053 -0.973967 -0.676316 -2.082472 1.353435 -2.230130 -0.263828 -1.178128 -0.884380 1.376523 0.201067
-0.965396 -0.194218 -0.631593 -0.193873 -0.846136 1.895575 -1.916301 -0.034812 -0.315568 0.946549 0.354818 0.590362 0.345086 -0.931991 1.211265 0.798505 0.915530 1.264050 0.417675 1.480992
0.377640 0.502928 0.522773 0.196702 0.271434 1.631889 0.296295 0.094738 0.388274 2.979855 -1.131724 -0.845039 -1.380571 -0.232599 0.245518 -0.465323 -0.539727 0.142405 -0.502108 0.310176
1.114234 1.147458 0.792919 0.597092 0.516182 -0.158641 -0.772253 -0.391178 -0.523686 0.731672 0.346783 0.696758 -1.160337 1.431749 -0.426980 -1.100017 -0.439218 2.483766 -0.387717 -0.325096
-0.192105 -0.431687 -0.119261 -0.099843 -0.381229 0.314289 -1.111165 -0.344346 -0.551527 0.052939 1.330452 -0.148883 -0.088155 1.777645 0.876206 0.574081 1.958132 0.489811 -1.986527 0.832666
-1.592008 -1.459166 -1.043067 -1.213572 -0.971930 -0.770119 -0.348852 1.032562 -0.713953 0.545141 -0.965650 -0.189500 0.323839 -0.996528 -1.311720 0.491878 1.123080 -0.079065 -0.457313 0.155675
0.055480 0.194228 -0.037671 0.237764 0.513249 0.150868 0.185878 0.636180 0.257582 -1.300735 1.447005 1.271918 -1.258197 0.332705 -0.595424 0.138864 1.053310 2.130104 0.751278 0.294935
-0.339821 -0.640238 -0.211809 0.053056 -0.847422 -1.619690 0.513048 0.247288 -0.645908 1.026014 -0.421777 -0.134644 -0.016664 -0.350953 0.235865 1.151515 -1.142482 0.488520 0.172159 0.153764
0.871845 0.523180 0.948041 0.924716 0.559148 0.299183 -0.250788 -0.132682 -0.322061 0.471080 0.081645 0.394544 -0.017517 -1.604121 0.031368 0.063538 0.242596 -0.593729 -1.195470 0.624607
-0.273607 0.039833 -0.216698 -0.038347 -0.052540 -0.968084 0.473732 -0.603120 0.163951 0.410460 -0.586813 -1.203886 2.426086 -0.527772 0.623417 1.939464 0.789908 -0.300443 -0.067116 -0.832607
0.881696 1.041199 0.608124 0.690934 0.851252 0.986514 0.120373 0.214985 -0.822949 -1.463503 0.962614 0.042039 0.907235 -0.385933 -0.236818 0.713298 0.732348 0.797566 -0.295201 0.614547
1.109099 0.700105 0.766294 1.014698 0.872108 0.629476 -0.058422 -1.841566 1.128594 -2.757854 -1.984128 0.527330 0.527071 -0.637580 0.147822 -2.531430 0.706975 0.249725 -0.045643 0.020841
0.493254 0.150295 0.734610 -0.243620 0.873699 -1.284945 -0.345137 -0.236034 1.078850 -2.159269 -0.499008 -1.760636 -0.285096 -0.472501 0.079694 -0.604874 -0.751023 0.619657 0.454673 0.551398
-0.176900 -0.027692 -0.456246 -0.060659 -0.115158 0.394112 0.309138 0.062151 -0.149313 -2.566119 -0.439853 1.789439 0.012901 -0.307290 0.016906 0.354773 0.658820 -0.228880 0.424920 1.676651
1.006251 0.382313 1.237130 0.720119 1.097973 0.353566 0.732477 -0.510777 0.087964 0.910461 -0.710271 1.669383 -1.384597 1.939691 1.001326 -0.089726 -0.402668 -0.507028 -0.135796 -0.048496
1.255226 0.826675 0.525744 0.942582 0.684748 -0.183091 -1.030122 -1.178941 2.097127 0.302614 -0.833133 0.816604 -1.178346 -1.096012 -0.803042 1.654513 -0.252880 -2.441707 1.210066 -0.306381
-1.849408 -1.296986 -1.490852 -1.320873 -1.277191 -0.852768 0.046720 -0.699569 -1.542193 0.885527 0.463270 0.283678 0.426790 -0.685473 -1.005695 0.037647 1.161211 1.608077 0.795433 0.029174
0.269784 0.180454 0.412270 0.318405 -0.174966 -0.124077 1.636105 0.822859 -0.923119 -0.072429 -0.834376 -0.062514 1.041108 0.653008 2.484144 1.192477 0.204000 0.677150 -0.202443 -1.127504
1.305777 0.940595 1.223139 0.741663 1.184303 0.846351 -1.463101 0.243620 -0.167632 1.113001 1.031043 1.318608 -1.117894 -0.784112 1.114082 -0.591646 -1.521433 0.532596 -0.547218 1.789791
0.296185 -0.043025 -0.213721 0.546186 0.171196 -0.408500 -0.794084 -0.073473 -0.977647 1.028877 -1.808342 -0.139514 0.610134 0.342119 -0.717283 0.660259 -0.886039 -0.022385 0.651842 0.462913
-0.675039 -0.690625 -0.800338 -0.330432 -0.365181 1.117521 1.120129 0.192680 0.793935 0.213597 -1.209324 0.302744 0.256361 0.583729 -0.127997 -0.761456 0.656506 -1.313272 1.458819 -0.231418
0.245528 -0.052265 0.255223 0.217075 0.077859 0.303154 -0.635261 -0.749667 -0.334053 -1.298742 1.722267 1.486151 0.451700 -0.223398 -0.197108 0.758066 1.757827 -0.570397 -1.117586 1.547641
-1.787139 -1.737025 -0.547671 -1.460252 -1.075068 0.856905 -0.574793 1.279614 1.449292 -0.113171 -0.450668 2.259602 0.721162 0.256325 1.363546 0.301931 -0.505621 0.080160 1.038654 -1.992186
-0.288031 -0.099072 0.172257 0.042974 -0.082391 -0.065529 -0.568539 -0.287359 2.664614 1.874424 0.125391 -0.608154 0.117041 0.243827 -1.243359 0.080041 1.322404 -1.799357 0.826584 1.374798
-0.560557 -0.123993 -0.466819 -0.330392 -0.690786 -0.306996 -0.617299 0.698575 0.848805 -0.064422 -1.359968 0.403170 0.422014 -0.216715 1.867231 -1.563929 -2.217284 -0.730835 0.710425 -1.055845
-0.980971 -0.447787 -1.412418 -0.913325 -0.967710 -0.425193 -0.378984 0.809779 -1.344887 -2.142720 -0.433284 0.930873 0.255560 0.857292 -2.016294 0.315497 0.653865 -1.350797 0.862058 -0.111519
3.071337 2.071187 2.174429 2.132937 2.141605 -0.526955 0.277479 1.037467 1.721964 1.421893 -0.965382 1.130165 0.391285 -0.654603 -0.211911 -0.709843 0.037092 -0.729658 -1.027994 0.479119
0.628731 0.196810 0.548800 0.628836 0.637984 0.660489 -0.132426 0.084798 -2.520438 0.016707 -1.827196 -1.220951 -1.335323 -1.042583 -0.548854 -0.486493 0.664275 0.222388 -1.901074 0.083295
0.318255 0.446073 0.107970 0.388251 0.781647 -1.574880 -0.244317 1.508336 1.416661 0.850937 0.536825 1.654635 1.917848 -0.129080 -0.969432 -0.270292 3.096696 -1.569356 -0.470539 -1.412691
0.124764 0.279012 -0.167882 0.233437 0.178232 1.222345 -0.383944 -0.135130 -0.163407 0.180911 -0.038170 0.768117 1.233039 -0.814071 -0.309328 0.901619 -1.421669 -1.970721 0.226316 0.496346
-0.722300 -0.440384 -0.457861 -0.477851 -0.203351 -1.180498 -0.265523 -0.905336 -1.455289 0.870178 -0.519825 0.188440 -1.508076 -0.741939 0.756088 2.587271 -1.976216 -0.201108 0.412281 -0.616100
0.849522 1.117959 0.311987 0.902411 0.110810 -0.676365 -0.351874 0.945689 -1.028039 0.068750 -1.822534 -1.087933 0.382131 -0.990698 -0.544573 0.493086 -0.579186 0.822842 0.215663 0.435683
1.240966 0.860748 1.430411 1.240015 1.472563 1.293148 0.263866 -0.394680 0.278386 1.112327 0.455045 1.822393 1.086531 0.523160 -1.026068 -0.179733 0.071664 0.696632 0.637333 0.169540
0.120350 0.007178 0.539268 0.305442 0.265951 1.455409 -0.045186 1.002580 0.363840 0.346034 0.554254 0.809054 -0.328831 1.034799 -1.084471 -0.005331 0.835970 0.995018 0.460789 -0.393392
0.896708 0.507750 0.825069 0.451460 0.612814 -1.194683 0.043644 0.139825 1.969657 -1.038499 0.039462 -1.059421 -0.492655 1.683972 -1.136336 0.587042 0.392907 -0.024171 0.519437 -1.160020
1.656323 0.691162 1.186339 0.842007 1.110017 0.400432 1.431889 -0.459004 -1.381549 -1.611717 2.060827 -0.529025 -0.185737 -1.112764 0.948339 -0.781560 -0.491263 0.299520 -1.064046 -0.178582
1.402210 1.179949 0.783497 0.818365 0.649387 1.996152 -0.812157 0.210926 0.115026 1.008763 1.103174 -0.032019 0.290666 0.328535 -2.272142 -1.588990 -0.605064 -0.561599 -1.199282 0.749583
0.002118 -0.030163 -0.004753 0.587580 -0.244903 -0.162956 0.063184 0.241915 -1.564102 0.224817 -1.041431 -0.812470 0.717931 2.014114 0.051359 -0.817095 0.188670 0.939029 0.620998 2.743113
-0.715338 -0.347757 -0.008947 -0.416228 0.072394 -0.003358 1.484521 2.890643 0.703796 -0.367863 -1.009203 2.218743 0.728742 -0.848067 -0.203156 0.310187 0.543807 -0.899619 -0.614190 -1.652935
1.039762 1.280397 0.988430 1.365766 0.431132 -0.112970 0.193921 0.063194 1.246165 0.310838 -0.544401 1.047849 1.230484 -1.338331 1.532784 0.364712 0.283270 1.006625 -0.566976 0.954165
-0.376775 -0.380968 -0.202635 -0.299802 -0.566223 1.610076 1.189283 1.333439 0.124779 0.257862 -1.193712 0.995784 0.379833 0.567306 1.688312 -0.605963 -0.126142 0.326671 -0.935435 -0.187599
0.492950 -0.356338 0.622257 0.267421 0.134399 0.661185 -0.568829 -0.924409 -2.080283 -0.795175 1.047177 -0.056086 1.162981 -0.619871 0.707106 -0.717499 -0.965575 -0.107127 -0.664967 -1.542822
-0.182315 0.016701 0.036063 -0.149837 -0.487075 0.720357 0.332613 -1.228945 0.149872 0.596794 1.457438 0.686289 1.240383 -1.031998 -0.326418 0.429351 1.160953 -0.145229 -0.082446 0.687140
-1.125871 -0.738052 -0.669226 -0.815762 -0.783518 1.698459 0.586453 0.751091 0.041386 -0.152377 -1.544909 -2.259386 0.196272 1.312549 0.344134 0.623600 1.583718 0.328767 -0.122655 -0.818525
2.022213 1.195813 1.709718 1.183454 1.742222 -1.037442 1.853834 -2.756463 1.422595 0.486895 0.118594 -0.175458 1.890730 0.707059 -0.903204 -1.718910 0.177297 -0.001071 -1.519868 -0.055394
-0.573935 -0.282574 -0.246646 -0.746409 -0.584902 -0.721441 0.368915 0.063107 -1.332129 0.398233 1.856672 0.032427 -1.594183 0.030269 -1.213712 0.863606 0.524865 -0.170910 -0.331164 -0.212234
0.008274 0.241621 0.263358 0.156193 -0.406205 0.167043 0.285282 0.322020 -1.173818 -1.675840 -0.588693 0.395712 -0.727950 -0.354921 2.127297 -1.845424 -0.755034 1.896604 -0.044599 -0.705985
1.168769 0.534155 0.866554 1.134608 0.905697 -1.017491 -0.113597 -1.010997 0.010693 0.354407 0.853060 1.127925 -0.405737 0.499415 0.492523 0.327819 -0.479459 -1.028068 0.502002 -1.706863
-0.267839 -0.277887 -0.263725 0.546007 -0.204220 0.688108 -0.553935 0.729370 0.887623 -0.160665 -1.384378 -0.207912 -0.097892 -1.232454 0.367047 0.279812 0.445043 0.278923 0.729843 -0.179328
0.201785 0.584276 -0.023199 0.011136 0.442067 0.876760 -0.620541 -0.750038 0.261577 -1.489610 -0.816023 -0.849140 -0.221398 -0.804138 1.601119 1.797017 -2.021994 0.544323 0.858663 0.542985
-0.658113 -0.677166 -0.660872 -0.566476 -0.597032 -0.114789 -1.502802 -0.200135 -1.248582 0.206816 -0.679420 0.290580 1.081581 1.589447 -2.528005 -0.834194 -0.303086 0.460328 -1.650355 -0.982092
0.130357 0.111251 -0.390301 -0.140119 0.013203 0.193655 0.055740 0.664763 -2.239323 1.544333 -2.204482 -1.079162 -0.226761 0.672613 -2.995267 -0.028124 0.792395 0.994518 -0.697330 -0.300835
-0.616148 -1.218627 -0.704886 -0.093585 -0.476163 0.131615 0.491587 0.214014 0.704339 0.878214 -1.741717 -0.854310 -0.231376 -0.022678 -0.670091 0.912024 1.979948 0.186162 0.084341 0.849456
-1.865840 -1.750641 -1.588344 -1.061592 -1.279387 -0.185806 -0.060685 -0.908652 2.096161 -0.478696 -1.153659 -0.093621 0.907861 0.017414 0.485594 -0.871511 1.487688 0.561711 1.047702 0.365161
0.824884 0.624674 0.425215 0.314338 0.459650 -1.147066 0.249736 -0.430944 -0.697031 0.284840 1.140963 0.451662 -0.319512 0.514861 -0.359976 0.412114 1.396466 -2.077160 0.797252 -1.539055
1.228328 1.228226 1.328503 0.589170 0.693436 -0.999187 -1.253000 -0.187481 -1.204087 -1.061473 0.115621 -0.965872 0.426539 1.490144 -0.148555 0.130151 2.018097 -1.187601 1.191235 1.070858
0.854317 0.189413 0.550754 0.883777 0.042909 1.132842 1.105314 0.044502 -0.716195 0.191362 0.942230 1.024352 -0.429676 0.315373 -1.308778 0.984950 -0.783309 0.785255 -1.149305 1.031416
0.321835 0.247654 0.297815 0.340243 0.055668 -0.274111 -1.721047 -0.982416 -0.430415 1.368189 0.901144 1.623861 1.653635 -0.534751 -0.188487 -0.411280 -0.671511 -1.841495 -0.014748 -1.285566
-0.034172 -0.136636 0.058076 0.203596 0.190647 0.280291 0.292484 -0.362402 -0.231878 -0.960011 0.846045 -1.741492 0.971088 -1.403698 0.962607 -0.353818 -1.231869 0.579299 0.928768 -0.438079
0.720611 0.790354 0.980702 0.239597 0.759501 -1.862213 -0.698866 -0.923400 -0.165962 -0.370751 0.178932 -0.069466 1.359739 0.424549 0.457672 1.165157 -0.388769 -1.261877 1.206970 0.135842
0.139351 -0.267795 -0.075130 -0.465772 -0.043788 0.783823 0.792962 0.569030 0.131523 -0.175380 1.210324 -0.373721 0.369979 -0.804013 -0.659299 -0.236155 -0.803938 0.797852 -1.348034 0.099230
0.132508 0.221779 0.025999 -0.169734 0.482601 -0.204307 0.676888 -0.109316 0.013653 0.251654 0.927000 -0.675718 -0.486822 -0.668896 -0.332198 1.426234 0.572725 -1.131090 -0.600447 0.372767
-0.906508 -0.830663 -0.666415 -0.428225 -0.643167 1.255323 -0.733462 -0.889963 -0.276132 -1.088628 0.121034 -0.205652 0.360580 1.396943 0.817485 0.489240 -1.966048 0.443376 1.722628 -3.010523
0.689383 0.549479 0.823528 1.115885 0.081214 0.775231 -0.371192 -0.943470 0.144628 0.873169 -0.387053 -0.290383 2.822000 1.078652 1.150129 -1.460286 -0.707189 0.074682 -1.001138 1.600397
1.410312 1.007898 1.390450 0.858379 0.491503 0.144686 0.576193 1.399903 1.277633 0.510732 -0.141140 0.514133 -0.816184 0.152134 -1.109308 -1.780882 0.050427 1.262278 0.925805 -0.081912
1.746990 1.147359 1.365268 1.905650 1.588370 0.816625 -0.634803 0.460959 1.646283 -1.100097 0.478500 0.538963 -0.860738 1.354211 -0.287707 -0.383753 2.111613 0.522767 0.925291 1.354893
-0.650474 -0.311988 -0.085459 -0.206386 -0.567233 -0.622065 0.822156 0.267211 -0.491224 0.674505 -0.275182 -0.328070 0.048684 0.463460 0.389848 -0.363249 0.847111 -0.222394 -0.654984 -1.468022
0.983178 0.701321 0.741523 0.270315 0.324006 -1.374399 0.069781 0.307962 -0.262849 1.473738 -2.486167 1.120057 0.791154 0.456771 -3.335902 1.283889 -1.026434 -0.507692 -0.170593 0.407418
0.639428 0.407758 0.395819 0.511810 -0.230183 -1.090754 -0.751027 0.895460 0.837209 0.723799 -0.514417 0.910492 -1.161244 1.077360 -0.260871 1.684170 -1.521442 1.763404 -0.361464 -0.379479
0.194839 0.029462 0.490004 0.395579 0.017672 0.486886 -0.901565 -0.768194 -1.372791 -0.503931 1.311602 -0.845934 -0.731633 0.193922 -0.370796 2.228154 -0.162528 0.335218 0.943769 0.924578
0.233288 0.186581 0.309587 -0.564344 0.284727 -0.645849 -1.726803 0.821616 -2.348068 -0.005723 -0.204861 2.239965 -1.831651 -0.901103 -0.136096 -0.197529 -0.549545 -0.080988 -1.259563 0.357193
-2.321485 -1.558427 -1.845699 -1.431704 -1.834347 -0.331052 1.390726 -0.316116 -0.966127 1.745904 0.520776 0.004439 0.687177 0.274215 -0.069219 -1.326435 -0.270537 0.623255 -0.122771 0.902326
0.383655 -0.028184 0.567785 0.620375 -0.047415 0.336322 -0.718138 -0.615392 1.053070 0.148203 -0.702727 0.017642 1.378911 0.293787 0.592951 -0.752235 1.026419 2.318102 -0.791468 -1.181894
0.175542 0.018038 0.060332 0.242540 -0.041933 0.598092 -0.407032 0.607255 1.164711 0.240231 -0.027948 0.829344 -0.856101 -0.954710 -0.266572 -0.491879 -0.803342 1.830468 2.171993 -0.353705
0.091719 -0.252353 -0.035044 0.045687 0.437161 0.476011 -1.306821 1.758272 0.440248 -0.823350 -0.241321 -0.288977 0.525113 1.041913 -1.148207 1.838755 1.605690 -0.875324 0.072802 1.710809
1.232919 0.851089 1.130944 0.811165 0.445149 -0.632648 0.172420 0.246552 -0.524537 0.441625 -1.254401 -0.665534 0.758245 -1.754871 0.903168 -2.011981 -1.731325 -0.498979 0.286864 1.325264
0.057623 -0.137364 0.013686 -0.029061 -0.152174 -1.199446 0.082591 -0.129836 -0.804268 0.165041 0.158550 1.175454 -1.605633 -0.076049 -0.760262 0.869762 0.753912 0.507880 -0.703833 0.885471
-1.530131 -0.839857 -0.954404 -1.423886 -0.707864 -2.976032 1.322743 0.131112 -1.567772 0.100947 1.092525 0.599441 1.099073 -1.366247 -0.414005 -0.924692 1.717580 0.639363 2.847010 -0.467610
-0.724674 -0.305454 -0.308690 -0.713529 -0.359019 0.096691 0.039497 -0.652398 -0.137291 -0.180103 -0.007565 0.943517 1.760628 -0.840435 -0.391994 -0.825012 0.187102 -0.538349 0.239797 1.103627
-2.525832 -2.044907 -2.002965 -1.893060 -1.714344 1.196261 0.913281 0.568352 0.793226 -0.745620 -0.619624 0.752436 -0.767729 1.445635 -0.323591 0.501894 2.099250 -0.706223 0.068762 1.054183
0.951277 0.665202 0.781349 0.699942 0.471360 -0.279106 0.078116 -0.426786 0.705549 0.155525 -1.003434 -0.968824 -1.998606 -0.831321 0.793946 1.323761 0.685558 0.554632 -0.126526 0.774915
0.286278 0.391950 0.605237 0.033350 0.209546 0.735443 -2.011491 0.929190 -0.127508 -0.443926 -1.482913 -0.005587 0.033552 -1.303002 -1.473280 0.486619 0.871705 0.190283 1.150835 -0.086385
-0.054351 -0.090638 -0.324986 -0.298785 -0.199395 -1.392513 0.155752 -0.100046 -0.273992 -0.409018 0.381269 0.818176 0.402391 -0.120518 -0.157227 0.936814 0.463445 0.072689 -0.035901 0.345271
-0.468349 -0.546309 -0.192871 -0.099913 -0.585660 -1.132883 -1.573009 0.063078 -1.696458 -1.298804 0.756594 -0.204785 1.285487 -1.204814 -0.093952 0.399585 -1.170515 1.031762 0.510679 -1.609287
-0.037742 -0.354140 -0.275260 0.084765 -0.350436 2.211243 -0.386984 1.569241 -0.752289 0.215546 0.771523 -0.008414 -0.297736 0.726128 1.891455 0.300587 -0.516060 -0.189752 2.519708 0.134907
-0.594414 -0.159809 -0.109670 -0.577858 -0.180861 -0.396696 -0.014970 -1.170462 0.132928 0.481495 -0.535164 1.690453 -0.837106 0.283477 0.848317 -0.077290 -0.188477 -1.428866 1.357341 -0.169893
0.537365 0.646970 0.679727 0.528039 0.358034 -1.117198 2.127918 -0.744873 -1.179517 0.132309 2.208348 -1.910966 -0.141016 0.476265 0.033650 0.381922 -0.718033 -0.599722 -0.148423 -1.129888
-0.044686 -0.093665 -0.137577 -0.167228 0.063074 -0.229090 2.317354 -1.086110 1.285500 0.054656 -0.602958 -1.320642 0.139682 1.453397 -0.389211 -0.080961 1.010371 0.340871 -1.572276 0.098887
1.512235 1.288406 1.721453 1.077484 1.104066 -1.829094 -1.679208 0.975107 -0.732383 -0.907496 -0.035639 -0.644203 0.100049 -0.202720 -1.199996 -0.511198 0.442753 0.041918 -0.081942 1.937384
0.731038 -0.377837 0.843714 0.804239 0.644002 0.777550 -0.110400 0.222378 0.160611 -0.018167 2.938188 -0.666619 -0.675712 0.694097 -0.595169 -0.291406 -1.086411 0.491558 0.504257 -0.315192
0.714817 0.898638 0.712450 0.319249 0.423956 -1.748713 -0.307896 0.694020 1.282108 -0.547288 0.733216 0.636542 1.218608 -0.350191 -1.798500 0.070186 -1.013794 -0.723505 -0.301219 -0.338928
0.141559 0.052008 0.294275 -0.252632 -0.045406 0.935494 -0.188592 -0.078927 -0.374400 -0.162249 -0.783488 -0.882597 0.775765 -1.083202 -0.319118 1.015343 -0.352701 0.828740 -0.591046 -1.051164
-1.594826 -1.073845 -0.821200 -1.159918 -1.360962 1.317384 2.206783 -1.686530 -1.084756 0.773132 0.513043 0.776922 -0.573756 1.987534 0.118049 -1.216963 -0.253149 -1.203567 1.590941 -0.660331
0.492483 0.248583 0.046046 -0.064301 -0.079452 1.299181 -0.915968 -1.545229 0.803316 -1.646241 1.219533 -0.904395 -1.103293 0.248462 -1.038139 -0.707111 0.353982 -2.429112 1.642419 0.043640
-1.292966 -0.486364 -0.846694 -0.988311 -1.241686 -0.682743 0.296584 0.426568 0.695268 1.127281 -0.717264 -0.114170 -0.610150 -0.052612 0.698433 -1.654036 1.109372 -1.139182 -0.307370 1.243942
0.328010 -0.088613 0.344564 0.145416 0.119981 -0.589144 -0.494912 0.963951 -1.049914 0.269235 0.042907 -0.002686 -0.518436 -0.579855 -1.078364 0.482665 -0.668149 0.968745 -0.224555 -1.058450
-0.237814 0.275868 -0.286511 -0.905575 -0.647382 1.411547 0.508267 1.662706 1.259045 -0.887163 0.989951 1.525303 1.532813 0.988096 0.967523 -0.302661 -0.837382 -0.352217 -1.664789 1.342795
-0.283293 -0.079424 -0.058866 -0.039115 -0.612991 -1.284369 1.627118 1.107312 0.211792 0.033938 0.439510 0.194629 -0.792276 -0.412052 1.960718 2.672157 1.562669 0.478224 -0.337749 -0.798186
-0.732282 -0.325798 -0.143089 -0.567405 -0.199956 -0.960613 0.893056 -0.238617 -2.153009 0.287101 -0.841913 -0.808053 -0.250408 -0.498323 -0.034257 -0.082331 -1.875809 1.520278 -0.983377 -0.952398
-0.328553 -0.328749 -0.356518 0.124582 -0.162733 0.274536 0.231462 0.309730 -1.932734 -0.249918 1.162261 3.942331 -1.204309 0.423080 -0.571047 2.047652 -1.353783 0.624939 -1.407211 -0.318567
-0.034313 -0.416485 -0.040347 0.040640 -0.159570 0.272793 0.958333 -1.282557 0.810595 -0.568905 1.095873 0.334558 -0.209528 -0.590026 0.823295 1.260952 -0.532852 -1.133007 0.694211 -1.448531
-1.305512 -0.634705 -1.160034 -0.693176 -0.232386 -1.135444 0.642474 -1.271544 -0.340270 1.946698 -0.049174 0.342531 -0.946040 2.163475 -0.541294 -0.228105 1.317059 -0.181734 0.047889 -0.281688
-0.274832 -0.098960 -0.728479 0.164629 -0.686858 -0.609136 -1.401254 -1.590430 0.297167 0.938596 0.871045 -2.381991 -0.245065 -1.102092 0.143737 -0.417824 0.591912 -0.019153 -1.896002 -0.967086
0.005785 0.412537 0.237729 -0.035466 0.296733 -1.403667 -1.668629 -0.445141 -0.488446 -0.878400 -0.703737 0.013836 -0.720163 0.070697 -0.380469 0.167650 0.878206 0.839248 1.288210 0.838147
0.238558 0.108857 0.159270 0.166743 0.133550 0.697387 -0.725668 -0.037218 -0.677362 0.209354 -0.549383 -0.739511 -0.679967 0.503329 -0.096749 -0.428422 0.261405 -0.414516 1.126518 -0.973866
-0.186972 -0.256649 -0.116606 -0.602943 0.104634 0.766504 0.784170 0.028872 -0.879870 -0.800341 1.530172 1.435677 0.122555 -0.515634 1.368623 -0.694503 0.228849 1.351957 -0.836338 0.829224
0.520561 0.780819 0.068360 0.736254 0.397079 -1.423337 0.130744 0.541051 0.985220 -1.398357 1.316247 1.695363 0.410152 -1.038049 -0.328109 -0.047597 0.270464 0.021982 0.281165 -0.090747
0.265107 0.759143 0.129924 0.141866 -0.376099 1.463901 0.555294 1.325309 0.798461 0.181271 -1.505571 -0.262164 -0.335038 -1.133075 -1.486162 0.492719 0.324504 -1.167397 -0.745879 1.161222
-0.877697 -0.611583 -0.285409 -0.916107 -0.585749 0.090083 0.168723 0.230181 0.079074 0.344609 2.191770 2.561298 -0.639216 -2.318243 0.595495 0.186252 1.061042 0.284886 0.058604 1.128907
1.268781 0.662319 0.888393 1.110063 0.988813 -0.225983 0.434207 0.996105 1.722710 0.578913 -0.852334 -0.147376 -0.075352 0.514640 0.388168 2.050397 -0.461513 0.384751 2.354711 -0.585207
0.145149 0.344763 0.110359 -0.552330 -0.555992 0.147319 -0.935397 0.840568 0.179666 0.952819 -1.147663 0.368824 0.773342 -0.423377 -1.259003 -0.041607 1.228115 1.125930 -0.428428 -1.283085
-0.431180 -0.378032 -0.239567 -0.430608 0.281389 1.104263 0.140426 0.435416 -1.724985 -2.424265 -1.437546 -0.480543 0.576356 -2.342247 1.592852 0.170566 1.360295 -0.885970 0.503860 0.085196
0.817686 0.752159 0.201466 0.844874 0.665743 0.242244 -1.887862 0.702503 1.954663 -1.244436 -0.091381 0.880481 0.031417 0.165100 -0.390999 -0.428152 -0.086694 0.041671 -1.181441 -0.066022
1.568534 1.020191 1.285450 0.966657 1.299570 -1.338342 0.139168 -0.710282 -0.624714 0.153427 -1.533175 -1.741570 0.670872 -1.930834 -0.976678 -1.799840 -0.486136 0.428059 0.112338 2.391873
1.086916 1.230045 0.384281 0.545464 0.411182 0.589370 0.074852 0.273522 -1.482073 0.157039 0.071231 -0.904139 -0.538526 1.515176 -0.125175 2.071171 -1.740679 -0.522130 -1.547279 -1.209422
-0.828206 -0.789591 -0.861629 -0.704590 -0.372559 1.477693 -0.285765 -1.116290 0.274931 0.204445 -0.322676 0.148531 -1.155030 0.759913 -0.996867 -0.605570 0.648802 1.203959 1.585775 1.055798
-0.324072 -0.082692 -0.541615 -0.829829 0.100001 0.921189 -0.332178 1.501277 -0.514865 1.978651 0.786121 1.797545 -0.463797 0.405030 -0.969279 0.843989 0.899042 2.397024 0.482040 0.724094
-0.470830 -0.476192 -0.382149 -0.114938 -0.253511 -0.352305 0.062945 -0.375295 -0.379731 1.076665 0.175414 0.347066 -1.457305 0.423458 0.530423 -0.398339 2.085030 -2.289227 0.784367 0.712805
0.541583 0.294656 0.273372 0.342242 0.376297 0.299196 -0.183317 -1.093768 0.717170 -0.564360 -1.497859 -0.539111 -0.798899 1.028479 0.153193 1.382383 -0.666556 0.874170 2.839623 0.356032
0.861649 0.479538 0.602787 0.521457 0.335078 -0.259747 -0.884036 0.693983 -0.972404 2.133646 0.114169 -1.223307 -0.513996 -0.278134 2.412377 -0.884589 -0.116217 -0.537828 0.499258 -0.521883
-1.139057 -0.575757 -1.068917 -0.877940 -0.862202 1.184696 -0.319740 -1.134128 -0.462116 0.054336 -1.336270 1.625978 0.867579 1.430173 0.392128 -2.093697 1.535334 -0.863568 -0.782187 0.156325
1.378230 1.240270 1.266409 0.968985 0.811152 0.345944 -0.130071 0.889318 0.830118 0.591341 -2.525961 0.127988 -0.108854 0.168026 -0.754325 -1.324786 0.463138 -0.356301 0.574693 -0.670914
1.415911 1.158459 1.241346 1.187169 1.162736 0.392548 0.238584 1.042865 1.426536 -1.252411 -1.050384 -0.780261 -1.502425 -0.062749 0.600116 -0.021418 -0.534122 1.126458 0.140556 0.342983
1.154235 0.775569 0.755820 0.792345 0.553002 -0.974735 0.517485 -0.642532 1.119566 -0.478233 0.290871 -0.650542 0.937225 -0.655751 1.683415 -0.995997 -1.345628 0.951552 -0.591644 -0.007237
-0.322241 -0.183515 -0.369079 -0.634060 -0.056174 0.231793 1.112268 -1.059519 -0.325454 0.395805 -0.130415 -0.246823 -1.200644 -2.081341 0.817866 0.243222 0.901998 -0.437236 -0.712778 0.006548
0.854200 0.867256 0.424133 0.770595 0.346244 -0.070114 1.226390 0.207627 1.746078 -1.347685 0.129919 0.179398 0.620093 -0.813360 1.684446 0.012964 -1.087068 -0.016025 -0.313162 2.783235
1.049944 1.013754 0.641917 0.884531 0.656255 -2.911550 0.642993 0.027967 -1.311144 0.880214 2.246188 0.556796 1.100428 1.804119 -0.830262 -1.857571 0.656866 -0.247612 -1.374173 -0.078170
0.727547 -0.297800 0.089210 0.570941 0.694096 -1.929482 -0.142775 -1.344340 0.659026 -1.561043 1.012692 -0.409165 -0.542976 0.294455 -0.866034 0.278746 -0.732109 -0.556735 0.405354 -1.138581
-1.264337 -0.966703 -1.172918 -0.562464 -1.096175 0.057376 0.608093 0.097436 -2.007304 -1.747885 1.927949 0.000072 0.950242 -0.345704 -0.058015 -0.453365 2.465927 0.253242 -0.534858 -1.651540
1.973733 1.314336 1.639650 1.390727 1.576774 0.672453 -0.604138 -0.990426 1.164465 -0.158189 0.518513 0.410921 0.637932 -1.556537 -0.585291 -0.324475 -0.831479 0.429007 1.186893 1.345185
-0.339205 -0.036668 -0.146900 0.095969 -0.071545 1.820580 0.926520 0.952649 1.203460 0.534136 -1.027313 -0.138973 -1.651053 0.415073 -0.169214 -0.040522 1.204001 -0.456994 -0.252123 0.021973
-1.839992 -1.308026 -0.797712 -0.865831 -1.369280 0.447267 -0.594820 0.040798 -1.074990 -0.002343 2.930320 1.845801 0.052622 0.160144 -0.979565 -0.801789 0.362184 -0.524893 0.904150 1.569686
0.332621 0.448590 0.143076 0.407528 0.581370 -0.418009 0.959576 1.029758 -0.466508 -0.408916 -0.699319 -1.197854 -0.634795 -1.613130 0.683063 0.394524 0.560529 -0.954404 -1.195071 0.053514
0.064103 -0.278726 -0.063582 -0.179508 0.068207 1.970678 1.268965 1.703271 -1.074463 0.593171 -0.431765 -1.663387 1.496003 -0.293693 -1.055102 -0.414564 -0.796224 -0.693698 -0.221603 1.730815
-0.666317 -0.388406 -0.588792 -0.505658 -0.135739 0.013656 1.286050 0.566980 -1.664666 0.296252 0.783973 -0.289001 0.126256 -0.612858 -1.377626 -1.550377 -1.537068 0.669045 -2.490282 -0.666480
-0.765653 -0.265896 -0.631707 -0.164300 0.002082 1.132406 -0.621766 -0.095613 0.003774 0.244241 0.037014 -0.427111 0.343049 0.466147 -0.765135 0.426368 1.191720 0.705894 0.932375 0.171921
-0.936150 -1.097620 -0.853292 -1.104594 -0.727696 0.981822 -1.170436 -0.767273 2.278517 -0.214389 0.047515 -0.960417 1.565103 0.500333 -0.774601 -0.993825 0.307204 0.044206 0.832110 0.546968
-0.264480 0.568957 -0.103840 -0.302722 0.008350 0.016441 -0.897931 0.630680 -0.370428 -0.841884 -0.351607 0.242258 0.083038 0.422118 0.898346 1.304940 0.285486 -1.069402 -0.269111 -1.004318
1.696854 1.545064 1.196529 1.084908 0.996527 0.366056 -1.597454 -0.073932 -0.881153 0.281357 -0.059610 1.946822 0.916628 0.284512 -0.266940 1.676021 -0.029955 0.331674 0.042250 -0.404154
0.036506 0.025960 -0.127420 -0.234009 -0.284290 0.348221 -0.720369 -1.442854 0.784527 -0.567195 0.643235 0.389865 0.478300 0.033602 0.383644 -0.119454 -0.635307 -0.963499 -2.385009 -0.181110
1.519378 0.815042 1.438909 1.325428 1.004927 -0.119309 1.574934 -0.981087 -0.749970 -0.847270 -1.482118 -0.937045 0.103216 -0.712201 -3.856375 1.074273 -1.684094 0.589228 0.031215 2.117373
0.996957 0.645345 1.266845 0.810915 0.289090 0.190880 -0.131120 -0.343226 0.353514 0.189560 0.457401 0.138976 0.417681 0.093365 -0.659427 0.004001 -0.714387 -0.780377 -0.336150 -0.119423
0.035225 0.049798 0.374631 -0.188660 -0.256625 -0.608628 0.073741 1.002721 0.186506 0.226584 -0.705328 1.968859 -0.648356 -1.667783 0.860184 -0.114817 -0.303042 -0.545554 1.871715 0.354590
0.549751 0.517025 0.552263 0.566480 0.562256 -1.456938 0.868055 0.496702 0.107980 0.470753 -0.370744 0.020693 -0.131700 -0.591488 1.189173 -1.412259 2.360882 0.877362 -1.777976 -0.224166
-0.168546 0.332216 0.110549 -0.165507 -0.272077 -0.737618 -0.876752 0.918805 -1.696583 0.477879 0.797510 -0.218558 0.052373 1.163495 -0.704852 -0.601652 -0.495484 1.165326 1.292294 -1.395890
1.006241 0.561539 1.261293 0.437310 0.917523 1.145217 0.698904 2.244898 0.958708 0.153548 -1.174104 -0.580917 -1.435955 -0.215062 0.926068 -0.003671 1.021725 0.337574 -0.403092 0.087625
0.472097 0.499281 0.558563 0.116592 0.420291 2.258461 1.228466 -1.473841 -2.366969 0.076192 0.893473 -0.519942 1.021659 0.059655 -0.163061 0.756115 -0.531876 -0.286706 0.670167 -0.031396
1.908776 0.948415 1.160588 1.466959 1.891490 -0.322608 0.282378 -0.916293 1.039441 0.290605 1.982513 2.392298 0.763319 0.068425 -0.946065 0.904750 0.210285 0.538035 1.729787 -0.824423
-0.924304 -0.771093 -0.529331 -0.365310 -0.489712 0.756553 -1.201213 -0.837742 -0.115457 -0.553431 0.889859 0.286378 1.765561 -0.247185 -0.122202 1.210383 -0.090921 1.494005 0.540828 -2.352786
1.177570 0.937314 1.012173 0.678269 1.158565 -0.588705 -0.841121 1.741923 -0.011768 -0.036561 0.552008 0.569302 -3.334893 -0.646358 -1.412789 0.400306 -0.288892 0.015388 -2.078520 -0.309852
1.115130 0.987970 0.482176 0.943924 0.901157 0.724002 -0.117189 -2.025036 0.953595 -0.592166 0.346166 0.068394 1.538395 -0.125367 -0.015114 1.578615 -0.658222 0.814323 -0.198616 -1.002542
0.001161 -0.225157 -0.084667 0.475339 0.094231 -0.987249 -0.318739 -1.181531 -0.217386 -0.341665 0.727490 -2.205935 -0.733608 -0.725518 1.187127 -1.113844 0.226657 -0.128128 1.043043 0.595832
0.121244 -0.047367 0.414988 -0.292791 0.434291 -1.574868 -1.233694 0.252330 0.339142 -0.990647 -0.574065 -1.836489 1.377264 -1.299874 0.542259 -0.034961 1.289594 -0.792254 0.061253 -1.698427
-1.938527 -0.918802 -1.904017 -1.250268 -1.156330 0.746685 -0.664585 -1.588503 0.509495 1.342257 -0.662238 -0.803313 -0.524902 0.571609 1.228518 -1.239607 -1.498282 2.339996 -0.177323 0.252893
-0.691931 -0.135779 -0.859480 -0.235155 -0.421333 -0.326745 -0.262882 0.231406 0.464962 0.227947 -1.284415 0.312515 -0.374174 -0.580977 0.032482 -0.961523 -1.135391 -2.615469 1.747237 0.555731
-0.116764 -0.019198 -0.134657 -0.110280 -0.020038 0.942174 0.642292 0.158392 1.303874 -0.328537 1.085189 -0.384582 -0.881141 -1.005713 -1.064496 0.659068 -0.742746 -1.033029 0.713735 0.327970
0.962592 0.002821 0.779918 1.045299 0.835283 -0.919159 -1.104625 -0.680722 2.036582 -0.412744 1.232867 -0.468661 0.888839 0.902492 0.952591 0.387827 1.377367 0.378354 1.713530 -1.619920
