0.496714,-0.138264,0.647689,1.523030,-0.234153,-0.234137,1.579213,0.767435,-0.469474,0.542560,-0.463418,-0.465730,-4.395002,2.537428,0.380446,-0.759249,1.714317,3.049277,-5.603823,0.868527,-2.853298,0.998221,0.255854,1.271453,-0.998495
0.241962,-1.913280,-1.724918,-0.562288,-1.012831,0.314247,-0.908024,-1.412304,1.465649,-0.225776,0.067528,-1.424748,-3.746480,-0.900736,0.813695,2.030785,-2.343663,2.054121,-1.295745,0.724900,-1.019788,0.364341,1.783755,-2.454028,-1.359812
-0.544383,0.110923,-1.150994,0.375698,-0.600639,-0.291694,-0.601707,1.852278,-0.013497,-1.057711,0.822545,-1.220844,0.369925,4.803167,-1.726379,4.080268,4.008847,-0.194622,-0.596305,-1.384130,-0.136405,-2.813439,-0.152478,2.993761,-1.222170
0.208864,-1.959670,-1.328186,0.196861,0.738467,0.171368,-0.115648,-0.301104,-1.478522,-0.719844,-0.460639,1.057122,-0.481449,-3.402281,0.748124,0.528963,0.127405,-0.433654,-0.585516,1.003800,-0.057633,0.629944,0.429966,2.246855,1.353988
0.343618,-1.763040,0.324084,-0.385082,-0.676922,0.611676,1.031000,0.931280,-0.839218,-0.309212,0.331263,0.975545,0.385724,3.036844,0.840537,2.609925,1.213885,-3.683838,2.609670,0.270352,-0.103910,0.562697,-0.689966,0.454058,-1.183752
-0.479174,-0.185659,-1.106335,-1.196207,0.812526,1.356240,-0.072010,1.003533,0.361636,-0.645120,0.361396,1.538037,2.548545,-0.227176,-0.765168,-1.849852,0.537552,0.374214,0.776849,-2.054504,-3.202362,1.251183,2.969284,-2.052707,3.178883
-0.035826,1.564644,-2.619745,0.821903,0.087047,-0.299007,0.091761,-1.987569,-0.219672,0.357113,1.477894,-0.518270,0.567822,-0.014126,-0.795097,-2.769036,1.975457,-1.551213,-1.559613,1.983853,-3.765967,-3.047196,-0.036268,0.586569,0.969469
-0.808494,-0.501757,0.915402,0.328751,-0.529760,0.513267,0.097078,0.968645,-0.702053,-0.327662,-0.392108,-1.463515,-0.603597,5.060739,-0.455785,-0.461572,-1.593973,0.247814,1.229922,2.407156,-2.978569,-0.491991,0.893407,1.174115,0.013097
0.296120,0.261055,0.005113,-0.234587,-1.415371,-0.420645,-0.342715,-0.802277,-0.161286,0.404051,1.886186,0.174578,1.084848,-1.617928,3.115811,1.985256,-2.689856,-2.150206,-2.093844,1.355940,-2.569456,-0.662049,0.909409,-0.132332,0.517775
0.257550,-0.074446,-1.918771,-0.026514,0.060230,2.463242,-0.192361,0.301547,-0.034712,-1.168678,1.142823,0.751933,-2.131605,1.189709,-1.226424,-0.649239,0.475463,0.206156,0.047960,-1.501254,-0.599099,0.004367,-2.750170,-0.925066,0.775360
0.791032,-0.909387,1.402794,-1.401851,0.586857,2.190456,-0.990536,-0.566298,0.099651,-0.503476,-1.550663,0.068563,-2.554873,2.313163,2.539227,-2.490301,2.715239,-0.287163,0.837029,-0.993302,1.846090,0.812188,-1.628307,-2.330404,-2.920605
-1.062304,0.473592,-0.919424,1.549934,-0.783253,-0.322062,0.813517,-1.230864,0.227460,1.307143,-1.607483,0.184634,0.375884,1.144943,1.301931,-0.235962,-2.313993,-1.364150,2.304697,-0.969257,0.286835,-2.151301,0.673166,-0.915369,2.093425
0.259883,0.781823,-1.236951,-1.320457,0.521942,0.296985,0.250493,0.346448,-0.680025,0.232254,0.293072,-0.714351,1.547115,-0.991412,-0.253328,-1.102232,-2.838866,-1.714885,0.396435,0.650519,0.297096,-0.603466,1.866133,0.127084,1.406508
1.865775,0.473833,-1.191303,0.656554,-0.974682,0.787085,1.158596,-0.820682,0.963376,0.412781,0.822060,1.896793,-3.547550,-7.844801,0.567576,-2.849531,-0.424903,-0.604194,3.174801,0.799993,0.331718,1.673982,0.736995,-0.915354,2.142952
-0.245388,-0.753736,-0.889514,-0.815810,-0.077102,0.341152,0.276691,0.827183,0.013002,1.453534,-0.264657,2.720169,-2.219500,0.646494,-3.095140,0.407888,0.385979,3.352910,-3.129948,-1.201774,1.645365,0.670635,0.360610,-1.912271,-1.181637
0.625667,-0.857158,-1.070892,0.482472,-0.223463,0.714000,0.473238,-0.072829,-0.846794,-1.514847,-0.446515,0.856399,2.490082,-0.103018,0.750719,-0.230377,-2.366171,1.867621,1.006465,4.611274,-2.031163,1.645146,-2.623088,0.314693,1.953013
0.214094,-1.245739,0.173181,0.385317,-0.883857,0.153725,0.058209,-1.142970,0.357787,0.560785,1.083051,1.053802,-4.144270,-0.409865,-1.126419,-1.403915,0.770425,2.241371,-0.266557,0.410973,0.228618,0.003607,-2.178685,2.216889,0.590391
-1.377669,-0.937825,0.515035,0.513786,0.515048,3.852731,0.570891,1.135566,0.954002,0.651391,-0.315269,0.758969,0.789763,-1.613019,-0.918441,-0.352268,-3.068249,-3.376069,-1.201496,1.045042,-1.306275,-2.037610,-1.629371,-0.910685,-0.707718
-0.772825,-0.236819,-0.485364,0.081874,2.314659,-1.867265,0.686260,-1.612716,-0.471932,1.088951,0.064280,-1.077745,4.331043,2.109241,2.049548,2.337161,-1.997642,-2.444729,-2.213741,2.669012,-1.094384,-2.502712,-0.861992,-0.477211,0.536827
-0.715304,0.679598,-0.730367,0.216459,0.045572,-0.651600,2.143944,0.633919,-2.025143,0.186454,-0.661786,0.852433,0.501902,-1.656361,1.371313,-1.278387,-0.312553,1.373548,-1.283643,-1.138703,1.183336,-1.715466,-0.769584,1.111484,4.108185
-0.792521,-0.114736,0.504987,0.865755,-1.200296,-0.334501,-0.474945,-0.653329,1.765454,0.404982,-1.260884,0.917862,1.210809,0.945280,1.061603,-2.146381,0.231193,-0.059533,0.643169,0.233016,0.759399,-0.622934,0.117218,-2.455657,-0.639815
2.122156,1.032465,-1.519370,-0.484234,1.266911,-0.707669,0.443819,0.774634,-0.926930,-0.059525,-3.241267,-1.024388,2.781667,0.637617,-0.041842,3.792247,-2.721670,-2.218911,3.425423,0.091922,-0.485166,-2.398409,0.895393,1.088920,-2.188989
-0.252568,-1.247783,1.632411,-1.430141,-0.440044,0.130741,1.441273,-1.435862,1.163164,0.010233,-0.981509,0.462103,-0.280551,-0.671032,0.511954,-2.238500,2.503895,1.831648,-0.726351,-0.432837,-0.272844,-1.556617,-0.886859,-0.540541,3.225737
0.199060,-0.600217,0.069802,-0.385314,0.113517,0.662131,1.586017,-1.237815,2.133033,-1.952088,-0.151785,0.588317,1.893237,1.869309,0.739851,-2.234654,-0.082982,1.940977,-2.516529,1.273106,4.645218,2.123633,2.828058,0.436678,1.935864
0.280992,-0.622700,-0.208122,-0.493001,-0.589365,0.849602,0.357015,-0.692910,0.899600,0.307300,0.812862,0.629629,-1.435706,1.591728,1.308776,0.579822,2.632015,-1.077570,-0.374115,0.190924,-2.059222,0.453864,-3.437861,2.093909,0.093275
-0.828995,-0.560181,0.747294,0.610370,-0.020902,0.117327,1.277665,-0.591571,0.547097,-0.202193,-0.217681,1.098777,-1.041786,-1.668747,-0.469158,1.376519,1.095478,-1.411076,-1.692079,1.313797,-1.444695,0.119820,0.247509,0.624124,1.716541
0.825416,0.813510,1.305479,0.021004,0.681953,-0.310267,0.324166,-0.130143,0.096996,0.595157,-0.818221,2.092387,-2.525926,-3.822319,-1.134895,3.603057,4.044348,3.662354,-0.385963,-3.564230,-4.686078,-1.228076,-0.396147,2.601251,1.735611
-1.006017,-1.214189,1.158111,0.791663,0.624120,0.628346,-0.012247,-0.897254,0.075805,-0.677162,0.975120,-0.147057,0.454810,-1.779690,-1.921559,0.508255,1.394102,0.783763,-2.069196,1.301335,0.851822,-2.141333,-1.568642,1.376992,-0.469015
-0.825497,-0.321386,0.412931,-0.563725,-0.822220,0.243687,0.244967,-0.506943,-0.471038,0.232050,-1.448084,-1.407464,3.178295,1.002259,-0.973262,-0.020411,0.126767,-1.456781,-1.825176,1.402780,1.690547,1.207563,3.030636,-1.083546,3.348542
-0.718444,-0.213447,0.310908,1.475356,0.857660,-0.159939,-0.019016,-1.002529,-0.018513,-0.288659,0.322719,-0.827231,-1.801842,-2.025371,-3.519918,-0.891591,-1.007445,1.051875,0.487782,-2.385947,-0.785452,-0.742924,-3.551964,-1.961893,-1.541627
0.519347,1.532739,-0.108760,0.401712,0.690144,-0.401220,0.224092,0.012592,0.097676,-0.773010,0.024510,0.497998,2.867250,0.382901,1.324338,-2.997271,2.388429,2.602204,-3.996690,-1.410633,0.991531,1.288777,-1.356989,-0.610999,-1.194762
1.451144,0.959271,2.153182,-0.767348,0.872321,0.183342,2.189803,-0.808298,-0.839722,-0.599393,-2.123896,-0.525755,0.220836,2.394357,-1.542084,2.001641,-1.563344,-1.695254,1.637189,1.843873,1.702820,-2.631595,-0.931902,1.645977,0.083084
-0.759133,0.150394,0.341756,1.876171,0.950424,-0.576904,-0.898415,0.491919,-1.320233,1.831459,1.179440,-0.469176,-2.147386,0.916636,-1.429615,3.589050,3.089683,1.208195,2.722013,0.129583,1.530875,2.955441,0.490997,-0.510374,-3.409244
-1.713135,1.353872,-0.114540,1.237816,-1.594428,-0.599375,0.005244,0.046981,-0.450065,0.622850,-1.067620,-0.142379,-0.166267,1.646846,1.891267,1.008730,-1.082598,-3.953643,-0.990430,-0.608690,-0.625858,1.237113,3.971353,0.247058,-0.433464
0.120296,0.514439,0.711615,-1.124642,-1.534114,1.277677,0.332314,-0.748487,1.551152,0.115675,1.179297,0.067518,-0.518444,0.248770,-1.656588,0.240397,0.901625,0.419372,0.915084,0.867495,-3.543793,1.273740,-1.342030,-2.191678,-2.208904
2.060748,1.755341,-0.248964,0.971571,0.645376,1.368632,-0.964923,0.686051,1.058424,-1.758739,-1.183259,-2.039232,0.867083,-0.445150,-3.363938,0.956076,-2.879216,0.279643,0.476998,1.771154,3.563370,-2.729353,-0.104948,-0.552671,0.867499
-0.269407,0.717542,1.502357,0.074095,1.628616,-1.380101,-1.703382,-0.055548,0.384065,-0.032695,-2.067442,-0.089120,0.431338,-0.705092,-0.881804,-2.232902,1.975723,0.918408,1.835536,-0.620792,-1.313671,-2.156630,0.717835,-2.079586,3.697326
-1.304470,0.669673,0.366598,-0.939880,-0.513867,-1.059214,-0.062679,0.955142,-0.985726,0.504047,-0.530258,-0.792873,-2.615285,0.547320,3.133709,1.198180,0.351347,-1.936967,-2.763538,1.540100,3.012294,-0.877700,-2.278123,-4.916339,-1.961530
-0.107030,-1.035242,-0.553649,-1.197878,1.964725,0.035264,-0.699726,0.213980,-0.112328,-0.220970,0.614167,0.757508,-0.227314,3.198246,1.346267,0.610171,-0.800239,-1.166331,2.811295,0.401477,-4.205201,-1.347079,-1.716432,-1.092528,1.125821
-0.530501,-0.575818,-0.275052,-2.301921,-1.515191,1.366874,1.644968,-0.249036,0.576557,0.311250,3.078881,1.119575,-0.214890,-0.153731,2.626946,-1.392922,3.728399,-1.342615,0.178396,-0.562407,0.246838,0.889184,0.867670,-1.506235,-2.245829
-0.127918,-0.955540,-1.606446,0.203464,-0.756351,-1.422254,-0.646573,-1.081548,1.687142,0.881640,-0.007973,1.479944,5.006344,-0.967969,1.398425,-3.215283,-0.559225,-0.254399,0.945630,-5.444908,0.332281,-2.299483,0.648691,-2.072658,-1.710965
0.077368,-0.861284,1.523124,0.538910,-1.037246,-0.190339,-0.875618,-1.382800,0.926178,1.909417,-1.398568,0.562969,-0.547255,-2.104659,-0.951069,-2.386752,-3.666341,2.035914,-2.592097,-0.357362,1.505782,-1.229888,-1.650332,0.452476,2.235868
-0.650643,-0.487125,-0.592394,-0.863991,0.048522,-0.830950,0.270457,-0.050238,-0.238948,-0.907564,-0.576771,0.755391,-2.338631,-0.300296,-3.464989,-0.786402,0.068409,-1.709249,-0.913984,-2.816454,0.154157,2.111388,-2.194288,-1.245344,1.005092
0.500917,-0.977555,0.099332,0.751387,-1.669405,0.543360,-0.662624,0.570599,-0.763259,-1.804882,-1.627542,0.048085,2.424181,-2.986380,-0.337569,0.566262,-0.204113,-4.953584,1.002180,3.038673,0.233324,-2.062212,-1.026254,3.539826,1.819925
0.259723,-0.904317,0.638592,-1.661520,-0.066080,-1.211016,-0.651836,0.047399,-0.860413,-0.384556,1.006293,-0.576892,1.280053,0.712825,-1.322274,-0.401142,-0.155845,1.099149,3.017838,2.236676,-2.838769,0.447990,1.473527,1.237721,-1.258468
0.835692,-1.129707,0.529804,1.441569,-2.471645,-0.796895,0.577072,-0.203045,0.371146,-0.603985,0.086590,-0.155677,5.828218,-2.554169,-2.166377,0.467190,4.233606,-1.672390,-0.531657,2.154587,-0.035724,-0.669208,1.131266,0.545036,2.060878
1.167782,0.254421,0.337603,-0.411877,-0.487606,-0.432558,0.394452,-0.420984,0.289775,2.075401,0.871125,-0.326024,2.582938,0.614006,0.583465,0.428222,0.978261,0.110341,-0.001217,2.393254,3.032232,-3.015106,0.020042,-1.377389,-0.621943
1.201214,-0.408075,-2.038125,-1.008086,-1.870792,-0.351513,0.018418,1.676437,0.326927,-0.219101,0.829406,-2.211135,0.805032,1.338877,-0.224253,-3.826681,-1.930091,1.792999,-5.480853,2.374854,1.042460,2.632352,-0.397138,-4.122811,0.860725
0.235615,0.770865,-1.478586,1.143754,0.338496,-0.415288,0.632782,2.270693,0.181866,0.248221,-0.459361,-0.849844,2.549306,1.849444,-1.325383,0.173522,-1.065673,-1.638533,1.910777,-2.395065,-1.787633,-2.208051,-2.980495,0.292829,2.323006
0.830336,-0.856084,0.071566,-0.477657,0.478980,0.333662,1.037540,-0.510016,-0.269875,-0.978764,-0.444293,0.377300,-0.369754,-3.011496,1.679889,3.371404,-1.292485,-0.957109,1.031321,3.243747,-1.039668,-2.664900,1.262837,1.598136,0.012263
0.756989,-0.922165,0.869606,1.355638,0.413435,1.876796,-0.773789,-1.244655,-1.778720,1.496044,0.654366,-0.055585,-1.116267,1.988757,1.056072,-1.536871,0.098189,-2.703415,1.371781,-0.524467,-0.871422,-0.065749,0.080615,1.789860,1.182181
0.279969,-1.125489,2.445752,0.129221,0.109395,0.725767,0.481009,0.223884,-0.790474,0.471468,1.882024,1.345420,-0.312819,1.527336,0.801475,-0.853199,-0.249436,-0.296446,1.010523,-0.734045,-0.780818,3.937515,1.879471,-1.521201,1.141882
1.593187,-0.511216,-0.989605,-0.125787,0.055725,1.094192,-1.692465,1.529550,-0.158008,-0.426881,-1.012104,-1.654857,0.236700,0.783102,0.274683,2.379285,0.691241,-0.124177,2.084381,0.466570,0.242957,0.628045,-0.187218,0.018454,-1.173389
0.823171,0.073318,-1.289961,-1.295079,-0.335785,1.669022,-0.259591,-1.503143,-0.245743,-0.272724,-2.696887,-0.054295,-1.502334,-1.997141,-2.783967,-1.759435,-0.348534,0.206235,-0.542593,-4.711407,3.149173,2.172960,0.891520,3.814981,-1.954728
-0.230935,0.696206,1.848956,1.126565,-0.268889,-1.106526,2.573360,0.059218,0.013929,-0.024125,0.198085,-0.144360,3.775250,-1.930428,0.477476,-2.547675,0.029388,0.772333,-0.309381,1.427755,0.198029,-1.044829,-1.133627,1.621828,-1.307484
-0.573662,-0.546859,-0.032753,-0.543425,-0.712846,0.106430,-0.254977,1.503993,-2.650970,1.091507,1.246085,-2.073390,1.830806,2.445424,-3.337428,2.265853,4.120845,0.504008,1.198168,2.074011,-0.550965,0.364560,-2.628399,0.277270,0.996224
-0.342688,-0.371441,-1.407512,-0.777817,-1.110576,1.752270,0.935678,1.271555,0.721672,-1.129052,-0.524520,0.489375,1.032326,2.130849,-1.549604,-1.065214,3.791015,-0.300657,0.400068,-0.134020,-1.643362,3.247058,-1.055403,-2.254571,-0.901481
-1.222128,0.712998,-0.240325,-0.374821,0.710960,0.444263,-0.360966,1.159330,-1.081063,0.615936,0.593101,-0.309546,-4.003412,-1.302575,-1.936257,1.234857,-1.346828,1.775608,2.796968,1.562351,-0.430777,0.282229,-3.049970,-0.267559,-1.720877
0.326133,-1.251114,0.924027,-0.184902,-0.522723,1.049009,-0.704344,-1.408461,-1.556629,0.606010,-1.280429,1.754794,1.388653,5.145505,0.999643,-3.982280,-0.722460,0.244982,0.174715,-1.461626,0.490583,-2.485002,-1.889817,1.291595,-2.031326
-2.081929,1.696456,0.211017,-0.096713,-0.544919,0.399136,-0.037635,1.103302,0.114228,0.150302,-0.363612,-0.056946,1.076423,-2.738928,3.529652,-1.548540,-0.447333,0.661227,-1.130700,0.286812,1.150713,1.921226,1.582995,-0.343621,-0.293264
0.307802,-1.710168,-1.348185,0.743264,0.170865,-0.183983,0.018434,0.347582,-0.539760,-0.778305,0.195845,-0.978373,4.698217,1.899778,-1.843647,0.199976,-0.670286,-0.270668,-2.458990,-0.823846,3.623112,1.158153,-4.982323,2.433447,2.179259
0.408253,-1.702584,1.029156,0.472597,0.256030,0.982691,1.665474,1.014370,-1.840874,-1.279577,-0.624819,0.026091,-0.718571,1.434527,-1.718798,-0.940511,2.997093,-0.543460,-3.739463,-0.126606,-0.157177,2.396737,0.028673,-0.843165,2.090112
0.517659,-0.725744,0.186767,-0.755383,-0.611518,-1.406661,-0.923233,-1.351685,-0.975873,1.053642,-0.949399,2.632382,0.241580,-1.500045,2.309995,0.387324,0.005852,0.355817,-2.141337,-1.055308,0.007165,-0.389327,2.544857,0.434812,1.709808
0.493318,0.184836,-0.858358,0.700310,-0.575638,0.122010,2.560085,-0.096060,1.149273,-0.703176,-0.034988,1.770801,0.018791,2.112577,0.795056,0.026841,-0.026566,-1.908877,1.013831,-0.080409,-1.003984,2.212924,-2.500432,-0.844992,2.055437
-0.626967,1.812449,0.707752,-0.562467,0.632408,0.972554,0.621810,-1.570225,-0.727137,-0.247519,-0.074433,0.620672,0.631046,-0.095718,0.502007,0.358828,-3.033325,-0.698524,3.233043,-1.318648,-0.636602,-1.083242,-0.174030,-1.166246,0.973483
0.177701,-1.335344,0.380198,0.610586,0.559790,1.080781,0.833922,0.459180,-0.070166,-1.660961,0.429618,0.207688,0.394627,1.547095,-2.101882,-0.680681,-0.451445,0.911294,-1.586442,1.831308,2.372831,-1.977745,-0.981746,-1.063863,5.264772
0.271579,-1.276749,-1.081057,1.053153,-0.039555,0.681501,0.028318,0.029756,0.938284,-0.516045,0.096121,-0.462275,-0.859800,3.355251,-2.533264,-1.979302,-1.373209,-1.691379,-0.535797,-1.417556,-1.638683,2.316944,2.447587,1.898593,1.047998
-0.434496,-0.309172,0.222134,-0.478749,1.255756,-0.894607,-0.186872,-0.439731,1.446978,0.196555,1.031845,-1.485560,0.185486,-0.994061,-1.906315,0.725991,-2.347261,-1.987842,2.305827,3.801298,0.786590,2.212914,-0.491697,-2.675348,1.224343
0.267050,0.889631,0.082284,1.065480,-0.517288,1.409347,2.298898,-0.362839,-0.445503,1.453384,1.579572,-0.522860,1.138579,0.143337,-0.484751,1.924421,-1.971466,-1.547561,-2.016213,0.169946,-2.175786,-1.368484,-1.411511,-0.521217,-2.974749
-0.420187,-0.281785,-1.344451,-0.918652,-1.004141,-0.767798,-0.034685,0.234215,1.550500,-0.998354,0.984322,-0.213989,0.174410,2.494607,0.270983,3.082642,2.667996,1.555470,0.149372,0.045001,1.527600,-0.783341,-3.765042,0.984008,-2.262137
-0.049464,0.674819,-1.122722,0.382410,0.166452,0.492451,0.289169,2.455300,-0.637740,-0.530997,-0.623141,-0.555477,-1.924282,0.000448,-0.190250,-2.824151,0.330983,1.932279,-2.256683,2.544967,-3.120342,4.234648,-0.822521,0.291234,-3.784067
-0.637387,1.189017,1.420504,-0.570746,-0.832356,0.471416,-0.552223,0.632932,0.202923,-1.515744,1.547505,1.795878,-0.124272,0.456964,-0.172324,-1.126162,-1.893129,2.261053,0.061614,3.081505,-1.052965,-0.869589,1.631188,-3.245950,-2.426927
-0.612789,-0.387702,0.285865,0.334457,0.658544,2.010205,-0.176947,-0.798297,-1.379319,-0.730930,-0.033127,1.794558,2.194970,-2.343868,-3.638102,3.737054,-2.787635,0.368239,0.138170,-5.621257,-0.534634,0.896826,0.708619,1.807041,-0.774983
-0.517611,0.223788,-0.016423,1.188393,2.526932,-0.530869,-0.489439,1.044161,0.681891,1.846707,0.583928,-0.359292,1.425009,-1.378658,-2.820935,-2.595457,-2.924221,2.019172,-3.029147,0.548078,-0.531848,-0.205297,2.727215,-0.876855,1.223203
0.590655,1.108704,0.820482,0.507274,1.066675,1.169296,1.382159,0.648710,-0.167118,0.146714,1.206509,-0.816936,0.075127,-0.304038,4.599938,-2.882683,2.578264,1.312813,-0.959050,3.258637,-3.696220,-1.043533,-2.416964,0.824167,-2.226128
0.368673,-0.393339,0.028745,1.278452,0.191099,0.046437,-1.359856,0.746254,0.645484,2.163255,-0.307778,0.219150,0.866128,-0.372873,-0.958708,0.777294,-0.537243,-2.177270,5.602746,-0.974334,-4.435218,-1.684197,-2.534553,1.652291,0.643305
0.249384,1.577453,-0.095296,0.279022,0.607897,0.186609,-0.446434,0.194090,1.073632,-1.026515,0.132970,-0.700121,0.797426,-0.740045,-0.558700,-0.741862,-0.162386,1.670667,0.672151,1.000226,0.999118,1.768885,0.576300,0.717696,2.377612
1.195047,-1.523187,-0.558922,0.377212,1.565524,-0.065750,-0.555200,1.881157,-1.448014,-2.198806,0.440014,-0.502054,-1.330092,-1.711485,-2.371843,0.365829,-3.707464,0.924308,-0.218386,2.269279,-1.343835,-0.406637,2.244407,2.766271,-1.360305
-1.021233,0.708356,0.243801,-0.564079,-1.280304,0.872457,0.650201,-0.099176,1.846637,-1.070085,-1.525525,-0.691908,0.363562,0.588838,0.747307,-0.525151,2.562767,-3.779407,-0.842260,0.895861,0.914450,2.705518,2.396451,-0.571083,2.599742
-0.045586,0.243339,-0.241236,0.352055,-1.251539,1.443765,-0.082151,1.117296,0.342725,0.456753,0.569767,0.447709,-1.428083,1.861775,3.621045,2.429888,0.211541,-0.663558,-3.057183,0.621079,-2.230434,-1.586269,-2.381492,-0.920785,-0.055939
0.642723,1.329153,0.196521,0.709004,-0.089736,1.440117,-0.676392,1.800940,-0.040158,-1.430775,0.128104,-0.681052,0.547229,-1.201013,2.138567,-0.416411,-1.575445,0.452585,3.927106,0.670321,-0.725711,-3.054923,-0.438825,0.469856,-0.775162
0.840644,-0.652624,-0.446183,-1.889541,-0.452306,-2.423879,-1.583903,0.760415,0.785800,0.425458,-0.966976,-0.047711,-3.330769,-1.701131,2.909077,2.868002,-1.773278,1.345514,-2.357146,2.808633,0.490472,1.899283,-3.430187,1.355274,-0.015348
-0.003603,-1.158365,1.503398,0.877362,-0.220964,0.026886,0.208383,-2.041735,-0.247177,-0.681984,-1.001620,-0.281100,1.703858,1.829736,0.131569,-1.201659,1.559392,-0.120309,-1.745570,-1.840304,-2.954329,-1.020582,2.205384,0.355660,-1.059535
1.797687,0.640843,-0.571179,0.572583,1.399355,0.924634,0.059630,-0.646937,0.698223,0.393485,0.895193,0.635172,1.609712,-1.664953,0.190701,-0.359261,1.558261,-3.154457,-1.700395,-3.276491,-0.519193,2.422855,-1.010894,-1.021368,1.743449
1.049553,-0.535235,1.317394,0.197600,2.075261,-0.689188,1.735964,0.197911,-0.651418,-0.483886,-0.320347,0.424166,2.137099,-0.177142,1.369430,-2.153909,2.755949,4.297413,1.042432,-4.168663,-1.116461,1.225651,-0.842966,2.544397,1.176315
0.522835,-0.573700,-0.024355,2.142270,1.727543,0.436324,0.038003,0.120031,0.613518,-1.022793,-0.257377,-1.668584,-1.412951,0.064530,-1.787666,-0.365170,-1.109186,2.349524,4.232024,-2.862377,-3.846433,-0.490345,-3.036831,0.092423,1.497872
0.399223,0.647196,-0.483186,1.573987,-1.225766,-1.464375,0.224452,1.047098,1.683928,-0.458884,1.078681,-0.038508,2.988284,0.402789,-0.386310,-3.956770,0.052370,0.142575,1.277914,-1.416976,-0.870105,-2.956005,-4.582586,-2.216994,-3.140652
-0.172627,0.883660,0.652323,-1.576392,1.476540,1.380091,-0.625563,0.395804,0.494030,0.260674,-0.550305,-0.671623,0.673425,-1.036268,-1.076474,-1.968826,-6.465131,3.016621,-2.000541,-0.824840,-2.909784,1.943861,0.286858,-1.652731,-0.784459
-0.025554,1.172729,0.543600,-0.370614,0.771699,-2.848543,1.148766,-1.739714,-0.362441,-1.119670,-1.294681,1.160827,3.356360,-0.145939,-0.363467,-1.882763,-3.789162,-0.320077,0.650970,2.199169,-4.496993,-2.250193,-1.161482,-0.006962,-0.290067
-0.467701,0.346504,-0.046921,0.477041,0.076822,-1.282992,0.996267,-0.493757,-1.556582,-0.428115,1.500760,0.850222,-0.243377,0.816192,-1.806586,1.868283,0.866905,-0.639665,3.201816,3.112832,1.865791,-6.037114,3.157890,1.589517,4.012817
-0.348652,-0.349258,-0.321635,2.076748,0.381935,0.430042,1.030283,0.238789,-0.259042,-0.196350,-0.071601,-0.037222,2.474929,3.156685,1.757310,2.697386,3.988247,0.433109,-3.144461,-0.614922,0.779891,0.149775,-2.493124,-3.262135,-1.482325
0.727630,0.051946,0.732640,-0.080717,0.078635,-1.998201,0.916328,0.346488,0.998010,-2.896255,2.088375,-0.139590,1.615479,3.160680,1.833135,2.114855,-0.161631,-3.484165,-0.910441,-0.517529,-0.994105,0.109390,0.882840,1.706030,-0.556240
1.108183,-1.039906,0.612774,-1.053416,-0.623769,1.914031,-0.190682,0.217433,0.870068,0.495682,0.150419,0.364961,-3.807519,-0.965755,0.087421,2.445616,-1.135616,1.025087,0.580176,0.087801,1.861067,-1.321682,-1.150373,-0.023802,-1.280293
2.403416,-0.057619,0.201099,1.050654,1.105526,1.187030,0.638730,-1.143005,1.633432,-1.146345,0.302635,-0.754276,1.016025,-1.426385,0.452608,-0.200346,0.429852,-0.919483,-0.678177,0.192019,0.404149,-0.008404,3.410725,-1.981474,-0.128408
-0.064138,0.328762,0.321357,0.421921,1.613711,0.453534,-0.244157,0.964087,1.189470,-1.227608,0.597400,0.701173,-3.147258,0.744163,-2.230493,-0.556621,-0.744129,0.561782,-1.105582,-1.190611,2.871713,0.569134,-1.122102,-0.501667,3.290710
-0.297564,1.375707,-0.150056,0.125576,-0.173072,0.015579,-1.096275,-1.440051,1.594505,-0.846961,-0.991392,-2.153390,-0.470330,-1.378553,-1.369992,-1.098253,-1.188995,-2.559296,-2.248400,-1.658641,1.183142,-0.762475,-0.414323,2.540176,2.590014
-0.638962,-1.323090,1.642015,1.009817,-0.688150,2.252436,0.981765,-0.324831,-2.499406,2.290943,-1.389572,-1.645399,-0.564250,-1.261727,-1.728861,1.385552,-0.409414,-0.772990,-1.627329,-1.539333,0.640116,-2.630877,1.989737,-1.067689,-0.299272
1.022570,2.439752,1.384273,0.563909,0.594754,0.853416,0.758929,0.281191,0.104201,-0.062593,-0.753965,-0.280675,-2.673956,-0.024732,-0.656642,-0.100161,2.943418,0.355396,-1.589318,-1.422640,1.190262,2.597387,0.563836,1.377425,1.219475
-1.692957,-0.098340,-0.988591,-1.103589,0.179894,1.392002,0.918317,-1.570501,-0.989628,0.940771,-0.982487,-0.224633,2.838129,-3.899180,1.334438,1.967472,-2.677447,-1.771336,-1.701565,-1.457580,-0.963434,0.485206,1.731349,2.162634,-1.675646
0.550052,-0.968344,0.105376,-1.334025,-0.601368,0.319782,-1.592994,0.440475,-0.019638,0.552490,0.223914,1.364140,-1.689406,2.631644,1.293488,0.165730,0.946673,-0.059608,1.049169,-0.672133,0.537610,-3.021092,-1.375569,-1.354022,-0.748780
0.125225,-0.429406,0.122298,0.543298,0.048860,0.040592,-0.701992,-0.662901,-1.402605,1.749577,-1.243863,-0.692905,-1.853027,-1.067087,-3.028828,1.097401,-0.165027,-3.410415,-1.669660,0.673203,-1.086044,-1.393883,-0.149185,0.687195,-2.872705
-0.718407,0.894924,-0.294950,1.247742,-0.673491,0.278994,-0.835347,2.145149,-1.187598,0.309821,0.633777,0.413799,1.100257,-1.600587,-0.035856,-0.070840,-1.054132,-2.047319,-0.571373,3.250661,-2.723350,3.384626,-0.519442,0.070743,-2.173422
-0.185288,-0.129821,0.043811,-0.147002,0.963879,2.210523,-0.557492,-1.369803,-0.088282,2.579709,-0.803675,1.639117,-1.542539,-1.005819,-2.091390,-0.417836,-0.814032,3.701562,-2.331948,0.205381,0.495693,-2.140641,1.373655,-0.796654,-4.984779
1.677701,-0.553588,0.568983,1.628397,-0.379128,-0.203580,-0.581681,-1.014757,-0.649278,-1.223940,0.034083,-0.769973,1.319699,-2.233882,-2.095550,1.375804,-0.694323,1.835544,2.420332,-1.289857,1.586525,-1.510922,4.466232,-1.385914,2.052175
0.233786,-1.555896,0.330880,0.833529,-1.993736,0.374057,1.227669,-1.209641,1.672572,0.419019,-0.705012,-0.055769,1.687580,0.632176,-1.341086,-0.302795,-4.307176,0.448840,0.699231,0.266999,-5.946612,-2.531273,-1.496182,0.583318,0.578678
0.558327,0.076005,0.538756,-0.920674,0.169361,-1.413714,-0.111226,-0.903908,-0.735530,1.236093,1.091310,0.609138,-0.340448,1.270491,-2.052485,1.220470,0.949484,0.755109,-0.364081,3.661488,0.986391,-1.936672,0.496611,1.504967,-1.176217
-1.092313,-0.316408,1.213098,0.141717,2.319330,0.393318,0.192049,-0.309116,0.133541,-0.152470,0.708109,0.956702,2.178544,0.764067,-4.684957,0.599344,-0.812058,1.074360,1.888430,0.390324,3.330504,-0.357414,1.249636,1.609885,-0.194692
-0.785989,-1.331233,-1.836205,0.507991,-1.103367,-2.152891,0.388579,2.493000,-0.006071,0.838491,0.081829,-0.098890,1.557549,-1.189346,-0.845137,-2.624977,0.482818,0.650503,2.358526,1.582280,-0.569591,-2.356359,0.865701,2.221506,1.510370
0.919076,-0.290275,0.267392,0.321698,-0.668090,0.992042,-0.174960,-0.755745,0.536510,-0.898468,0.028181,-0.009119,2.168955,-0.423779,-0.933238,-1.473803,-0.111793,-0.157182,0.413355,-0.258595,-0.267255,-1.553388,1.883238,0.153036,-0.348888
1.085896,0.474698,-0.025027,0.817766,1.390208,0.557810,0.010353,-1.311836,-1.065114,-0.305225,-0.609512,-0.186971,-1.494859,-2.663826,2.615928,1.109277,-3.247836,1.526285,1.844962,0.248752,3.196222,0.433439,-2.833647,0.730338,0.489795
0.056650,0.529693,-0.070499,0.486502,0.064474,-1.975467,-0.939335,-0.144088,-1.209695,0.599929,1.530751,1.218762,-1.206594,1.147118,-3.335331,1.981134,-1.756243,-1.969892,-0.227650,0.865946,0.327848,-1.485318,-1.012179,-2.266085,-0.449360
-0.213443,1.490726,0.148667,-0.337086,-0.613403,-0.302470,-0.388177,0.170416,0.160574,0.003046,0.436938,1.190646,2.150042,-0.008526,1.718829,2.910803,-1.176037,-0.373147,4.342386,2.888687,-3.344809,0.774297,0.001120,1.652906,-1.489958
0.949554,-1.484898,-2.553921,0.934320,-1.366879,-0.224765,-1.170113,-1.801980,0.541463,0.759155,-0.576510,-2.591042,-1.679217,-1.352141,-1.143857,1.630648,-2.362402,-1.245228,-3.578025,2.014236,2.542060,-0.654147,-0.595899,0.906444,2.948964
-0.546244,0.391804,-1.478912,0.183360,-0.015310,0.579291,0.119580,-0.973069,1.196572,-0.158530,-0.027305,-0.933268,0.817221,-1.395084,-3.237645,-2.230253,0.146439,-1.310655,0.389935,-1.105848,-2.116293,-2.354063,3.124709,1.777975,3.461036
-0.443282,-0.884803,-0.172946,1.711708,-1.371901,-1.613561,1.471170,-0.209324,-0.669073,1.039905,-0.605616,1.826010,1.079902,-0.859983,2.646682,-0.066136,0.441684,-0.085649,-5.893808,3.209470,0.982008,0.659646,-0.123552,0.326856,-1.194558
0.677926,-0.487911,2.157308,-0.605715,0.742095,0.299293,1.301741,1.561511,0.032004,-0.753418,0.459972,-0.677715,1.233159,-2.614197,0.372137,1.123147,-0.397338,0.741736,-1.982669,-1.931654,0.473434,1.357099,-3.749731,1.044041,-1.086403
2.013387,0.136535,-0.365322,0.184680,-1.347126,-0.971614,1.200414,-0.656894,-1.046911,0.536653,1.185704,0.718953,-0.385612,-2.679036,-1.703234,1.932251,0.065727,-0.765557,-0.232977,0.978424,0.880989,-0.150054,2.185918,1.940925,0.826744
0.996048,-0.756795,-1.421811,1.501334,-0.322680,-0.250833,1.328194,0.556230,0.455888,2.165002,-0.643518,0.927840,0.109224,1.314642,0.628535,2.121600,1.799123,-2.036508,-2.171926,-1.402499,1.952277,-3.152618,0.789515,0.725086,2.325296
0.057013,0.268592,1.528468,0.507836,0.538296,1.072507,-0.364953,-0.839210,-1.044809,-1.966357,2.056207,-1.103208,0.360677,-2.686419,-1.918710,-2.363991,-1.075888,-0.365803,-2.330883,2.941324,-2.650563,2.692207,2.370326,1.796605,-1.387533
-0.221254,-0.276813,0.307407,0.815737,0.860473,-0.583077,-0.167122,0.282580,-0.248691,1.607346,0.490975,0.734878,0.684902,-2.554742,1.821814,-0.147970,-0.818640,-2.447490,-4.955012,-2.077082,2.225596,-0.805667,-0.338658,1.311109,3.611338
0.662881,1.173474,0.181022,-1.296832,0.399688,-0.651357,-0.528617,0.586364,1.238283,0.021272,0.308833,1.702215,2.650009,-1.944670,-3.885141,4.719229,4.537983,0.376907,-2.540976,1.926453,-0.215967,-0.225962,1.788918,0.668749,-2.371630
0.240753,2.601683,0.565510,-1.760763,0.753342,0.381158,1.289753,0.673181,-0.138456,-1.224298,-0.209023,-0.850520,-0.649484,1.322306,1.020504,0.524033,1.866846,-0.723434,0.357340,-6.751158,-0.899300,1.527806,-0.780789,-0.932455,-2.082906
-0.580523,0.588578,1.669905,0.394672,-1.195883,0.444603,1.196631,-0.609783,-0.134017,0.014688,-0.784898,0.648280,2.006732,1.096927,1.650829,-3.452428,-0.320900,-0.560222,-0.561143,-1.232055,-0.692209,1.699290,-3.825703,3.554590,0.967682
-0.120948,0.419532,-0.887492,-0.437458,0.722381,-0.372833,1.726964,-0.399636,0.224685,0.932591,-1.418366,-1.760809,-0.084664,1.813668,-2.903669,-1.329402,-0.242151,2.731121,-0.092993,0.900109,-1.179158,0.973684,3.354479,1.991053,-0.162912
-1.525656,1.262584,-0.551858,2.558199,-0.564248,0.184551,1.542110,2.006093,2.061504,1.208366,1.024063,0.592527,1.350982,1.155034,1.013175,2.223907,2.208955,-0.254317,1.283758,-0.766190,-1.846145,-0.538988,-0.152556,-3.323162,1.720665
0.778361,-0.551186,-0.818199,-0.003374,-0.170185,-0.453228,0.696387,0.955305,0.088407,1.477530,-1.141689,-0.193659,-5.534651,5.429634,3.003758,-0.522017,0.018853,0.605944,-1.178321,0.385238,-0.288000,-0.188545,0.362922,-2.627056,0.079139
-0.716822,-1.866537,-0.082681,-0.121748,1.513450,0.630812,-1.024187,1.854093,1.221034,0.582098,-0.226484,-0.959439,0.326895,0.257699,-0.431662,2.275716,-0.707305,0.454652,2.594595,-0.158752,0.428927,-0.192769,2.474740,-0.515449,2.566709
-0.372207,1.088749,1.884586,1.543244,-0.488849,-1.119617,0.140886,-1.768439,0.323168,-0.147603,-0.466037,-1.594703,-0.207176,-1.718919,1.358746,-0.609336,1.241002,-5.458809,0.010411,-0.919211,-2.126517,-1.106482,-1.147406,-0.095972,-2.734653
0.513600,-0.532701,-1.169917,-2.872262,-0.027515,1.772252,1.661259,-0.457096,-0.602212,0.468774,-0.998385,0.301792,0.632548,2.732430,0.561857,1.617977,2.189125,2.472979,3.740277,-0.998404,-1.436968,1.566931,1.416532,1.551351,3.778565
0.766080,1.226933,-0.100154,-0.203674,-0.877983,-0.826880,-0.226479,0.367366,0.913585,-0.803179,1.492689,-0.271124,0.022740,0.852313,-1.960777,4.270642,-0.673090,-0.616432,-0.693500,-1.289792,-1.458874,-1.047409,-2.731592,-1.570636,3.897926
-0.021367,-0.747212,-2.424240,0.884045,0.736844,-0.281328,0.066991,0.515939,-1.562546,-0.529053,0.794265,-1.254289,1.471310,1.851808,2.354418,3.668269,-3.542845,-2.459766,-1.607447,-0.939460,-0.601139,-0.893955,0.438618,0.070591,-1.445670
0.293558,-1.356582,0.466430,-0.035641,-1.615132,1.164739,-0.734592,-0.810252,0.200569,1.148637,-1.015822,0.061680,-4.351098,-1.985737,-1.098477,-0.494159,-2.259335,-0.981613,-2.261975,-0.251639,-2.146183,-1.697809,-2.617368,-0.307001,-1.732896
0.428817,0.693106,0.176442,-0.367028,-0.827590,0.086144,-1.072139,-2.921350,0.436560,0.903935,-2.362932,-1.009731,1.813569,0.811701,-0.139704,-1.594971,0.761041,1.381402,0.285377,3.207404,0.919275,1.827214,0.267131,1.351329,-1.593562
0.619154,2.057495,0.020794,-0.728003,-0.182896,1.374876,-0.645964,-0.799192,-0.482744,-0.953329,0.122670,1.624678,-0.916797,0.698727,0.684199,1.015224,2.200786,-2.849942,-1.948905,0.459145,-1.448727,6.755536,1.031439,-0.156662,-1.030939
0.323079,-0.252354,-0.291811,-1.563191,0.883110,-0.077837,-0.180480,3.193108,0.298753,-0.751791,-0.426358,1.148446,-0.960325,0.060281,0.223964,-0.913398,-0.546304,2.688569,2.769010,0.504068,-2.682519,1.077006,3.108565,2.739562,1.468852
0.113270,-1.438278,0.919229,-0.668144,1.873298,1.080048,-0.447322,1.281016,0.067856,0.852774,0.484733,-0.846357,2.844846,0.106769,1.256206,-1.361551,0.584531,2.659068,-1.178847,-1.722887,0.194978,-0.453324,1.298295,-0.906519,3.436879
-0.643550,1.029961,-0.334775,-0.403648,-0.955123,0.423599,2.062525,-1.067533,0.024219,1.412221,-0.079641,0.452372,-2.579352,2.507470,-1.529698,-3.591965,0.475750,-0.509216,-2.219219,-3.362754,-0.016722,1.951674,1.169907,0.113413,0.957695
-1.062394,0.428307,-0.187144,0.985730,1.187386,2.589564,0.579633,0.325796,0.194384,-0.353166,0.338484,-0.295401,-0.054428,-2.859448,-2.841788,-0.406337,-0.321307,1.701965,1.514608,1.210266,-0.560565,-2.761304,0.824142,1.050339,-4.777063
0.168461,1.317598,-1.006543,1.139879,1.317115,-0.118069,-2.121855,-0.607822,1.296995,-0.022868,-0.999302,-0.504775,-1.668676,-1.382109,0.236700,-1.606721,-0.076269,-0.421070,-0.318299,-1.432789,-1.277970,-2.160534,0.760135,1.142205,-1.541236
0.840620,0.546734,-0.238932,-0.366824,-0.391758,-0.922410,1.615376,-0.322320,1.217159,1.521316,0.998311,-0.431620,3.041280,-0.629203,3.060371,-1.284254,-4.053156,0.804396,0.497090,0.068788,-1.284465,-0.069144,-1.022519,-0.604699,1.683265
0.403730,-0.024196,-0.903702,0.324359,-1.179040,1.187679,-0.464617,0.201160,0.283288,-0.258905,0.586694,-0.474904,0.368434,1.219903,-0.463737,-0.684035,-2.306965,-0.740073,-6.642229,-1.180444,-0.163748,1.127347,-0.537356,0.695347,-4.359577
0.871297,-1.345980,0.126380,1.938929,-1.000331,-0.677745,0.513908,0.179582,0.350630,0.489187,0.634721,1.109700,-0.113674,-3.359006,-2.416607,-0.374331,2.552528,0.742414,0.036462,-0.039061,-1.427258,-1.087967,0.854752,-2.770721,1.186108
0.409819,-0.241258,0.672574,1.899882,-0.132634,-0.974529,1.107081,-0.120381,-2.172670,0.847422,-0.535328,-0.090533,-0.777014,1.651114,1.922187,-3.346168,-1.163162,-1.711055,-3.625456,-2.065067,4.882512,1.219020,3.834576,1.658197,-1.483686
0.331980,0.190500,0.709452,-0.435486,0.513106,-0.259547,0.738810,0.615367,-0.935439,1.085982,-0.535963,0.808058,-0.763542,1.176872,0.875012,-1.154684,-3.019986,6.575522,-0.282299,-0.651478,0.226669,-0.485457,0.245458,2.573895,-0.249097
0.367287,1.838184,-0.223466,-0.349317,-0.019420,-0.303180,0.799942,-1.616311,-1.053682,-1.067803,0.950308,1.710613,-2.325421,-0.323288,-0.928804,2.847798,2.342238,0.215050,-2.557472,-2.451785,0.030247,0.672646,-0.749246,-0.960339,-1.185598
-0.104449,-0.168822,0.070052,1.161878,-0.927353,0.238369,0.975198,0.501094,0.189582,1.001046,-2.703232,0.677875,-0.046788,-4.765525,-2.202653,-1.254102,2.415006,-1.627627,0.360936,0.453086,2.595833,2.525155,-0.115006,-0.950969,-1.327666
-0.654076,-1.830633,0.511203,1.373659,-0.137449,0.952875,1.612278,1.314914,1.639965,0.742127,0.075434,-1.601966,-0.482126,-0.868067,1.107255,0.840620,1.183602,2.518567,3.725738,0.249327,2.198928,-0.703320,2.370014,2.123018,2.016832
-0.246062,-0.843247,2.170943,-0.175886,0.123205,0.551485,0.043602,1.695051,-0.622649,0.194607,-0.742471,-1.320023,0.188140,-1.336716,-2.789057,-0.080074,3.066025,-0.619690,1.570253,1.687903,-0.567372,2.632690,-5.817321,-2.445501,-1.831265
-0.611769,-0.037037,-0.429302,-0.692421,-1.406317,-0.083106,-1.504720,0.760056,0.082440,-1.457551,-0.309209,-0.752156,-1.639430,0.672526,0.580076,0.787981,1.192163,-1.900209,-2.436352,0.792639,-1.260464,-3.140950,1.942689,2.790204,3.114322
0.319175,1.340450,-1.875172,0.115026,-0.160133,0.671340,0.213197,-0.751969,-0.319054,-0.796026,1.076007,0.021312,0.374015,1.251864,2.739736,-1.282832,2.221355,0.550792,1.827423,0.372186,2.592513,0.447048,-2.967958,2.903853,-1.895061
1.901191,-0.060661,-0.708407,-1.513714,-1.803140,-1.584136,0.267127,0.508725,-1.581191,0.895038,-0.483061,0.146793,2.506116,-0.180486,2.352022,2.269537,0.860286,1.017071,0.845257,-4.027650,0.236660,-2.232128,0.342374,-2.285885,-2.369904
1.612221,0.896839,-0.268531,-0.891192,-2.151815,-0.719153,-0.211130,-0.987180,-0.131257,0.076852,-0.224856,-0.650003,3.209869,2.138895,-0.008285,0.369537,-0.495832,1.139753,-1.352109,1.987481,-0.506174,-0.839694,0.043426,-1.182294,0.657365
0.168655,0.441941,-1.090399,1.410932,-0.098588,0.018850,0.708214,0.233216,0.953137,0.287124,-0.612437,0.361504,-1.074725,0.937047,2.432013,-1.438643,-0.261151,0.922661,-0.871715,0.928641,1.110798,2.166524,-1.211980,-1.885550,-0.615155
-1.143726,0.108560,-0.033230,-0.208117,-0.128538,-1.881849,-0.548725,0.092845,0.159856,-1.027675,1.265708,-0.866175,-1.935505,1.128996,-2.323503,4.666033,2.591856,0.025152,1.734789,-3.273604,5.046747,-1.180429,-0.240995,-3.711867,0.972575
0.969457,0.427194,-0.646227,1.775311,-1.193637,0.919154,1.000582,-0.670620,1.392465,-0.250047,0.288694,0.260322,-2.212688,0.203312,-1.088549,-2.155488,-1.608723,0.451576,-2.562982,-1.497623,1.326547,5.204960,0.955178,-1.834523,-0.734228
-0.134309,0.810808,0.793489,-1.748532,1.304340,-1.662492,1.032546,1.126705,-1.090966,-0.410814,-1.105705,-0.214921,0.063178,-0.698850,1.806116,0.434947,1.815705,-0.628888,2.651000,-0.332971,-1.942380,4.354641,-3.649955,-1.477477,-1.254056
-0.308034,0.779661,1.310309,1.395684,-0.562168,-0.209222,-1.683438,-0.805870,0.964852,1.615583,-1.234349,-0.592464,5.016613,3.613718,2.987856,-0.661317,4.852356,0.736704,1.954527,0.359391,-0.098933,-0.503557,-0.419280,1.216983,0.734400
-0.026406,0.280161,-0.809604,0.424061,-0.473839,-0.014452,0.546284,0.006422,-0.436386,-0.109610,-0.088363,-0.370011,-0.062943,3.019048,-5.933506,1.019774,1.435477,2.293926,-0.129743,0.415840,1.971897,2.982333,-0.601072,0.533952,3.357148
-0.258796,1.598647,0.560919,-0.295480,0.696954,-0.333819,1.173125,0.369642,-0.107302,0.447717,-1.570876,-1.126767,-4.248054,-1.380025,2.931672,2.185076,1.044890,-0.897194,-1.763637,-1.182431,3.096016,-1.256885,0.202846,-1.507415,1.685548
-1.193925,0.142943,1.732515,2.231300,0.638051,0.500844,-1.801058,-0.542674,-0.787784,-0.620848,-0.168144,-0.472091,-1.077453,-0.195188,-3.366764,-3.226736,0.015346,-2.650314,4.210173,-4.123046,-1.600351,0.033402,-0.730266,-2.208291,-1.915856
-1.979300,0.747910,-1.072743,0.239247,2.074083,-0.919385,-2.530288,-0.286004,1.100960,1.958347,-1.229550,0.496699,-1.981308,-0.573443,3.903858,0.155875,2.365801,1.013953,2.227725,-5.599929,-0.608916,2.614271,-1.143472,3.524946,2.967780
-0.465310,-0.105948,2.644343,-1.502970,0.253740,0.467693,1.085786,0.097983,0.308051,-0.391649,0.269127,-0.343192,-0.938261,-1.006327,-2.027212,-1.259188,-2.465178,0.857622,-2.912093,1.207466,1.256157,-3.322409,3.099637,1.027219,1.499396
0.621572,-0.369610,0.377100,-0.029263,1.126050,-0.051394,-1.773032,1.261922,-0.905732,-0.653766,-0.595661,1.374438,-1.517330,1.244758,2.252787,-0.197217,4.003845,0.088129,2.281572,0.586018,1.171043,-3.342665,0.742107,-1.469950,-1.692797
-2.135674,3.137749,1.056057,0.223239,-0.054894,0.285554,0.521122,0.645216,0.555604,0.089581,-0.197338,-0.151273,3.488206,-0.427540,-2.006604,-0.718263,-2.600900,2.867769,-1.391361,1.058600,2.712213,-1.000305,1.064045,-2.060172,4.891539
-0.194908,1.133770,0.593557,-2.940389,0.655901,0.194736,-0.018709,-0.388518,1.124113,0.947526,-0.772878,0.407052,1.872760,-0.385213,-1.545667,-0.227993,-0.679967,3.905889,-2.451069,0.269603,-0.036676,-0.234821,-0.217233,-0.232142,1.746132
-0.971657,-1.379618,-0.626717,0.862393,0.953125,0.513085,0.725096,0.516178,-0.641482,0.431923,0.800410,0.754291,1.217969,0.837823,-6.067979,0.599590,-3.311279,1.292640,2.948995,-1.852478,-0.523561,-1.198711,2.470864,0.190056,3.456659
1.188913,0.708304,0.351448,1.070150,-0.026521,-0.881875,-0.163067,-0.744903,-0.675178,-0.144519,-0.792420,-0.307962,0.827508,0.484900,0.136414,1.635984,-3.475372,0.170688,-0.140093,1.450838,-0.375403,-2.077469,0.014701,-2.165681,-3.850524
-1.893615,0.213294,0.001205,-0.817089,0.659246,0.937570,-1.607560,-0.762725,-0.769142,-0.939903,0.829475,-0.193826,1.454245,1.158123,0.934182,2.605857,-1.330064,-2.862228,-0.140060,-0.695001,-1.684591,-0.159698,-1.223210,-3.672011,-0.882353
-0.264515,-2.003862,0.635418,-1.239258,0.059933,0.277377,1.360659,-1.308820,-3.019512,0.183850,1.800511,1.238946,-2.272750,0.463296,-1.312070,2.223263,3.207732,1.358763,-3.102052,3.010392,3.151441,0.037581,2.645852,-1.103350,-3.732492
0.209659,-0.491636,0.807123,-0.973546,0.476358,0.505470,1.060210,2.759660,0.392416,-0.508964,-0.025574,-1.769076,-1.520569,3.458602,-2.982160,-0.000957,0.068288,-1.025948,-0.887043,0.144498,-1.124325,-2.844117,0.430064,2.146733,1.739145
-0.694713,-0.409282,-0.524088,0.152355,-0.822420,1.121031,0.000207,-0.009300,-0.327895,0.155191,0.825098,-0.867130,-1.619471,-2.502456,-0.568376,3.135583,1.291196,1.407929,1.779714,0.841533,0.241217,1.324614,-1.092332,-2.828926,1.445994
-0.658116,-0.303726,-1.345871,-0.819258,-0.476221,0.874389,0.262561,0.193590,0.850898,-0.137372,0.390465,-0.103222,2.475476,-2.236464,1.643843,3.361531,-0.004492,-1.636004,0.246037,-1.101068,-1.233460,0.866368,-3.207459,-2.887858,0.038582
0.265362,-0.582759,-2.438817,-0.134279,1.422748,0.926215,0.965397,1.236131,0.088658,0.197316,-0.617652,-0.316073,-0.044617,0.687109,3.750451,0.209028,1.196344,-1.951066,1.535875,-1.052782,0.142842,-0.217697,2.065948,-2.619953,-4.566477
0.615771,1.203884,-0.139446,-0.450189,0.000528,0.601207,-1.443855,-2.296181,-0.550537,-1.220712,-0.508140,-0.147780,-0.426865,0.937063,0.304539,2.464408,0.874745,-1.127697,-4.650840,-0.474624,2.055918,-0.784096,0.056641,0.842721,-2.030585
-0.453248,1.452468,0.326745,0.300474,0.622207,-1.138833,1.039112,-0.075764,0.670481,-1.071857,-1.553759,0.817890,1.246472,3.274244,-0.345627,-2.258129,-0.133202,-4.448768,0.673807,0.904549,3.351273,-0.387990,0.816971,-1.722576,-0.712854
0.376410,-0.902052,-0.869663,1.125435,-1.189412,1.642673,-0.900621,0.638392,-0.328618,0.603187,-0.544114,-0.162793,-3.050371,-0.389579,-0.610618,0.598400,-1.247194,0.166691,-0.666760,-0.662999,0.160725,0.081046,1.522348,-0.241286,-0.699771
0.040919,-1.002187,0.740824,-0.513214,-0.228600,-0.994349,-2.562334,-0.191028,2.412615,0.784604,-0.019260,-0.262891,-0.361615,-1.429328,-0.719822,4.062317,-1.825358,-0.557313,-0.774977,-0.494343,-0.662479,0.558480,-3.420350,2.074343,1.265166
0.022466,0.547119,-1.180813,1.114322,0.715381,0.718186,0.438476,0.019617,0.672861,0.591814,-0.354041,-0.573602,-2.485743,-4.538155,-1.954144,-0.485333,5.160584,1.086514,-3.615179,-1.379311,-0.106425,0.507367,-2.629498,-0.269980,-1.435278
0.101856,1.549020,-1.239107,-1.467525,0.164761,0.050888,0.173342,0.243953,-0.223202,1.489863,-1.600904,-0.828497,-2.207517,0.519191,1.547754,1.682083,1.148773,-0.994739,1.429100,0.618109,0.267884,-1.223386,-0.993752,0.147774,4.879749
-0.103255,-1.643189,-0.175854,1.661470,0.020886,0.230701,-1.260165,-0.616361,-0.375196,-0.317715,1.281644,0.557691,0.602485,-1.222377,-1.664779,-0.983533,4.354587,-0.798513,1.813741,-0.751856,0.522369,1.583491,-1.143806,-1.282223,3.317739
-1.111458,0.246505,0.498222,1.140149,1.580541,-1.015094,-0.810858,-1.257578,-0.234020,0.466358,0.987335,-0.075951,1.969186,1.581345,1.574553,0.919151,4.035552,0.087817,1.154525,-2.901826,-1.649921,-2.401638,2.548127,-5.105080,-0.804620
-0.319848,0.151758,-0.835143,2.089539,-1.607661,0.184741,2.023606,0.006800,-0.190039,-0.357445,-0.180392,1.372848,-5.987413,-1.662576,-0.981898,2.769742,0.793256,-1.666283,2.131927,0.035665,0.075134,-2.405343,-1.980027,-1.650195,0.092923
-2.211862,1.533434,-1.423957,-0.266652,-0.429244,0.588553,-1.598124,0.462173,2.024310,-1.363174,0.189706,-0.661982,0.155771,3.088185,0.770110,-5.415131,0.525284,-2.900033,-1.931942,-1.624339,-1.326677,-2.750299,0.406964,-2.821605,0.713335
0.425887,0.019148,-0.641487,0.487872,1.804348,-0.190904,0.719758,-1.293273,-0.956436,0.472406,1.484116,0.355613,4.473942,-2.658718,-0.569021,-5.046915,-0.601871,1.285434,1.441278,0.154727,1.778527,5.092109,3.424609,-1.045042,-2.902208
-0.313058,-0.000709,-1.250408,0.604515,0.882333,-0.452090,-0.470042,0.265878,-0.436720,-0.066133,2.099722,-0.247026,-0.812303,-1.893966,0.902695,-2.362387,-0.145645,1.676028,-0.201392,-1.892628,2.349628,-3.757962,-0.655590,-0.083320,0.031817
-0.358340,-0.647542,0.744192,-0.181224,-0.649373,1.321304,1.419603,-0.600424,-1.866540,1.007514,-0.684630,0.790626,0.360992,1.220880,-0.070815,-0.736117,-0.815179,-1.223032,1.575087,-1.293057,1.693542,0.037998,-1.042510,1.236814,-1.454908
-1.970104,0.892597,-1.211172,0.730764,0.014273,-0.953939,-0.407036,0.686318,0.105894,0.584413,1.976441,-1.564242,1.276368,0.425452,-1.192649,1.057270,1.093179,2.315039,1.932294,0.982548,-2.255182,4.897174,-2.807232,1.898526,0.862568
1.617213,0.104356,-0.898784,-1.330314,-0.189120,0.921650,-0.127549,1.511155,-1.451176,-0.012089,-1.252393,0.363632,-2.348285,-0.248602,-0.157506,2.611165,-1.426622,-0.523890,-4.672139,3.469526,-2.140936,0.653822,-0.202816,-0.196002,1.619724
0.886887,-0.420762,-2.604214,0.198948,0.436739,0.404295,1.235782,-1.071054,0.680216,1.192508,-1.778588,0.319652,3.342525,0.502987,1.310156,0.657783,2.035063,-0.925833,2.150781,2.221000,2.165074,-1.320296,-0.336675,0.478934,-2.741684
-0.504180,-0.081523,0.347676,-0.487229,-0.675708,0.034152,-1.087246,-1.085825,0.679373,-1.148794,0.666313,0.462591,3.189840,-0.024553,0.567856,-1.154009,-2.653755,-1.208060,0.438408,1.346858,0.323583,0.693448,-0.674053,0.992497,2.965666
-1.725807,-0.677565,1.194109,-0.981166,-0.464404,0.462061,0.783391,-0.251539,-0.597510,1.422370,1.738900,0.978858,1.409579,1.619084,0.588033,-3.006310,-2.089333,0.909752,-0.021878,0.879686,3.352847,1.452072,2.517772,0.189363,-1.614431
0.085318,-0.808266,-0.830444,0.522514,0.418398,1.401599,0.650450,-1.503080,1.051948,-0.998061,-0.383971,0.250200,-0.115732,-1.609504,3.116590,1.580782,1.041025,2.471886,-4.040113,1.176276,-2.621292,-0.014511,-0.623415,1.323473,0.456375
1.995667,3.109919,0.606723,-0.183197,0.534506,0.887655,-0.320668,1.795211,0.230071,0.497743,0.665924,0.421587,2.690234,-1.203794,1.418229,0.324446,-3.270581,-1.837233,-0.299756,2.224585,0.927446,-2.335002,-0.280632,4.035613,0.222447
0.838941,-0.617253,-0.558302,-1.100154,0.439501,0.778937,0.457773,1.674492,-0.005596,0.668742,-1.091701,-0.387100,-0.654651,0.983479,1.526786,-0.912337,1.005150,-0.657779,1.438655,0.339386,0.963936,-1.518367,-1.642573,1.890995,-0.158793
0.695538,0.849102,-0.293967,-0.071599,-1.517874,-0.357029,0.890383,0.575205,0.500666,0.049774,0.007063,-0.660321,0.570069,-0.612791,1.797454,-1.215620,-0.271202,1.571986,2.345935,-1.047519,3.919368,0.626483,-2.085857,0.738104,-0.765998
0.698828,0.420973,0.492019,-0.526035,-2.153343,1.097153,-0.478837,-0.862776,0.693479,-0.392013,1.059936,0.617006,0.868137,-0.085712,0.148547,-1.823187,1.980122,-2.312255,-2.217530,0.734721,3.205688,-0.705186,1.401945,2.146680,1.629369
0.683569,-1.365956,1.211944,0.261251,-0.369277,0.143388,-1.776235,0.408653,-1.029372,-1.352670,-1.522359,1.112688,-0.622417,-2.182093,-4.415095,-0.525681,2.356175,-2.248332,1.400420,-1.900305,0.212145,1.415583,-1.318991,0.340969,-0.830183
-0.629263,1.533728,-0.535801,-1.707358,-1.116524,1.235812,-0.155898,-0.548287,0.160018,0.501783,1.117399,1.448499,1.410297,0.470634,0.113015,3.116700,1.324612,-1.380704,-0.171728,-0.151798,0.160639,5.049019,0.741704,-4.071805,-1.085598
-0.359769,-1.326048,-0.413465,0.260281,-0.963759,-0.957151,0.343788,-0.048652,0.032797,-0.758495,-0.230401,-0.924233,-3.864744,-0.659597,-3.974620,-1.743181,-3.041443,0.768320,0.001079,0.605925,-0.209103,-2.788596,1.027043,3.844449,0.818425
0.890198,1.035249,-1.846188,-0.929511,-1.496529,-0.650024,-0.083438,-1.449645,-0.921860,-1.003957,0.207267,0.069344,-0.851849,-2.856134,-1.816134,0.906079,2.146236,0.521732,1.599775,1.415356,1.013069,-1.316947,0.347847,-1.696756,0.034858
-0.721738,0.176821,-0.546680,-0.271655,1.673452,1.340461,-1.299581,0.829732,0.811397,-1.148263,0.818778,1.537932,0.661727,3.357568,-2.619464,0.963015,2.962473,1.517696,1.665891,1.175390,2.596669,-2.174956,-2.771853,-0.012668,-4.322324
-1.122545,-0.917503,1.017661,0.271495,0.551476,0.340589,0.390696,-1.326472,1.047318,1.169590,-0.229391,-0.043477,2.461292,2.441430,-0.866701,-0.741541,-0.144695,0.104041,0.254348,1.116464,-0.345253,1.886387,0.891896,-1.213927,2.670225
-1.531108,0.514255,0.572057,-0.062191,1.124353,-0.334077,0.564606,-1.019664,-0.023552,-0.174354,0.225308,-0.369527,-2.716514,-0.184332,1.933835,-1.446146,0.619111,1.086679,-1.721048,-0.144955,-0.313008,-1.103476,4.603350,-1.526213,2.009861
-0.131473,0.826047,-0.436764,-1.606577,1.749584,1.381454,-1.292263,0.689708,-0.502975,0.263487,0.294224,-0.234408,-0.785602,-2.173272,0.205628,1.298187,1.841019,3.124530,5.890493,0.501028,-1.326184,0.905749,-0.532426,1.851932,-2.594329
-0.783766,-0.690541,-0.916192,-0.831822,-0.067178,-0.715760,0.682052,1.487246,-0.580053,0.239405,0.499685,0.472002,4.736669,1.712096,-3.368008,-1.418058,1.632162,2.352688,-2.544475,1.426052,-3.894680,-0.178672,2.224094,-1.103031,-3.013845
0.075955,0.742682,0.482249,-1.237662,0.869156,0.887291,-0.763286,0.037938,0.683329,-0.209314,1.072978,2.363872,0.292430,-1.209438,1.259117,-1.770653,-1.545274,-4.042005,0.339889,-0.321810,-2.376769,0.387597,2.054141,-0.431136,0.536334
-0.785986,-1.381045,0.303819,0.721563,-0.230866,1.453261,-1.338606,0.692919,-0.605861,1.719378,1.992515,-0.766657,0.546622,-2.408660,4.113172,-0.941700,1.312232,1.538431,-0.279190,1.213590,0.491638,-2.835280,-0.664545,-1.225102,-0.923490
-0.549557,0.859588,-0.387131,-0.045411,0.025388,-1.919673,-0.013838,-0.689728,-0.493123,1.443632,-1.256507,0.813205,-2.608006,2.252867,3.203985,1.956006,2.541058,-0.689270,-1.272514,-1.557174,1.288130,0.454126,-0.154443,2.590297,0.809883
-0.278963,-0.279760,0.790372,0.340051,0.570613,0.968185,-0.331308,-0.612237,-1.085151,-0.825411,2.949094,1.244680,-1.677315,-1.361818,1.363987,2.083466,1.103360,3.793777,3.270014,0.882072,-1.677161,-2.619975,-0.774763,1.506427,3.653294
-1.351074,-1.322458,0.481866,0.547265,0.548884,-0.254956,-0.125454,0.327880,0.085893,-2.219300,-0.229800,-0.851406,0.834894,2.337446,-0.490615,1.245538,1.646714,-3.959189,-0.826878,1.899401,0.548937,-2.393030,-4.860245,-0.731561,-0.143171
0.175211,2.985259,0.367482,-0.313530,0.921802,0.482688,0.420094,0.606851,2.056544,-1.130888,0.473632,-0.926381,-1.767846,0.286170,1.012773,1.341374,-4.711838,-2.628570,-0.609245,1.144346,0.978468,0.943740,-0.766836,-0.655267,-1.456659
0.555513,-0.918687,-0.417367,-0.295090,0.975817,0.918454,-1.245717,0.054934,-0.709580,-1.258505,-0.217017,-0.308483,1.536388,-1.840978,1.700073,0.415706,-0.090089,-1.313421,-2.711084,-1.295306,-0.660014,-4.738049,-0.394710,1.848715,1.134436
2.426716,0.432960,-1.377618,-0.564774,1.021383,2.088443,-1.585983,-1.879924,1.870965,0.389614,-0.868293,0.534629,-0.992412,0.093873,-1.112329,0.297521,3.080216,1.936998,1.041589,-0.985770,1.499877,-3.373754,-0.504707,1.167423,1.480842
-2.635748,0.003376,0.327821,0.924270,-1.013896,0.085687,-0.925425,0.255384,-0.895346,-0.408101,-0.995815,0.651136,1.339769,0.589661,-0.391450,1.075952,-1.905722,-1.689355,0.123469,0.346395,-3.651230,0.910293,1.545457,-0.154570,4.748933
0.858451,-0.234621,0.038238,-1.448591,-0.299677,-0.050205,2.620793,-1.111967,1.464177,0.996859,0.280636,1.758620,-1.365870,-0.722174,-0.790134,-0.152375,-0.657450,-2.813621,-1.093097,-0.195241,2.457144,4.404487,2.670948,-1.550758,-1.391619
0.372105,0.389159,-0.053121,1.223569,1.096469,-0.625677,-1.319247,-0.202981,-0.800039,-0.063525,1.237438,-0.457302,-0.318657,3.569118,-0.330848,-2.655015,-1.002354,1.514112,1.379881,-0.400433,1.366829,-4.546344,0.207658,1.721371,-1.665727
-0.042823,0.058023,0.848431,-2.246889,-0.606700,0.211284,1.200079,-0.491902,-1.876553,0.619711,-0.635362,-1.189667,-1.672677,-3.732896,3.179791,-1.440308,0.482087,1.207834,3.024136,-0.307796,-1.078860,0.346135,2.568161,-0.340345,-1.909738
-0.624345,-0.184525,-0.604745,-2.205566,0.897066,1.274875,0.651522,-1.137686,-0.201492,-0.006521,0.598794,0.668340,-3.081516,-2.442595,1.728783,-0.641249,-1.215042,-1.431934,0.170092,-0.478910,-0.546264,2.698648,3.076033,-3.220043,0.655185
-0.734174,0.081996,0.457280,1.455822,0.704507,0.789057,0.083827,1.410459,0.409763,-0.861088,1.403370,0.697903,-1.553724,-0.496502,0.618557,-0.425440,0.460920,1.345940,0.589154,-1.293673,-1.258399,-2.879411,-1.707841,3.924137,-1.584007
-0.443044,-0.479493,0.296576,0.463185,0.197292,0.311309,1.699957,1.071543,0.190636,0.941311,-1.032524,0.397927,-2.386758,0.639856,-0.220730,-0.391186,2.818092,1.098253,-1.059986,-0.848952,-1.005173,1.749479,-0.616295,-3.586307,-0.096639
1.809306,-0.218046,-0.847634,-0.652089,-1.089633,-0.784762,-0.370508,-1.405567,0.015618,0.902277,-0.907756,1.519284,-3.074052,4.368461,-1.931336,-0.323730,0.516405,-0.577316,-0.580061,0.843655,3.052432,1.535018,2.957028,-2.093238,0.634725
0.510792,1.030581,-0.657835,0.854525,-1.091934,0.890248,0.171839,0.553251,-1.175595,-0.895070,0.597228,-0.948348,0.310492,0.702183,2.752464,-0.441578,-0.811007,1.067962,-3.556405,-0.473704,-0.268395,-1.840717,2.114118,-2.124481,-0.271746
0.463206,-1.367138,0.848174,-1.232523,0.552300,0.625631,-0.696772,0.582027,0.260442,-0.538842,-1.008555,-1.962626,0.586314,2.706903,-0.021113,1.872307,1.401191,0.246915,-2.179027,-2.869162,0.213011,-1.085394,1.838522,1.491713,-0.369222
0.349650,-1.564803,0.095344,-0.263448,0.679143,-0.302045,-0.329448,0.731871,0.335058,0.316156,0.469268,-1.535572,-2.315426,1.021471,-2.035899,-1.516928,-1.958831,-0.277002,2.340385,-0.010082,-0.886437,-3.051230,1.104249,-1.560809,0.235035
0.756789,0.612469,-1.016683,-0.244080,-0.039307,-0.134497,0.333860,1.431367,1.081767,-1.312219,0.622070,1.328933,-0.708437,1.676354,-0.314473,-0.117853,0.971494,4.213880,1.776894,-0.177212,0.006396,-1.049719,-1.899991,-1.105502,-1.544298
0.386809,1.090980,2.012270,1.023710,0.249309,1.045088,0.144888,0.023903,-0.351414,1.563413,-0.818429,1.532368,1.306737,-2.142390,2.666421,1.504093,0.041003,0.000637,-1.114563,0.540169,2.176185,-1.406313,-3.066784,1.406437,0.648732
0.499864,-1.399306,0.367649,-2.100027,0.625508,0.885231,-0.592356,0.123548,1.954157,-0.505747,-1.058908,1.481663,-2.240398,-1.466783,-1.718209,-1.449065,-0.647366,-0.533095,-1.301587,-1.516328,-0.457569,0.335383,-0.632593,2.317334,1.016175
1.962587,0.003696,1.011463,1.341476,-0.742484,-0.485306,1.230875,1.685014,0.562881,-0.879814,1.987061,-0.530971,-3.181692,1.047456,1.211088,-0.869470,-2.990395,0.016134,-0.015417,-2.243292,-2.902438,-0.175107,-0.466154,-0.834531,-0.166821
-0.335138,0.342338,1.554160,0.853976,0.414866,0.463289,0.043515,0.558140,-2.529560,-0.296607,0.241322,-1.151014,-2.205553,-0.869641,1.066650,-0.699940,-3.343945,-0.945385,-2.140317,0.534273,0.637675,-3.317549,1.518026,-2.224373,3.118365
0.386323,-0.204471,1.755476,1.573020,-0.465806,-0.150838,-0.073948,-0.451659,0.195025,-0.758282,-1.130615,0.622711,-0.097553,-2.492787,-2.283972,0.696191,-0.782600,-0.193308,3.225560,-1.398488,0.119926,2.839689,0.541027,-3.213205,1.010778
0.629530,-0.804316,0.895355,-0.631578,0.253165,0.820344,-0.033613,0.454741,-0.516430,-0.196467,-0.205859,-0.746578,-2.326006,2.813615,-1.645735,5.939019,2.934752,-1.593225,0.040028,1.507289,1.567321,0.884673,2.504318,-0.245938,-0.733435
-0.176774,-1.548618,-0.491154,-0.284875,-0.256180,-0.241497,-0.061764,0.479442,0.874517,-0.649765,-1.203201,-1.042044,-0.693728,1.716746,0.730362,0.582567,1.590468,-4.102105,0.620138,0.437138,3.337616,-3.057176,3.114373,0.150818,0.977979
-0.487203,-0.351921,-0.769996,-1.296117,-0.456121,0.181427,0.595029,-0.557423,-0.412998,-0.926698,-0.031439,-0.848429,3.351838,1.121523,0.800737,0.484582,-0.966956,-0.056978,-1.431026,-0.089134,-4.671861,0.858079,-0.243475,-0.672407,0.439516
0.573128,-1.785866,-0.359630,0.301107,0.183835,2.693034,0.349800,-1.004055,-0.095464,-1.776246,-0.080600,-0.833056,-2.867128,3.858540,-0.205535,-0.291689,-1.930792,0.047893,2.773920,2.071832,1.708876,1.092798,-0.717085,-2.900326,-0.402078
0.915390,-0.549540,-0.116766,-0.635558,1.738851,-0.321243,1.832557,0.814152,0.482067,0.368733,0.393797,-1.927673,-0.471743,2.097589,0.618781,3.224623,2.394977,-0.912991,-3.590258,2.771150,2.718770,-2.732423,3.018480,0.764234,0.321371
-0.278883,0.845158,-0.048897,-1.405190,-0.052404,1.704106,1.246892,-0.062004,0.951449,-0.366507,-1.703872,-0.924466,3.229567,2.689370,1.302662,0.946434,1.232789,-0.800115,-0.110203,-1.804634,-0.666080,-0.733268,-1.270611,0.273493,-0.647962
1.562889,-0.273993,-0.243384,-0.299838,1.904137,1.625959,2.218780,-0.159045,0.295624,-1.516643,1.476934,-1.167780,1.004469,-3.244641,-0.226710,0.263103,-0.621258,-0.344785,-3.170492,0.712954,1.295212,0.987075,2.077454,0.403059,0.957362
0.216776,-1.097303,-0.588867,-0.837262,-0.607875,-0.539123,-0.548269,0.833334,-1.104863,0.220541,1.217959,-0.513196,0.312181,1.375101,-3.154459,-1.787162,3.173799,-4.920872,-0.280356,2.344550,-0.186521,-0.810022,0.258843,-0.706240,0.061699
-0.717919,-0.230525,1.179725,0.194108,-0.531214,0.483877,-1.102292,0.681360,0.408607,-0.307808,-0.838586,-0.886681,-1.366762,2.217349,2.846530,-0.266781,-2.772979,-1.047686,-0.367977,1.011078,-2.016026,-1.538325,1.021352,1.877818,-1.243188
0.534817,1.228981,-0.637308,0.458387,-2.087027,-0.584618,-0.031059,-0.909683,-0.936506,-0.667780,0.292193,-0.187329,-2.666434,6.568236,1.566608,-0.534008,1.738063,-0.248913,1.734314,0.318786,0.182544,-0.227164,-2.894763,3.876190,-1.883068
-2.238231,-2.120700,-0.606865,0.457687,-2.747505,-0.499730,-0.526248,1.388338,-0.385022,0.382989,0.141257,-2.130566,-2.720047,-0.425720,-1.922944,-0.103426,1.375528,1.990606,1.629461,-0.611264,0.099184,0.815758,-3.515575,1.141169,-2.914599
0.768207,0.215397,0.508269,3.926238,-2.084113,1.724697,-0.287448,0.287329,-0.045512,-0.424236,-0.569833,0.329509,4.080693,-0.809030,-0.369750,-1.539414,-1.259940,4.548187,1.880739,-3.098405,3.008426,2.386485,-0.562425,0.613394,-0.029888
-1.517174,0.750579,-0.416194,-1.130069,-0.450013,1.257149,-0.535335,0.358454,-0.730956,0.757922,0.685508,1.848609,3.945160,-1.592580,0.292021,-0.856291,-2.866081,4.383277,-2.363133,0.440258,-3.481401,-0.798141,0.843938,-1.649468,1.173604
-0.175564,0.668655,0.098068,1.295872,-0.718832,0.745005,-0.194697,-0.064188,0.091752,0.252240,-0.116229,0.214713,-0.538082,2.320165,2.723522,-1.173490,0.153466,0.366908,1.238699,0.028764,0.380422,-0.486813,0.230480,2.595880,1.292166
1.578118,0.985450,0.869155,-0.455540,-0.889241,0.955301,0.876047,1.472671,-0.603981,-0.229549,-1.639484,-0.392471,1.402511,1.446141,-0.307618,0.637654,-2.170347,2.537615,-5.565921,-0.174297,2.281792,-2.727736,0.799560,-1.361533,-0.737607
0.996571,-0.466495,0.640480,-0.190503,0.324057,-1.147691,0.085209,-2.991136,-0.186896,-1.630473,1.205995,0.777407,1.891882,0.396114,-4.068712,-1.952851,1.950671,0.897885,3.496271,3.365295,-0.684490,5.006476,0.048959,-1.925337,-1.267280
0.466671,1.521006,-0.948917,1.747363,0.932192,-0.236555,1.135620,-1.106294,-0.824514,-0.608590,-0.528978,-1.056558,-4.513450,3.214038,3.189524,-2.031015,-0.455769,0.191215,-1.920706,-3.510204,-0.420715,-0.642159,-0.776822,0.445432,2.859039
1.223083,-0.258854,0.352505,-0.570351,-1.820603,0.270057,-1.912255,-0.068634,-1.368315,1.987276,0.911363,0.105754,-0.606185,0.340886,1.453741,1.108286,-1.228847,0.192754,1.095080,-2.256703,2.527078,2.863178,-1.445561,0.387340,1.284557
1.263707,-0.846316,0.543479,0.199810,0.264020,1.272354,0.732492,0.288724,-1.654887,-0.960046,-0.122709,0.093372,-1.091228,0.963228,0.326511,-2.935836,0.918323,-2.200285,1.878406,-1.342422,-0.322571,2.744558,0.992763,-2.158948,-2.029833
-1.130204,2.411677,1.516394,0.602118,0.072037,-0.212209,-0.951918,0.077481,0.257753,-1.241761,0.334176,-0.155259,-1.198606,0.789288,0.716600,-1.686205,-2.334419,0.563167,-0.363720,4.314432,0.073207,3.628506,-2.340767,-3.146426,-2.240170
-1.907808,-0.860385,-0.413606,1.887688,0.556553,-1.335482,0.486036,-1.547304,1.082691,-0.471125,-0.093636,1.325797,2.378260,3.512203,-1.564359,-0.921132,-2.337962,-3.623280,1.436823,0.446041,0.020976,-2.800113,3.279913,-1.006713,1.067253
-1.287164,-1.397118,-0.583599,1.038379,-1.519346,-2.832156,-0.451159,0.551741,1.200262,-0.463161,-0.411427,1.153901,-2.909123,-0.381050,0.582749,0.654150,0.309297,0.989045,-2.261041,0.394745,0.227515,0.463345,0.144690,-2.546426,-2.635600
-1.869742,-0.388521,0.190424,0.449219,-0.509807,0.034441,-2.488327,-0.658248,0.453509,-0.982294,0.058984,0.446873,-4.428536,1.635069,1.655315,1.687101,0.613580,-4.266238,-2.053421,0.340831,0.271036,-0.445496,0.737834,0.023303,0.241541
-0.342549,0.170464,-0.962733,-0.206611,0.610216,0.156973,-0.586531,0.224216,0.714610,-2.049941,1.159074,-0.336255,-1.278131,1.964022,-0.861543,-2.661298,-1.541998,-0.696932,1.988006,-0.084536,-0.372296,-2.497327,1.570965,-1.303904,-0.200056
0.425490,1.197247,-1.371674,-0.709441,-0.288549,-0.783754,1.734937,-0.856772,-0.555547,0.204389,-1.202150,-0.395681,2.960366,1.017527,-3.256508,-3.539020,-0.128621,-2.425481,1.297093,0.084526,0.330770,-1.413486,3.482767,5.685187,-0.557169
0.317453,-0.332860,-0.093387,-0.529332,-1.514470,0.321593,1.754933,0.018402,0.225264,0.692723,-1.269330,1.702515,0.706078,0.194835,-0.519374,-1.664141,-2.169936,-2.271195,0.810480,-1.039349,-5.156586,0.889716,-0.076523,2.693346,0.746245
0.202329,1.631857,-0.733033,1.818062,0.775155,0.553040,0.234024,-0.248529,1.200532,0.140360,-1.967070,-1.117186,-2.957347,-4.459353,-1.438945,-1.250215,1.886318,-0.017742,2.267377,-2.649666,1.930529,1.441978,-4.036468,2.645236,0.186917
-0.185846,0.309999,-0.056588,1.218971,-1.951102,0.143588,-1.817979,0.759712,-0.094459,0.419610,-0.863883,1.279465,0.784089,-1.729792,2.550494,-2.371705,1.664184,1.641215,-1.948335,3.966747,0.463057,1.307785,-3.054242,4.235460,-2.449114
1.041725,0.583544,-0.129517,0.579857,-0.706893,0.855556,1.649481,1.070611,-0.729602,0.361417,-1.293142,0.572390,2.049773,-1.989543,-1.237978,1.577508,2.055105,-2.542568,2.180944,2.089961,-1.875907,3.197295,-2.913715,-1.249545,0.958005
0.450603,-1.869816,-1.161784,-0.283139,-0.300860,-1.209477,0.388979,0.251474,-0.194269,-0.755792,1.048707,1.655407,-1.707133,0.527638,0.482152,-0.374149,1.664801,-0.456722,0.463082,2.292944,1.581372,1.572035,-2.298359,1.049585,-1.756998
-0.483561,-0.612167,0.491208,-0.358029,-0.139397,0.739653,-1.909356,1.318302,0.072681,-0.411493,-0.089234,-0.037571,-2.562830,-0.143413,-1.808590,1.581235,1.629071,-3.805252,-1.656605,-2.919573,-0.925259,0.910351,-0.484576,-1.179518,2.600353
-1.731201,1.494938,0.041326,0.443002,0.951550,-1.021162,0.473472,-0.267641,0.846771,-2.127227,-0.099094,-0.602821,-4.609714,2.473744,-1.088577,-0.156218,-1.054727,3.085776,-2.461957,0.023473,1.054877,-3.222006,-1.839796,-0.296357,-1.773330
0.432263,0.470044,-0.707626,-0.712174,-0.110665,-0.896642,0.841984,-0.369207,-2.906988,-0.374822,-1.038544,-1.631276,-1.631184,-0.699725,1.299163,-0.685436,2.156852,-1.995516,-2.503845,3.852691,-1.315916,-2.621824,-3.484108,2.150207,-0.682609
-1.237427,0.109408,1.328641,0.313184,-0.606503,0.455904,-0.459090,-0.694600,-1.154363,-1.751829,-0.389924,0.158053,-0.507419,-0.318403,2.025886,-0.359060,4.688108,0.267521,2.123570,1.610480,-0.072895,-1.173942,0.663928,1.020197,-1.145172
-0.096624,-0.415967,-0.945746,0.608246,-1.317132,0.776028,-1.002217,-0.752435,-1.466785,-0.501402,0.975312,0.515628,0.332678,2.472410,4.139895,1.708739,3.725519,-1.258748,1.403765,2.677039,-1.792667,-0.971180,3.475810,-1.950198,-2.682260
0.978422,0.522143,-1.103670,-0.330789,-0.780199,1.330575,-1.196789,0.893698,0.892954,1.829620,-0.409687,0.712322,3.055963,2.393526,0.864240,-0.091422,-0.877049,0.563898,3.159614,0.477132,4.333919,-1.795884,-0.039362,-0.746117,-2.170283
2.281652,-0.617642,-1.535040,-1.880010,0.712712,-1.883150,-0.372319,0.437313,0.185176,0.425445,0.222290,1.278866,-0.306167,0.834659,1.048460,4.340904,0.928935,2.300274,0.132188,3.356111,4.796899,1.062170,-1.985318,-1.097610,0.563869
-0.952316,-0.676995,-0.772659,0.830192,0.900399,0.451225,1.183494,-1.178041,1.667224,1.523239,0.735622,1.781799,0.912996,1.396850,0.920395,0.013970,-1.272397,0.802277,3.709975,2.039857,1.069408,2.059134,-0.742128,-1.016530,-1.495570
-1.656623,-0.524448,-0.735303,0.721479,-1.050141,0.757495,1.370536,0.695203,0.283751,-0.987873,-0.846851,1.249619,-0.250573,-0.844012,2.416549,-0.950647,-1.605443,3.885154,-0.902750,0.307057,0.902646,-2.273386,2.470968,1.274238,3.116768
0.779349,-0.039020,-0.417910,-2.025808,-1.070852,1.911419,-1.280456,0.189480,1.007444,-1.254923,0.184710,0.937916,-1.358444,0.198252,0.078712,0.527777,-2.909229,0.221673,-2.852928,0.716668,-4.257298,-3.703174,1.637097,-1.093677,-1.975716
0.012499,2.868403,-1.668599,1.058729,-0.172802,0.771920,0.441307,-0.733156,0.228996,-1.857901,0.603248,0.298158,2.541691,0.655252,1.744180,-0.332484,5.359257,-1.209028,3.488991,-0.122732,-3.309021,0.965697,0.629525,-2.102644,-1.844439
0.638660,1.058118,0.367620,0.148089,-0.881068,-0.712221,1.186735,1.436335,-0.238110,0.046003,-0.904614,1.172757,-0.049395,0.699496,-4.941327,2.106243,-0.988996,-2.663495,1.882133,-0.047236,2.432332,0.875905,-0.003029,-0.305460,0.965426
0.665417,1.941217,-0.878323,-0.378008,0.231446,0.646490,-0.215668,-0.872961,0.881408,0.721135,-0.916274,1.355443,-0.827063,-1.705145,1.219818,-0.288976,0.067135,2.178760,-0.227753,0.030068,-1.199299,0.861480,0.699656,1.801550,-1.158258
1.170199,0.134296,0.079598,0.554058,-0.861703,0.030031,-2.152384,0.876456,-1.561493,1.503420,-0.330120,-0.211667,-0.915634,1.584275,0.504426,-1.812436,2.613108,-3.396901,1.568570,-2.530424,3.771577,-3.089199,2.304501,-0.163269,-0.733205
-0.627734,-0.288039,1.418531,-2.487809,1.276965,0.338023,-1.207022,-1.075312,1.676393,-0.945507,-1.153351,1.137315,0.370793,1.263801,-1.808801,-1.631575,1.299210,-3.414686,-1.168458,6.081374,-1.936026,2.295606,-1.171902,1.018090,1.308711
0.338553,-0.937926,0.216625,-1.025753,1.100821,1.061371,0.532006,0.361661,1.761188,-0.000314,-1.181874,0.449474,2.257913,-0.400508,3.977769,-1.178673,0.468441,0.490554,-2.243936,-0.571745,0.323027,-0.864242,4.881848,-1.677247,2.358849
2.086047,-1.014759,-0.361463,0.416446,-0.053905,-0.982304,1.121858,2.320041,0.196131,-0.904068,-1.548961,0.257976,1.712920,-0.027724,-1.730418,-1.536511,-1.035935,-3.571483,-2.006931,-2.964953,2.691750,1.236925,1.571948,1.177664,0.333935
1.103877,0.475168,-0.002404,-0.589272,-1.092164,0.834751,0.913772,-1.545730,1.589839,0.574071,1.399595,-1.342128,2.921361,-1.221525,0.213339,1.494118,-2.642418,6.193178,0.057132,0.283979,2.513756,1.829911,0.076156,0.260259,-3.008297
-1.365824,-0.148969,0.502784,1.796361,0.706079,-0.242681,-1.026369,1.230001,-0.964705,1.628469,-0.284385,1.590582,-1.112932,1.034420,0.887786,2.442332,-0.241002,-2.774573,2.113461,2.872179,1.796489,-0.327267,2.088772,6.857821,0.230305
0.678931,-0.136995,-0.519396,-0.340908,0.428317,0.077156,-0.593811,-0.165631,0.078577,-2.128734,0.458168,-0.979721,-2.623473,-1.172570,1.250952,-3.209609,0.338806,0.760673,3.070243,2.620390,1.729170,-4.325358,1.842106,1.411027,0.511889
-1.153332,-1.687344,-1.793892,-1.355448,-0.709021,1.953259,-0.525880,0.177750,0.400481,0.131065,-0.077443,-1.195294,-3.460444,-1.553548,-2.333646,-4.030017,-0.005830,-1.595644,5.250611,-0.337544,2.587506,-3.138198,-1.060179,0.193796,-1.816308
1.450928,1.807197,-1.682659,-1.024029,-0.279810,-0.964538,0.505966,-0.728272,2.165056,1.190549,0.212574,1.026986,-0.844401,-0.435902,-0.467816,3.710237,0.756453,0.959021,1.079310,1.225253,-0.165774,-0.641493,0.333632,2.313608,2.252476
1.105900,-0.563947,-0.816217,0.078143,0.861636,0.139060,-1.576996,-0.802824,-0.073973,-0.075666,1.972542,-1.385988,-0.480797,1.535687,-0.389169,0.067741,-0.947047,-0.363290,2.682660,0.184842,0.270565,-2.894436,-0.618488,-0.482630,-1.658287
0.505589,1.489113,2.271450,-0.404397,0.491429,0.569760,0.195482,-0.098845,0.435975,-2.532246,0.682069,0.126178,0.043331,-0.858365,0.159992,0.243006,-1.911509,-0.797404,0.154749,2.368599,0.513438,-1.323870,0.798010,3.415098,1.833413
-0.222475,2.046862,-0.674934,-0.403076,1.991553,-0.832061,-0.550115,-0.147025,0.840734,0.207803,-1.292625,-0.532169,1.095053,1.451180,2.879908,2.151254,1.133521,2.137284,-2.163302,-3.004531,0.314197,0.137361,-1.087820,1.651705,-3.725727
-0.607354,-0.077221,0.425844,0.418206,-1.776012,1.063941,0.252569,1.384532,0.444198,1.101323,0.466545,1.346226,-1.069545,-0.969911,-3.272604,2.989462,-2.718403,-1.176680,1.815960,1.292091,-2.216349,1.364978,0.579569,4.666071,0.807881
0.522251,-0.097915,2.272435,0.889037,0.573744,-1.276304,-1.288308,0.292715,0.145521,-0.614123,0.140983,1.588627,-0.282484,-1.713004,-1.488487,-1.651538,2.742198,0.035940,1.130494,3.028495,-4.716928,2.557748,0.110794,0.870097,-1.656806
0.695402,-1.141009,-0.111509,-0.804966,-0.387700,-0.413616,-0.477646,-1.255135,-0.127655,-0.560608,-2.929449,2.052972,-1.510249,0.977692,4.769196,2.006627,2.531046,-0.384003,-1.200408,-1.561610,-0.976547,-4.105565,-1.449839,-1.120706,-0.350716
1.088770,-0.376301,0.018819,-1.171654,1.695723,1.897289,0.156694,1.023531,0.175287,-1.336725,-0.411823,0.131928,0.263500,0.724902,-0.029851,-1.162886,-3.926717,-1.150617,-1.944901,0.932133,1.818575,1.877142,1.513905,-0.267051,-1.043911
-0.454548,-0.218653,-0.091400,-0.080878,0.052258,-1.060605,-0.717016,-1.284584,0.977816,-2.105647,1.153590,1.386349,-1.494206,-3.014998,1.983707,-0.349422,-2.492681,-1.652983,-1.733947,0.086049,2.134936,-0.695979,-4.505067,-0.378361,-0.312388
-0.302181,-2.603137,-0.361311,-0.064184,-1.010598,-0.515218,1.530195,0.664927,-0.924564,-1.597599,-0.327017,-0.213457,-0.449840,-1.254922,0.434878,0.132282,-0.049661,0.825283,-0.859666,-0.973171,2.760247,1.118711,1.653892,2.452209,1.051888
0.496199,-0.535317,0.511500,1.935154,0.815501,-0.048089,-0.183150,-0.356673,1.180641,-0.627313,0.045223,0.051198,1.856777,-3.158690,0.408308,-0.365437,3.355368,1.855291,-1.260890,0.745588,0.335363,0.908663,-2.037685,0.720033,-0.456303
-0.501784,-1.372466,0.322975,-0.061004,0.500240,-0.533600,1.220821,-0.876774,1.712040,-1.747637,0.434770,0.475431,0.564900,-1.448770,-1.170126,2.347684,-2.103095,-1.955509,-0.103163,-1.543781,-1.770057,0.210152,-3.010132,-2.015924,4.108191
-0.795557,0.424394,1.279519,-2.216819,0.502745,-2.493271,-0.965665,1.629166,-0.581782,-1.173880,-0.197938,2.067906,0.918950,-1.493127,0.836430,1.134661,1.988829,-0.254312,1.952995,-4.076893,-2.112616,0.327743,0.659267,-1.823565,0.518840
-1.831682,-1.051310,1.497432,1.857702,-0.103431,-1.239053,2.095844,1.594442,0.678947,-0.812402,-0.049029,-0.160360,-1.247680,-0.553918,2.049548,1.817875,-1.994121,-2.114503,-0.822347,-0.053493,-1.315797,2.081285,0.694780,0.812170,-2.533078
0.330851,1.451001,0.879417,-1.077376,1.376496,0.313132,0.687066,1.466541,-1.111580,-0.035826,-0.531455,-1.567859,2.334581,-5.640338,1.668111,1.868623,-0.864802,2.545820,-0.126195,0.124863,0.679058,6.373150,2.688868,1.402262,-1.825609
0.346710,2.511557,-1.840078,-0.032281,0.640543,0.123078,-0.113128,-1.299216,0.232787,-0.756764,-2.189922,1.194592,0.287180,-1.626248,1.644222,0.280934,-2.249043,0.162249,-1.698835,0.302432,-1.718155,0.054975,1.500940,-0.106104,-0.781777
0.958386,0.051661,0.229075,1.074318,0.224340,0.904018,-0.297482,1.311984,0.320786,0.194052,-1.270061,0.286956,0.406552,1.394365,-2.214367,0.521312,2.635082,1.147314,0.115508,1.279475,0.904993,1.507202,-4.047863,-3.106912,2.009658
-0.831955,-0.638283,-0.815376,-1.066235,2.124771,1.331339,1.920368,-1.222895,0.071254,-1.293508,-0.695695,-0.918127,-3.010558,0.803077,-0.704099,-1.992378,0.699300,0.402067,4.220685,-1.249622,2.880220,0.704846,-1.322044,1.598493,1.131477
1.239584,-0.396230,1.068379,0.604121,2.303639,-1.479444,1.259233,1.146441,-0.973379,1.007133,0.336145,-0.227476,0.071687,0.532591,-1.193974,-1.651574,1.518884,-0.447879,-0.160166,0.559643,0.530577,-2.858653,2.572504,0.242364,-0.405307
-0.823935,-0.719109,2.049812,0.000683,0.782130,-0.790899,-0.779853,1.081985,-1.349576,-0.415214,0.034027,0.111373,0.861692,0.473084,1.534125,1.075967,1.435692,2.701988,1.767249,-0.320972,-2.245802,3.335596,-0.475447,-0.946215,-3.473454
-0.179093,0.395820,0.692856,0.734638,-0.985804,-0.284155,1.194763,0.894647,-1.372859,0.351480,-1.978225,0.046935,0.676946,0.297773,-3.030230,0.906548,-0.996384,5.380630,-1.138722,-0.870387,-1.749552,2.555753,-0.745552,-1.449828,1.413910
1.897767,-0.947893,-0.834323,0.764030,-1.542802,-0.632755,0.596441,-0.634286,-0.235970,0.744186,0.421546,0.266818,-2.760706,1.250221,3.562799,1.133216,1.275797,1.740120,3.419416,2.419788,0.879339,1.807783,-1.771870,1.552587,-2.011112
-0.339122,0.370061,-0.123733,0.457806,-0.496932,-0.182569,-0.989958,-0.035008,-0.811001,-1.114046,0.258661,0.212740,-0.734045,-6.165124,0.802859,-1.287744,2.222290,0.780385,2.248192,-2.167193,2.076772,4.211713,1.528317,1.580698,0.339195
0.782874,-0.431126,0.408053,0.550798,0.444774,-0.825654,0.149363,0.364140,0.007178,-2.086478,0.160490,2.212531,-1.049338,1.522385,-3.012166,-0.835510,-3.542114,-1.407313,1.284090,1.010787,0.101827,0.340802,-3.771729,-0.745125,-1.362703
-0.360039,-0.728077,0.373349,0.312378,1.192735,-1.257868,0.731380,0.590422,-0.142147,0.338687,1.029457,0.872315,-1.318119,1.199157,-1.721015,-1.209362,-4.174138,-0.588246,-2.175675,0.158406,-1.902216,0.209084,-0.289372,3.344084,0.994436
-1.143019,0.820158,-0.064689,0.072874,0.073197,-0.150243,1.191707,-0.083718,-1.119546,-0.393530,0.178695,1.229215,-3.679276,-2.529778,0.110416,-1.859696,-5.936737,2.699093,1.440448,1.041954,-1.214646,0.855354,-1.408721,0.409715,-1.841166
0.603095,-0.850535,2.485190,0.264775,1.275391,-0.151714,0.533359,0.839469,1.218195,1.057368,0.872197,-0.315087,3.032577,-3.140473,2.464568,0.077832,-0.978934,0.334006,1.466696,2.733493,0.626286,-1.781392,0.111260,3.633586,2.695356
-0.571746,0.332608,0.933128,-0.222721,1.065172,1.452617,-0.916321,-0.836921,-0.140375,0.307613,-0.524567,1.352203,1.817527,1.591374,1.398900,2.317510,-0.913258,-2.710172,0.138007,-1.635163,-2.110042,-1.440557,4.970628,0.272249,0.723816
0.424067,0.039447,-1.435910,-1.315816,0.281009,-2.132596,1.012637,-0.158154,3.243093,2.307916,-0.181449,-0.106337,-2.444726,-3.687506,-1.638105,2.876391,0.668551,1.197190,1.477132,-1.182699,2.775931,-1.265615,2.812465,0.884604,-3.578090
0.995582,1.703173,-1.638029,-1.786375,-0.622035,0.582738,0.496874,1.069771,-1.199698,-2.316144,0.858014,-0.828196,-1.496019,-3.569877,2.326564,-0.049471,-4.456685,0.751494,-1.074329,-2.967612,3.355932,0.214572,-0.586863,-0.798850,-3.026559
-2.018488,0.145064,0.793176,-0.122057,-0.457848,-0.159362,-0.370583,-1.348047,-0.714681,0.521280,0.321679,0.168060,-2.609098,2.569834,-0.947766,0.044135,-4.088661,-2.636184,1.219625,0.755424,3.506750,2.685913,-0.461422,0.945907,-0.633207
-0.995148,-0.181503,-2.177065,0.178477,1.428858,-1.474132,-0.585928,0.329107,1.252843,-0.448225,-0.692250,-1.968923,4.109620,2.298029,0.339370,0.400790,2.889701,1.159156,3.117256,-4.387296,0.922457,-1.030870,3.512756,3.092797,0.065672
0.103438,2.042076,0.277358,-0.022279,0.322082,-0.011092,-0.813014,0.823280,0.225762,0.017613,-0.975366,1.303508,3.071262,3.566229,0.148813,4.943868,-0.062682,-0.429042,1.731745,-0.707581,0.170680,2.818869,0.038438,-3.390036,0.734639
0.664703,-0.552921,1.001825,-0.497571,-0.782003,-0.759703,-1.771069,0.471542,-1.831145,-1.228444,-2.075588,-0.086070,-1.392587,1.730542,1.392379,2.942801,1.815065,2.180489,-1.338194,1.607973,3.936903,-1.377300,3.599477,-1.098700,-1.703942
-0.150320,-0.326696,-1.042578,-1.172234,0.464370,-0.550552,0.316358,-0.885249,0.181063,1.303278,0.586166,-0.412414,0.592401,1.431821,1.823500,-1.923525,0.869080,-1.371109,-2.977845,-1.857473,-1.501801,1.043190,2.304427,-2.946413,0.703922
0.257199,-0.240665,0.007880,-0.325611,-0.164335,0.212093,-0.993359,-1.015879,-1.388543,-1.600271,-1.217283,0.159463,-2.353396,1.258171,-1.245461,-2.102658,1.599329,-1.173845,-0.631928,-4.439978,1.893103,1.641817,0.010916,-3.055162,2.418738
-0.892788,0.513614,0.034714,-1.968504,0.654976,0.810799,-0.993863,0.420192,-0.856498,0.097670,-1.264498,-1.793106,-1.332527,-0.906707,4.624088,-1.407273,1.484420,1.124185,0.780344,0.564001,0.752777,0.543881,-0.103837,3.022566,-2.625321
-0.382817,-0.123729,-0.397680,-1.184031,-0.399899,0.269295,-0.044893,0.182501,-0.670115,1.171718,-1.176173,0.487560,2.042916,1.644685,1.396798,2.233959,-0.185199,-3.737948,-0.144585,-1.982388,-1.463718,-2.484839,-0.954690,-1.193247,-4.755140
1.181891,0.480908,-0.202524,-0.528297,1.036088,-1.422975,-0.970124,-0.397558,1.237654,0.379768,-0.968046,-0.310308,1.400444,4.440644,1.212474,-0.405848,-0.109493,-0.841972,0.180083,-0.074016,-1.682097,3.365777,-2.974308,1.436663,-0.202395
-0.614323,-0.709789,0.978890,-1.371743,1.608781,0.828230,1.090862,-0.462940,-0.149941,-1.433152,-0.524662,0.493655,3.801664,0.681729,-0.719811,-0.495414,0.079813,-2.285581,-1.533739,-3.569888,-1.845954,0.187813,0.600350,-3.958659,-0.274423
1.296063,-1.107157,-0.365506,-0.151299,-1.395789,0.591349,-0.723990,-0.195390,-0.451949,-0.789339,-0.007045,-0.215610,1.126820,-0.325824,-1.267577,-0.824322,-1.081527,-1.273461,0.347647,4.615376,-1.487400,-0.636285,-0.103396,-1.374709,2.196472
-0.371858,-0.728462,0.319525,1.653617,0.139887,0.996118,-1.390222,0.157761,-1.097368,-1.476925,-0.739371,1.191899,-4.741771,-1.062118,1.636627,-0.588189,-1.641678,0.881514,1.812686,0.421271,-1.602441,0.912407,-0.804099,1.490374,2.966518
0.950016,0.243005,-1.532701,-0.196281,0.301700,0.175536,-1.843794,-0.890318,-0.064078,0.536291,-2.196128,-0.162124,-5.211154,0.222135,-3.471468,4.883577,-0.936249,1.492746,-0.070634,-1.606169,-1.844106,3.171358,1.911876,3.887168,0.110907
0.143049,0.849612,0.692858,0.582571,-0.799941,-1.908002,-0.393053,1.001632,1.393455,0.710549,0.429341,0.379640,0.575839,-0.534383,-0.574164,-2.083774,0.168020,-1.578493,0.883818,0.340020,0.575364,3.350260,-0.075436,1.513454,4.103019
-0.556119,-0.130060,1.669070,-0.942558,1.614779,-0.322028,1.325432,-1.406815,0.585904,-0.736770,-1.415267,0.218534,2.613234,2.306339,-0.613376,0.459286,-2.636553,0.997829,0.548920,0.046770,2.054390,-2.415550,3.269726,1.803529,-0.141268
1.009472,-0.844941,-1.499016,-0.091845,-0.087435,0.548320,0.949595,-0.059415,1.855503,0.224235,-0.346427,-1.611567,-0.297459,0.961222,3.041702,0.203215,0.288062,0.036237,3.564048,-0.737766,-0.059015,2.926871,0.294022,2.274118,-1.822560
-0.262660,-0.336387,0.960305,0.462484,-1.179369,0.172254,0.671531,1.528031,0.887504,0.760847,0.060086,0.388312,-0.410585,2.968868,-1.352679,-0.302598,0.513370,-1.978309,-0.827620,0.225273,0.093363,2.560704,3.082914,-1.712170,0.222537
1.249505,-1.332777,-0.349439,-0.772569,0.379153,1.230222,-0.596974,-2.390304,-0.412221,0.913474,0.537630,0.428186,1.348497,3.032695,1.436981,0.581827,1.333085,1.347538,-1.855429,0.385598,2.918322,-0.414714,0.258893,-0.485033,-4.627719
-0.279993,-1.279031,0.515294,-0.834282,2.184097,0.570507,-0.580648,-0.611385,-0.092944,-0.239502,1.116834,0.186416,0.041180,0.603584,-1.024987,-2.309274,-1.761213,1.528375,3.945050,2.764867,-2.688692,1.709255,-1.326325,-1.164534,-0.923951
-0.731632,1.890441,0.049308,0.768840,-0.608227,0.363116,0.311110,-1.889649,2.015275,1.290644,-0.397195,-1.102270,1.412134,1.918507,-0.196062,-0.162141,0.928527,1.135989,2.352451,-2.568744,0.040055,-2.136049,-0.101885,-0.452351,-0.093499
0.347562,0.086698,0.355669,0.191577,0.506241,1.447306,0.568103,-1.049655,1.362563,1.640615,3.152057,-1.123494,-1.599486,-2.974580,-4.188875,-0.262360,-0.862002,-1.351875,2.645097,-1.718876,2.833668,3.247687,-3.901801,0.184763,-0.799393
0.242882,-2.082099,0.553149,-0.548200,1.923446,-0.774615,-1.689183,-0.471264,-1.975488,0.751099,-2.065083,0.028458,-5.823608,-2.889283,1.549872,4.038399,1.805356,0.647265,-0.042665,3.365326,4.296478,-1.173685,-3.999973,-4.196375,2.643762
-2.077812,-0.320298,1.643378,0.360648,-0.863494,-0.031203,0.018017,0.472630,-1.366858,0.592567,-2.704392,-0.629885,-0.094117,0.366484,-3.581302,-1.506378,-0.590962,0.415677,-0.797184,-2.074652,-1.569134,2.416647,0.489569,1.224314,-1.797748
-0.488274,0.633327,0.022631,-1.405563,-0.984993,0.198680,-0.079067,-0.579124,-0.480834,0.696168,-0.517693,-0.088091,-5.907647,-1.046209,-1.733141,0.698025,6.571447,1.390332,5.471920,1.137539,-1.259772,0.695832,3.561277,3.659125,-1.150675
2.169937,-1.423683,-1.851843,0.783590,-0.678643,-0.318238,-0.781156,-0.259800,1.598538,0.802128,0.862224,-1.416227,0.506367,-2.858534,1.649337,3.106709,0.079599,-1.334768,0.720262,0.834918,0.162288,0.357430,-0.347630,1.991910,1.472455
-1.151154,-2.839079,-0.809381,0.956703,0.516947,-0.221513,-0.022300,-0.688886,0.204759,0.765878,-1.615887,0.299648,-1.966206,-2.021181,-0.508749,1.473674,0.296115,-1.286301,0.523037,-0.661621,1.760973,0.666117,-0.630556,0.463038,2.630096
0.932435,-0.415100,0.700701,2.814654,-0.104343,0.393307,-0.738057,0.181251,0.460272,0.194842,-1.019695,0.206362,-1.139260,0.805314,-0.140921,0.853967,-1.309130,0.220671,2.215647,-1.874014,-2.658810,-2.582911,-2.341325,1.190647,-2.811719
1.462196,0.448636,0.961987,-0.237012,0.749900,0.279268,-0.950911,0.318521,-0.991697,-0.632880,0.189328,0.297244,-0.595791,1.236579,0.833318,-0.771118,0.381847,0.214291,-0.448482,-0.421669,4.470855,1.618622,4.961302,-0.993926,-0.169933
-1.189232,1.053986,0.572006,-0.704728,-1.537585,-0.144905,-0.445944,0.113140,-0.363117,-2.007457,-0.388347,-0.305619,-2.664252,-1.619134,3.803826,-1.044069,3.838563,-2.486725,-2.106938,-0.682462,-0.127500,1.846175,0.901541,-0.832631,-0.266632
0.633661,-0.698200,1.678675,-1.911641,1.311167,-0.224319,0.859585,0.079801,1.139556,-0.387362,-1.098620,1.420504,-0.638126,-1.829307,-1.775926,2.055768,-3.656330,3.234717,-0.685988,-1.545017,1.479519,2.970433,2.235265,1.003704,2.173727
-0.113481,0.221558,1.234752,-1.031955,0.595491,-0.589895,-0.132169,0.072279,-1.500222,-0.778837,1.351073,0.886191,-3.432995,-1.043661,-1.822340,2.449277,-0.766956,1.690813,1.071714,-1.724614,-1.173916,2.587635,-1.550965,0.249735,-1.565083
-0.062640,0.243123,-0.294243,1.356583,-0.200353,0.231842,1.146030,-0.777371,1.558789,-1.530461,1.629642,-0.372676,-0.627904,-0.092324,-1.565733,-1.920894,0.572547,-1.689475,-1.621315,-1.878106,-0.155816,1.887403,3.013057,-1.451836,4.300622
-0.242699,-1.890010,-0.454795,-1.039807,-0.607646,-0.137311,0.957792,0.207603,0.307677,-1.095519,-0.880754,1.798725,-2.009410,2.167097,-1.443393,-1.741847,-1.489512,-0.104895,1.159944,1.339736,-1.887970,-1.979319,-1.833277,-0.222709,-0.420311
-0.735201,1.656208,-0.243061,0.002288,1.070365,1.271892,-0.110813,-0.388243,-0.055920,0.337958,0.891304,0.004230,-1.900351,0.539207,4.525138,-1.009431,-0.867024,1.119323,-1.117633,1.337929,-1.437085,3.664239,0.689550,-1.240046,-1.177383
0.618886,1.638360,0.381310,0.311653,-1.518911,-2.630730,0.388376,-0.094824,-0.514783,0.243530,-0.060404,1.127780,-1.027600,2.745499,-2.537502,-1.335883,-1.123321,-0.031376,-0.542219,-2.982456,-0.799645,-0.199101,-1.256196,1.373551,1.838817
0.086111,-0.746923,0.990166,-0.217131,0.526537,-0.477411,-0.649827,0.084168,0.012829,0.479827,-0.268646,-1.836360,-0.156773,0.461083,-4.322112,-0.842206,2.009643,-0.846873,-1.474523,4.555378,3.638154,0.935150,2.277821,-4.451871,-1.575103
-0.432774,0.793818,-0.297376,-0.246383,0.986377,-0.711973,-1.542803,-0.160631,-0.484174,-0.966246,-0.175378,0.491506,-0.939916,-0.471960,-0.979888,-5.100053,0.772049,1.087308,3.203798,-1.576619,-1.740326,-5.359969,-0.587134,1.802224,-1.223536
-0.009289,0.306981,1.813408,-0.342879,0.278349,-0.509213,-0.846360,-0.584908,-0.478759,0.359476,2.349076,-0.716043,4.286890,-0.513190,0.293985,-2.726206,0.574441,-3.958640,1.387396,1.448856,2.718583,-2.039937,0.321124,1.127633,0.884563
-0.416625,-0.063123,0.395799,0.263551,1.284096,-2.426392,-2.386930,-0.495878,1.097300,-1.565648,-3.007632,0.571179,-1.730599,-4.783964,0.693921,-0.304999,-1.133341,1.527891,-0.089839,-2.638390,-3.862905,-2.257927,4.786025,1.445554,0.377225
0.243657,-1.090208,-0.985540,-0.969744,0.110535,-0.626315,0.494064,-2.854627,-0.856852,-1.126054,-0.256341,-0.538048,-0.363322,-0.494786,2.334392,-0.981191,1.153841,-0.696856,3.880313,1.484577,2.491114,-1.168820,2.116272,-0.625155,0.220070
0.797844,-1.859337,0.045491,0.558336,1.856647,-0.481766,0.324459,-1.803863,-2.391956,0.844774,-0.005560,1.178513,3.270095,-2.085550,0.406495,0.876011,1.040009,-0.901569,4.172528,-2.589864,2.917771,2.430131,3.801778,-3.176454,-1.737663
-1.373403,0.519902,1.868818,0.419706,0.276582,0.008556,-1.570881,1.355573,-0.610858,0.504483,-1.563034,-1.179460,2.983886,-3.754078,-3.212918,-0.976616,0.383988,3.184450,-0.370532,-1.216478,0.622780,0.939193,0.882480,-0.355972,-3.910172
1.435087,-0.347302,1.453275,-0.078231,-1.841898,0.892068,-0.589892,0.698689,0.025211,-1.543118,0.164295,2.196223,-1.835232,2.840542,0.374138,-0.645044,2.236337,-2.260233,-0.450696,0.275517,-0.882755,0.201526,-0.375388,-2.798686,0.362956
0.492986,-0.057518,1.075343,0.210668,0.209534,-1.091625,0.233848,1.035443,-0.836062,1.424496,-0.091706,-0.887770,-2.656704,0.331230,2.748272,-0.562046,-2.342966,-0.253976,-1.663942,1.189018,-0.295977,3.419527,2.325979,-0.306161,1.431218
0.997632,-0.286794,0.759515,-0.291759,-0.059826,0.493560,0.290897,-1.995532,-1.121244,0.929410,-0.132137,-0.523731,-0.786473,0.067914,-0.722868,1.532912,2.865977,1.597296,1.843873,1.846067,1.102512,-2.278572,3.401943,3.608822,-0.467759
-1.358574,-1.079736,-2.021799,-0.101281,-0.598438,-0.966588,-0.068123,0.363971,2.093198,-1.511883,1.159381,0.973102,-0.741396,1.224823,1.101626,-0.403892,-2.500051,0.611402,1.102873,1.451642,0.698586,-0.542230,1.988004,0.131697,-0.929846
-0.779093,0.203236,-0.457633,0.185689,1.509131,0.605606,0.508608,-0.430309,-1.484057,-0.208468,1.206608,-1.527168,-0.361307,-3.491938,-0.364484,1.376873,0.679566,3.041328,-0.525950,0.974626,1.585480,4.685714,0.289531,-2.088374,1.695858
-1.055089,0.126268,-0.984655,-0.792523,-0.423599,-1.365617,-0.974122,0.703428,-1.307370,-1.597872,-0.630025,0.731956,3.731455,-0.645097,1.682163,2.457456,2.034131,0.251117,-1.396948,-0.162559,0.917201,1.816445,0.667890,-0.759816,1.110759
-0.196922,-0.464581,0.044359,-1.745707,0.494706,0.383435,-0.409308,1.005925,-1.127496,1.127909,0.154494,-0.336553,1.720170,0.759220,-1.672374,-0.362812,1.895642,-2.766036,-4.186356,3.016166,1.022831,1.213460,-2.153634,1.475056,0.550497
-0.019874,-0.107265,1.220283,-1.076679,-0.762519,1.036303,-0.595535,0.900533,1.699436,-0.401795,0.681362,-1.153692,-3.168655,2.848567,0.317367,-0.792168,-0.755979,-4.030444,1.186673,0.523714,-0.388160,2.556970,-2.767718,-1.193545,-1.700017
0.754733,0.199424,0.473038,-0.645572,-1.661083,0.503252,-2.063403,-0.317350,0.941182,0.191898,1.948343,1.025109,-0.557590,0.134940,0.860027,-0.693947,-1.754711,3.372014,4.823280,0.286573,-1.513561,2.950908,-2.893514,-0.669547,-1.392234
-0.653898,0.027313,-0.047371,-1.582177,-0.940399,-0.560761,-2.036221,0.047493,-0.249072,-1.672894,0.404213,0.715873,-2.319071,-0.560048,-1.728344,0.025309,0.054354,-1.242663,-0.741027,-0.461698,1.619692,-0.296859,1.649403,1.171626,1.143061
0.227034,-0.324068,0.591442,0.680220,0.307404,-0.824612,0.276601,1.195481,-0.596629,2.097939,-0.525631,0.032407,2.775692,-2.238782,-0.946366,3.526598,-0.514633,-5.630247,-0.405937,0.269879,-5.234226,2.667871,-1.427425,0.657126,-0.451963
-0.672486,0.223271,-1.742222,-0.546042,-1.092121,0.135338,0.994447,0.646006,-2.371659,2.042070,0.295280,-0.776499,-2.576703,-2.141016,-1.870166,2.171344,-0.295076,-1.043731,-1.869218,2.392300,2.928403,2.369488,0.984875,0.579660,-2.431876
0.157128,0.176190,-0.666849,0.197917,-0.607472,-0.404362,-0.686279,-1.432671,0.145836,0.585299,0.514884,0.819925,-0.491638,-1.367720,-3.651024,2.114087,-1.391660,2.391884,1.763493,1.113436,1.225768,-1.230628,3.715700,0.086251,0.603863
0.324340,-0.532725,0.839664,-1.357518,-0.900671,-0.964200,1.080056,0.942789,0.487305,1.071930,-0.879283,0.348595,-1.298153,-1.862331,0.954592,0.435027,-1.578705,-2.876853,-2.539846,2.392267,-1.226508,-0.677817,2.900681,-2.244301,-1.453990
-0.125174,0.846882,-0.115224,-0.384943,0.540909,0.876169,-0.668345,-0.061076,-1.058441,-2.498061,0.200460,0.608905,-1.537534,3.236137,3.986767,1.503126,1.566769,-1.160710,3.894657,0.535393,1.706221,-0.211050,-0.536065,3.326085,1.079447
0.262067,-1.949562,-0.350849,-2.218348,1.369701,-1.086055,1.255404,0.945870,-0.900590,-1.132785,0.350370,-0.844324,2.902751,0.510656,-1.696733,-1.166686,0.205930,-1.253000,-2.214923,2.402834,-1.089740,0.276385,0.592267,-1.176306,2.901599
0.102485,-0.482828,-1.781158,-2.230468,0.226684,-0.561558,-0.553090,0.695864,1.173442,-0.272545,-0.340599,0.500143,-2.234284,0.523251,0.492235,-0.108509,-2.593825,1.741635,1.487021,-1.351137,1.414974,0.749815,-2.561224,-1.707858,2.276563
-1.356936,0.223153,0.551886,0.680230,-1.936753,-0.761355,-0.878263,0.099887,0.480745,1.496710,-0.494965,-0.497572,0.618832,-1.128606,-1.716952,-1.030788,-0.888959,-1.691926,-3.483528,2.280027,1.941267,-2.546511,0.272623,-1.804476,-0.523134
1.149672,0.296577,1.267652,0.288728,-1.157117,-1.333128,-1.551512,0.662052,1.188597,1.849362,0.843105,1.162839,-0.689533,-0.855668,4.005894,-0.880651,-1.616528,-1.525163,2.087554,-3.304205,-1.525246,2.893646,0.487972,0.383844,4.264293
-0.580016,-1.156416,0.850079,0.417681,0.107444,0.387371,0.323185,1.283817,1.294986,0.544220,0.845803,0.514063,0.492696,-1.416372,-0.564154,-2.270865,2.511874,1.149123,2.248828,2.425968,-0.828422,-1.889506,-0.103426,-1.745522,0.329914
-0.461170,0.756565,-1.394495,1.053892,-1.194523,0.285803,-0.845154,0.553389,-0.033925,-1.594756,0.420700,-0.577921,2.264194,-0.336279,0.299990,-0.187691,1.605455,-1.335565,-4.392893,0.941738,1.975669,0.892748,-1.280461,-2.270024,0.988995
0.881147,0.001326,0.395421,-0.957569,-0.589332,-0.458639,0.856702,1.677377,-0.805172,1.076848,-2.169677,-1.194189,0.282958,-0.251585,3.644927,-1.893600,3.550074,0.063568,-3.671141,-0.358405,1.918992,-0.730110,-2.949557,-0.329029,-1.714345
-0.958778,-1.352509,-1.583588,0.412999,-0.214068,0.379405,0.690473,0.265617,0.657763,-0.069532,-1.186993,1.057814,0.983629,1.546800,-2.112541,-1.411608,1.513285,-1.717689,-2.164316,-2.357382,0.704077,0.618315,-1.368092,0.010171,3.054265
-0.589112,-0.935596,-0.177918,-0.912811,-0.417430,0.344054,0.348342,-0.897830,-0.487705,1.074333,0.496400,2.075065,-1.948120,-3.903485,0.910151,-0.220802,-1.420050,1.304160,1.678450,-4.416556,-1.305196,4.635032,1.166810,1.352207,2.345789
1.180128,1.144293,-1.387869,0.763860,-0.053107,-0.550982,0.168015,0.945212,0.500832,-0.878474,0.742459,-0.637588,0.034138,1.593368,1.436124,1.078083,-0.644024,0.344118,-1.176723,0.025629,-2.336982,-1.581248,-0.564624,-1.887411,-1.010035
0.216683,-0.303350,-0.218866,0.766243,-1.040194,1.945195,-1.821086,-0.597668,0.370212,0.584314,-0.100476,-0.057391,-0.327852,0.804525,1.898515,-0.927569,2.670209,1.877222,1.008188,0.307298,0.638242,2.374102,2.447159,2.669893,0.082654
0.410550,-0.231069,1.393181,0.839349,0.872824,-0.966157,-0.079388,-0.300466,-1.005601,0.360164,-0.537646,0.655404,1.109934,2.687093,-1.247432,-0.636834,0.032073,1.799197,1.830344,-0.461728,-3.017219,0.492368,-1.836632,-2.979872,-2.527743
-1.070192,1.719041,-0.896333,0.219302,0.791859,-0.570640,0.852469,-1.229184,1.452118,0.014149,-0.596411,-0.299182,0.652762,2.722075,0.077789,0.422761,2.365790,-3.088910,1.040353,-0.023180,1.132115,-0.966968,-1.635875,0.281018,3.298383
0.808919,-0.584455,-0.749358,-0.221537,-1.176962,1.820544,-0.566395,0.831617,0.209470,-0.984534,-0.005955,0.784003,1.721820,-1.015386,-2.681944,-3.364135,2.632199,-1.910165,-0.651027,2.642422,-3.227803,2.984529,-0.507281,-2.297167,-0.494702
-0.188261,1.193113,1.021515,0.918915,-0.459657,-1.079842,-0.613588,0.196241,0.545787,-2.171571,-0.008113,0.158089,-1.445194,0.881640,-1.296265,-3.823284,-0.441125,-2.713090,0.408640,-2.374261,-0.976026,0.365176,-0.424917,0.500861,1.360574
-0.277544,1.291274,0.421780,1.310192,-0.215961,0.937477,1.635066,1.311693,-1.092142,-0.253676,-0.345165,0.489255,-2.315867,-0.128795,-6.659008,0.494667,-0.601628,-1.966900,0.631439,2.345395,-0.952035,-1.889629,0.330051,-2.671213,-1.320763
0.686354,-0.838893,0.067839,-2.019927,1.441945,-0.512374,0.055864,-0.309650,1.146028,-2.837506,-0.016610,-0.105819,2.444804,0.124358,-3.758934,-3.593983,0.324171,1.724781,-3.235243,0.899425,2.660687,3.775718,0.662446,1.013605,-4.266369
-0.453636,1.726227,-0.887329,0.771796,0.356253,1.261519,-0.667189,-0.732969,1.096070,0.425321,-1.544937,-0.539305,4.199505,-1.150980,-1.866942,-0.510412,3.023347,4.416092,0.250817,1.996168,0.086408,-2.075591,2.953487,-1.244255,3.071062
0.386383,0.837764,-0.679231,-2.914256,0.523223,-1.220321,-2.017339,-2.832326,0.813981,0.128617,-0.225656,1.389024,2.597083,1.228073,3.657950,4.464692,-0.350487,-1.617588,-3.728540,4.489365,-0.879364,2.270074,-1.482511,3.076531,-1.400235
0.637325,1.616300,-1.392735,-0.034551,-1.616713,-0.229382,-0.248616,0.626614,0.045564,0.623407,0.703440,2.154929,-2.383438,-0.417013,-1.063551,1.192600,-0.102790,1.255405,-0.582043,-1.330215,-1.167121,4.089878,0.450342,-3.967524,-1.040418
-0.315297,-0.941023,0.246084,-0.802280,1.481961,-0.283218,-0.565576,-0.471316,0.718417,-0.157747,-0.641667,1.665352,0.193732,3.690799,2.057397,-1.843436,4.836712,-0.062321,2.492660,-2.310017,-4.796326,-2.816863,-6.500667,4.224179,0.429066
-0.856170,0.035566,0.652306,-1.631335,0.480261,-1.055108,0.822783,-0.962651,0.692769,1.105833,0.861437,0.251317,-1.849288,0.905248,0.378668,1.241867,2.419063,-0.579842,-1.759679,1.655550,1.604666,0.201472,4.355108,-0.875644,-1.799716
-0.231301,-0.576420,1.471035,-0.699495,-1.037066,0.665369,-0.796137,-0.950063,-1.443604,-0.482910,-0.082715,0.243092,0.836183,-1.349876,0.991033,-1.666017,-0.800485,3.781681,-0.811175,-1.597703,2.341358,-2.102084,-1.385886,1.153122,1.876823
0.951306,0.526898,-0.190872,-0.198196,0.510157,1.272570,0.126314,-0.469131,-0.992866,-1.445205,0.666270,0.577979,2.440953,-1.494444,1.192017,-0.932216,-1.211311,2.406426,-1.099109,0.556409,0.311159,-2.141509,1.932186,1.120562,-3.972581
0.577364,-0.128659,1.406935,-0.484118,0.955269,-0.038743,-0.608351,0.592530,0.409636,0.356973,0.081278,-0.037893,0.554842,-1.545947,2.194151,-2.890800,-0.712954,0.724049,0.108681,1.525917,-3.036844,3.303829,1.050289,2.719436,1.748480
2.388372,1.184257,0.722827,0.111799,1.007157,0.517995,0.026205,-0.303564,-0.080917,-3.170426,0.210601,-0.488476,-0.023220,-2.568396,-1.127106,3.179127,2.770876,-1.239200,-5.636609,-0.425379,-0.575406,-0.499545,1.057078,1.752425,1.980599
1.592670,0.019344,-1.188963,-0.049880,-1.046121,0.473407,0.290947,0.957840,-0.790882,0.034008,-1.365022,0.701495,0.891418,-3.601541,-0.682399,4.608180,0.748433,0.735639,0.718972,0.830759,-4.766224,-0.479049,-0.075786,2.562991,0.095346
0.518871,0.495805,0.001619,0.414773,1.604339,-0.285094,0.138645,-1.086126,-0.868261,0.097813,1.103934,-0.256281,-3.293023,0.860178,-1.607649,-2.433571,-1.668318,1.085008,2.517522,0.965860,1.264046,0.946091,0.202654,1.393861,-4.837551
-0.235917,-0.406885,-0.534757,0.294971,-1.497258,1.280940,-0.665422,0.721903,-1.269999,0.668840,0.671945,0.384202,0.222177,-2.089850,2.325805,-0.294311,0.061896,-3.010144,2.033662,1.254656,1.113896,-1.626046,-1.547280,0.447199,-1.388997
-0.994429,0.249548,-1.183056,-0.252763,1.029413,0.796702,0.015183,-0.974807,0.645588,0.019381,-2.320316,0.782630,0.869786,-4.321825,-0.975089,3.593507,0.878972,0.333587,3.970453,-4.671907,-1.630622,-0.802346,1.716702,1.751313,-1.732013
-0.024233,1.202451,-1.095271,-3.176704,0.279084,0.291564,-1.690672,-0.978500,2.755218,-0.305611,0.730959,-0.650660,1.995909,-0.806630,2.423279,-2.065285,-0.246623,-0.980335,2.112061,-1.045562,-0.084897,1.013623,1.090517,1.773905,0.422250
-2.090303,-0.170258,-0.265605,-0.399878,-0.114641,0.264268,-0.150117,-1.264006,0.486185,-1.949372,-2.050357,0.739180,-0.836498,-0.699397,0.051345,0.499185,-0.294343,0.038407,-3.034508,1.334711,0.362225,2.003741,0.000321,-3.476795,-0.716892
0.507020,-0.057395,-1.395449,-0.707911,-0.262747,-1.595894,-0.739029,0.652330,1.427305,-0.419435,0.756488,-1.914060,-0.399860,1.485807,-4.140547,0.082359,1.027350,-1.322976,0.149256,-1.254073,-1.459146,-0.816840,-1.421384,1.367237,-1.469904
0.659451,-0.803948,0.307346,-0.247752,1.320414,-0.874436,0.627606,-0.279507,-0.158305,-0.183854,-0.845673,-0.014099,-1.805820,3.535857,1.921480,-3.723027,-1.529537,0.484926,0.647510,-2.980986,2.317131,1.650449,0.963803,2.713457,0.904580
-0.062648,0.241240,0.084505,0.797995,0.923509,-1.050623,0.868773,-1.186336,0.587856,0.619739,-1.911317,0.092979,0.897162,3.115359,2.202439,-1.683015,1.266390,-1.328536,1.008309,0.953227,-2.766935,-0.243691,0.530514,-0.872580,0.629420
-0.468496,-0.758765,1.350852,-0.653679,-0.806377,0.075695,0.685590,-0.141649,1.166371,0.530976,-2.178211,-0.529467,1.611796,-0.061186,0.449199,2.766848,0.946393,0.401649,-1.916159,1.342052,0.660300,2.567479,0.093757,-3.632533,-3.400242
-0.561842,0.479361,-2.624817,2.549010,0.531026,0.148877,1.181568,2.343654,0.870747,0.948813,0.130690,-0.141526,1.471362,-1.140387,0.873536,0.228465,-0.333679,-0.192723,-1.730779,-0.031555,-1.168987,-0.744513,-0.647298,-0.453387,1.844347
-0.475795,-0.826112,-0.687014,-1.350556,-0.075871,-1.684668,0.190917,-0.036331,0.146935,-0.522132,3.076860,1.360116,-0.259582,2.047405,3.075710,1.709889,1.068937,0.653664,1.730717,0.178721,1.969140,1.228212,-0.719681,1.791702,0.182960
-1.244543,0.232868,-0.608006,-1.014480,-1.340072,0.432217,-0.681380,0.967826,0.993782,1.373914,-0.852387,0.475366,-0.212264,-0.952398,0.332038,1.992925,1.777880,0.706788,1.199287,2.543394,-0.299933,-2.230840,2.602260,-1.059557,-1.380676
0.632454,-0.474178,-0.771772,1.609521,0.227496,0.635968,-0.822076,-1.219284,-0.569450,-0.124021,-1.064220,-0.009845,-3.592396,1.142566,-3.242905,-1.500518,1.176474,1.443843,-1.303408,-0.268307,-1.745189,-1.096794,0.532431,-1.003293,-0.488430
-1.688505,-1.120047,0.670911,0.603791,-0.391877,-1.017764,-1.027404,-0.373268,0.644518,0.928246,-0.496532,-1.153492,-2.929413,2.265912,1.020133,1.585811,2.580851,-1.650426,-0.716789,-3.789669,6.280846,-0.299171,2.077456,-2.476322,1.992777
0.267844,-0.823535,-0.518253,1.325276,0.827115,0.157974,-1.271919,0.211397,1.062657,-0.375634,1.351114,1.292745,3.715182,-0.120561,-2.021763,-0.277593,-4.453523,-0.075773,1.641934,-0.071515,-0.568279,1.055136,1.208050,-3.319811,0.177646
1.663733,0.305243,0.587392,1.414187,0.447394,-0.501234,-0.448543,0.238555,-1.290561,-0.143259,1.096547,-2.191254,4.871970,-2.670032,-0.170838,3.883492,2.208350,-1.026793,0.412271,-0.004223,-1.496144,-0.148504,-0.559932,0.225498,-1.496766
1.534482,1.122374,-0.459765,0.543391,0.003148,1.229990,0.982683,-1.400071,0.587262,-0.205628,0.082833,-0.728172,-2.553236,-0.082562,3.430236,0.164406,-0.663188,1.508172,-0.316639,3.736066,-0.007825,1.400994,-1.509209,1.006179,0.550187
1.748137,1.040062,-0.739771,-1.334611,-0.385673,0.434503,0.240206,1.253133,0.789920,0.969569,0.326855,-1.389299,-0.113012,-1.003516,-1.276060,0.564705,1.257878,-0.254326,0.574536,-0.075829,0.197052,-0.400890,0.035945,5.396081,0.623269
-0.195699,1.060090,-0.051523,0.503090,-0.318748,-1.029812,-0.123344,0.309047,-0.655688,-0.235711,-0.939463,1.119245,1.290594,0.876047,-0.525634,2.587978,-0.582328,2.110109,-0.668414,-1.919945,0.730792,-2.209337,1.071280,-2.388317,-0.638016
-0.294456,1.452756,1.528748,-0.081046,-1.008449,-2.085898,-1.472037,-1.373835,1.378470,0.115825,0.389605,-2.220421,-2.863459,5.648334,-3.307919,0.019627,2.286609,2.072772,1.702684,-0.634457,2.702178,1.826782,0.424599,0.481162,-0.607845
-1.197966,0.887080,0.286774,-0.147205,0.564842,1.635798,-0.221042,0.069370,0.192597,2.392110,-2.099356,0.683223,-1.819304,2.474302,2.624416,-1.768218,-0.307570,-0.286846,-0.065312,0.128590,1.893723,-1.494435,-1.692694,2.473239,-0.925289
-0.114802,0.566772,-0.657373,-0.048965,0.711411,3.112910,0.808036,-0.848066,-0.423760,-0.453414,-1.795643,-0.330090,-2.526071,-0.970260,-0.660105,3.109925,1.849652,2.295041,1.639947,1.892487,-1.376164,-0.397204,-1.979831,-0.420976,1.368210
0.732829,-1.274232,1.048483,0.487775,-0.734233,-0.141530,1.598322,0.733548,0.008784,-0.237683,0.076609,-0.511764,0.269167,2.622962,-2.282832,1.000477,-2.496606,0.188353,1.480667,-0.429005,1.102253,-1.919465,-3.327380,1.114059,3.488020
-2.104750,2.042178,0.155325,0.398147,-0.057908,-0.735117,-0.185924,-1.599395,2.277086,-1.234512,-1.031966,-0.440259,-1.992090,2.444388,0.086847,-2.671383,-2.263011,0.031570,-0.808925,-2.625826,-3.388079,-1.693439,0.387618,-0.012802,-1.002476
1.288076,0.014509,-1.236136,1.254338,0.731001,0.538435,0.715734,2.394362,2.185095,-0.686715,1.623885,0.383168,0.403774,2.080053,0.788253,-0.242617,1.856144,-1.919701,-0.449839,-0.402176,-2.473907,-0.839748,-4.149919,3.824356,-1.874828
0.499096,-1.692271,-0.170386,-0.812824,0.828059,1.071081,-2.074486,-0.022035,1.121862,-0.186679,0.729064,0.351165,3.172228,0.076169,1.129728,-0.977600,0.415859,1.300979,1.329105,1.549547,-0.736665,-0.960719,-3.188353,1.046438,2.164757
0.341660,-0.271315,-1.216581,-1.121530,0.709353,0.019458,-0.138512,-0.423890,-0.305189,1.046912,-0.335244,-1.341065,3.231963,0.610345,-1.532960,-3.394192,2.083333,-3.592553,-0.681208,-0.448614,-0.138910,0.071605,0.276295,-4.830727,0.029312
0.743652,-0.204877,0.031396,1.607578,-0.020561,0.289184,-1.178923,-0.219669,0.609526,-1.555374,0.200845,0.100791,-4.459151,1.464436,-1.110250,-4.314073,-1.628409,-1.140151,2.381399,0.393275,0.688890,2.362443,-0.192289,1.508376,1.367722
0.041287,1.037159,0.334439,1.478072,-0.993590,0.135925,0.084467,-1.069254,0.956295,2.324673,-0.017006,0.505021,-2.572939,2.945967,-2.840604,1.834733,-3.034146,1.202474,3.723830,-0.425957,-0.512711,1.220880,-0.658793,3.636557,0.384384
0.084518,-0.713585,-1.820760,-0.705773,-1.391958,1.704102,-0.115110,-0.345919,0.889154,-1.121751,-0.766864,0.068072,-0.640339,-1.080571,-1.865897,-1.255510,-0.701347,-0.975278,-1.316351,4.197682,-2.060190,0.293265,1.185042,1.260216,-0.117214
1.028769,0.501685,0.248325,0.078118,0.400236,0.201653,-1.029972,0.046079,-1.073689,0.081083,-0.480648,2.539382,-0.481405,0.903095,0.533043,-0.517918,-3.123757,-0.935847,-2.293100,-1.334319,0.066446,0.717472,3.560906,-1.074813,1.549251
-0.039894,-1.404240,-0.134180,0.519359,1.673364,-0.589452,-1.582428,0.816837,-1.380599,-0.436155,-0.257620,-0.069633,0.611920,2.591995,1.152457,-2.016963,-3.446092,0.622523,-1.056902,-1.960627,-2.535155,0.321951,3.015415,-0.817345,1.180541
0.689164,-0.683634,-0.273729,-0.014270,0.149598,0.097827,0.436006,0.843840,0.392634,0.453586,-1.582223,0.050228,-0.204533,-2.578764,1.469623,-2.189384,0.043253,-0.683041,1.786155,-2.116302,0.781740,-1.679595,-1.022210,-7.270400,4.184197
0.479508,0.728941,-0.692351,-0.659039,-0.574101,0.536414,1.033881,-0.407460,0.907962,0.123480,-0.124286,-0.211384,1.101114,-1.534695,-2.249311,-0.991298,1.433759,-3.784170,-0.283169,3.541284,-2.267893,0.160770,4.406620,1.264303,0.251848
0.746611,0.325578,2.275825,-0.852225,0.518102,-0.529201,-0.869287,-0.010867,0.137352,2.918174,-0.184146,-1.130179,1.013273,-0.801731,2.599263,-0.798660,-3.918363,-0.782606,-1.933469,-0.562388,-0.518168,2.394846,1.390585,0.526531,-0.005891
0.273011,-2.074640,-0.091957,0.016025,0.794600,0.973622,-0.503570,-0.150614,-0.766121,-1.128063,0.309895,-1.273586,-2.117716,-4.362350,0.226320,1.589282,-0.216668,-1.069709,0.929004,-0.166664,3.371488,2.465457,1.919016,1.515468,-2.580335
-0.414627,-0.995174,0.549683,1.801430,-1.301588,-1.853018,-0.124887,0.015698,0.218659,-0.446321,-0.200639,0.367510,1.325987,0.752652,1.212849,0.985219,0.905525,5.401733,-0.152371,1.872675,-0.941980,1.581283,1.878640,0.728852,3.338494
1.040431,-1.955049,-0.368939,0.213809,-0.917976,1.731170,-0.635410,-0.041293,0.556022,-0.591285,-1.846573,-0.428655,-1.768552,-0.974442,0.424760,1.761614,0.358859,2.571518,-1.323380,-2.281157,0.616257,-0.154361,1.085727,-0.054805,-0.680040
1.029441,-0.336895,-0.846434,0.925672,-0.330775,-0.510161,0.149456,0.770750,2.381714,0.827236,1.159840,-0.505966,-0.149875,0.057698,-0.609963,-0.406264,-0.807187,1.713330,0.388042,4.513505,0.321409,-1.101715,5.341351,0.827253,1.980250
-1.025868,0.062331,0.107170,-1.078513,-0.175295,0.399318,0.360393,0.504288,0.290965,-0.507009,-0.513901,-1.198951,1.184206,1.246022,1.071308,-2.204169,0.735058,-2.649723,-0.348726,-1.451235,0.714940,0.668252,0.962292,0.574593,-1.213651
1.784775,0.013450,-0.224853,-0.928792,2.935658,-1.073328,-0.428848,0.415837,0.600213,0.957932,1.807609,0.506158,-0.522007,1.840792,2.135713,-2.293566,-3.061855,-1.453779,2.090415,2.429768,-1.849424,0.614619,3.668863,0.830623,2.843007
-1.056031,-0.256945,0.307832,2.068226,-1.397805,1.202577,0.179914,0.837831,-0.101995,-0.842433,0.750873,0.654431,1.997453,-1.820397,-0.379963,0.069509,0.208267,1.832658,0.817370,-5.872402,-2.625681,-4.374762,0.350730,0.480975,0.566450
0.972057,-0.013305,-0.599822,-1.558787,0.819373,0.423889,-0.965783,-0.538574,-0.466759,-1.482984,-0.817682,-1.133830,-1.917857,1.348288,1.432525,-2.510298,-2.932076,-0.000263,3.583565,3.399485,1.126809,-1.459993,1.773685,-0.904849,-1.535014
-0.412479,-0.738697,-1.627005,2.022590,1.252541,-0.779019,0.272421,0.417465,1.191086,-0.818605,1.092107,-0.547905,-4.287934,0.204764,-1.259735,0.192861,-4.598715,0.339653,-4.862242,2.175881,1.043782,-0.557330,1.125440,-1.956149,0.144751
-1.335862,0.724137,1.290758,2.587909,-1.199725,0.698920,-0.409801,0.783359,-1.470490,-1.262770,-0.775875,0.078964,1.589548,-6.188578,-0.894449,-0.045288,-0.392587,2.914204,-2.247802,-1.242318,-3.831738,3.020573,-0.492580,-0.876818,-0.104965
-0.641081,0.659054,1.026895,0.599578,1.618788,0.415827,-1.216897,1.363377,-0.605156,0.910418,1.573734,0.456688,1.272472,0.694727,5.295768,0.907872,-0.930491,-1.122713,-0.785518,-3.003674,0.079728,1.566936,-1.226727,-1.614760,3.031890
-1.496159,-0.918212,1.322744,-0.169123,0.079574,0.758824,0.696323,0.278800,-0.208668,-0.312668,0.857899,0.553570,-2.852966,-4.135637,-2.305804,-3.080865,0.772452,-0.721409,-0.439374,2.305868,-1.382670,1.550179,3.022646,-0.911325,1.474046
-0.257300,1.082112,-0.129034,-0.851662,-0.758971,-0.978741,-0.272410,1.233724,-0.805095,0.188476,-0.656689,-0.260309,-0.483636,1.848196,-3.142978,-3.291024,-0.782535,-1.777850,-1.033418,-0.439053,1.440027,-0.815321,-1.647723,-0.703027,-1.538291
-1.510041,-0.220538,-0.193705,0.540288,0.223281,-1.198392,1.084198,0.210303,0.198394,-0.009182,-0.517757,0.217802,-1.868011,-3.226034,0.138956,-1.137411,1.932557,-2.894792,-1.084167,3.625814,-1.879219,-0.473067,-2.431688,-2.696855,3.094622
0.475588,-1.746896,-0.538761,-0.254947,0.256171,1.193311,-0.771741,-0.497962,-0.512534,-0.801528,-0.347186,0.770802,0.342079,0.267358,-3.392632,0.717483,2.314844,2.298954,1.336666,-2.258971,0.626247,1.335170,-3.588887,-2.242559,1.776315
-1.053835,0.427814,-1.701902,-0.561338,-0.329489,1.674860,-0.274802,-2.201243,-1.998889,0.034030,0.613771,0.375456,1.752092,-3.097166,1.590043,0.190607,1.562018,-1.269043,1.290367,1.687658,-0.702670,0.035505,-1.297043,3.303278,-0.240544
0.167570,1.162260,-0.539591,0.894911,-1.632015,-0.904948,-1.807041,-0.274845,-0.046261,0.114101,0.061883,-0.927553,-1.844049,-1.431652,0.253541,1.506662,-2.671654,3.695320,0.617351,0.932912,-0.194379,0.038518,-0.296566,2.035592,-0.015857
-0.190241,-1.497447,1.363229,-0.303626,-0.488886,1.588940,-1.242247,-1.125587,-1.096220,-0.067871,0.431632,0.739675,1.534100,-0.867695,0.391281,-1.607841,2.433056,-1.667494,-0.649959,-0.629921,-0.707903,1.444992,-0.633316,2.787849,-1.636950
2.571995,-2.249432,0.608736,-0.557131,-0.586415,-0.619772,-0.908770,1.684525,0.842297,0.023196,1.351016,-1.512529,0.338755,-1.551572,0.841946,-0.031899,-0.310124,2.376950,-1.308684,1.173030,-1.537920,0.225370,-2.391151,-1.325034,-0.164286
-1.330705,-2.177968,-0.699415,0.161699,0.102859,0.149342,-1.411057,0.803155,0.239628,0.733054,-1.892762,0.311491,3.629298,0.201608,3.309337,0.440647,-0.774168,3.078713,0.874035,-1.285443,0.941143,-0.585189,-3.978068,1.871946,2.189868
-1.187765,-0.397323,0.534365,0.091094,-0.851540,0.006273,-1.531535,1.150267,-0.205284,1.118550,-0.526532,-0.523576,3.675884,0.844287,-0.497447,1.669979,1.699641,3.276562,-0.089255,-0.331158,-1.431089,1.074924,-3.096523,1.552175,1.175670
-0.764187,0.876174,-0.709431,0.644595,-0.382452,-1.975963,-0.570314,-1.179108,0.033903,-1.190408,0.925975,-0.091076,1.170140,0.276450,3.065956,1.743987,-1.214154,-1.178358,-1.759348,1.102567,-2.000278,2.166784,2.645947,-1.758033,-0.371097
-0.177596,0.655892,0.963907,-0.020099,-0.771200,-1.773970,-0.686050,-0.617212,0.107057,-0.345147,0.687933,-0.612983,0.033242,1.767966,3.218687,-3.370985,-0.636361,-0.532033,-2.801340,-0.970220,0.855538,-0.557358,-3.089242,5.748165,0.532356
-0.057041,1.183987,0.341825,-0.060038,-0.601944,-0.633231,-0.850613,-0.541007,0.755666,-0.221888,-1.349773,1.768169,0.223388,-2.195853,0.521412,-0.328428,-3.777047,-2.140511,1.589852,3.888035,0.734331,2.206167,-0.311511,-0.173092,2.181958
0.319965,-1.406943,-0.441849,0.110886,1.704592,-1.108112,0.976041,1.399486,-0.628654,-0.277514,-1.036309,-0.203461,3.325555,2.602193,-2.132726,-0.133918,0.555049,-0.519356,0.775715,1.641154,2.005620,3.371740,-0.658882,-2.728066,0.716469
-0.036590,0.659650,1.090183,-0.748096,-1.967325,-0.021245,0.293538,0.249418,-0.326673,0.124752,1.515445,0.381734,3.767622,-0.953952,1.373694,1.391492,0.382884,0.013849,-1.846858,-4.563324,-2.223701,-0.780608,2.194845,-0.206256,-1.038051
-0.373368,-0.500198,-0.169852,1.636740,-0.183301,-0.019794,-0.482314,1.098983,1.959837,0.450613,0.082773,0.036783,-1.781971,1.313612,2.716714,2.126871,1.212299,-2.951225,-0.703348,3.894608,2.243901,-3.075006,-0.111181,0.726197,-1.524317
-2.384307,0.745151,0.134166,0.428342,-0.711462,-0.384457,-0.411025,1.021623,-0.378760,2.082660,0.430862,-1.275683,-4.618408,0.197648,-1.575517,-1.567683,-0.709361,-0.267352,-0.018166,-1.767980,-0.440419,-3.514847,0.622078,-5.712551,-0.578980
-0.128546,-0.651675,-2.194382,1.599471,0.703143,0.533207,0.165404,-1.382018,-0.483617,0.841781,-1.051220,-2.531769,1.838372,-2.118681,1.432860,2.311465,-6.615800,-0.302726,-5.751547,-0.236417,-0.014342,-4.965088,3.849677,0.572032,-1.698047
-0.227106,-0.141758,0.135563,0.728519,0.637606,0.258770,1.195531,-1.518970,0.504582,0.626538,-1.239562,-1.502871,2.930759,-3.591226,-2.458342,-4.598911,3.602090,0.664693,1.318804,0.602002,1.147536,0.156155,0.541843,0.215207,-1.217184
-0.745942,-0.661541,0.753419,-0.614539,-0.856349,-0.611634,1.118632,0.013043,-0.179251,-0.110005,1.292060,-0.749172,-0.093250,0.547189,0.221098,-2.955544,-2.689973,2.165683,-0.613988,1.169451,-2.184240,-2.946292,-1.687193,-0.445130,-1.330281
1.315508,0.210496,-0.160419,2.500900,-1.055639,-0.353686,-1.232431,0.952462,1.689189,1.669923,1.223949,-0.197620,2.587867,0.359047,3.697877,0.808816,-4.825102,2.112083,-3.019103,0.461067,-1.549368,4.285422,2.879196,-1.483641,-0.254715
-0.365241,-1.671170,2.035874,0.468978,-0.491957,1.328057,-0.972765,0.406622,-0.172629,0.638677,-0.063574,-1.450928,0.489196,1.726828,0.058304,-2.049790,-1.435117,-0.008964,2.468914,0.855676,-1.546830,1.296746,-0.773970,1.780816,5.054021
0.075576,1.048864,-0.029216,0.775115,-1.045529,-0.026261,-0.624510,0.746981,0.031492,0.690074,1.087710,0.691619,-0.717653,1.603210,-1.490787,-0.224528,0.059125,-0.387367,4.926027,-0.613186,1.173703,-3.860174,0.863993,2.284109,-1.055195
0.273118,-0.998212,-0.002786,-0.533090,-0.344064,-0.374534,-0.979926,-1.957339,-0.668143,0.193379,-1.348177,0.015682,-5.020444,-0.077304,0.034368,1.448150,4.021806,-0.760107,-1.712576,-2.333836,0.396157,0.958709,-1.091311,1.557365,0.930768
1.900268,1.023057,1.643542,0.391128,1.167510,-0.723965,-0.644340,-2.739140,1.186145,1.540324,-0.553177,-0.253952,0.086463,-1.804829,-0.963729,-4.859511,0.471574,0.052683,0.376958,1.008638,0.771643,-0.220766,0.097336,-2.808633,-1.167441
-0.753862,0.382654,1.124933,-1.742772,0.409439,-0.276672,0.113394,0.458994,-0.188202,-0.103587,-0.213875,0.970316,0.100942,-1.471707,1.720302,-1.317264,0.432611,0.233131,1.492555,1.801582,1.388065,-4.212012,2.388296,3.054616,-0.964249
0.418760,0.220584,-1.270952,-0.378580,0.898669,0.037697,0.659531,1.766512,1.038606,0.093158,-0.510989,-2.553550,0.473294,-1.781663,-3.896757,-1.477431,-1.080278,-0.709701,-1.917828,-1.466850,-0.022013,-1.540454,1.087049,1.363321,4.760775
-0.168385,-0.326012,0.390366,-0.153905,-0.320385,-1.779399,-0.939968,0.476651,1.715908,-0.097525,0.327811,0.952478,2.251360,0.486206,-1.240529,0.587495,0.653192,-1.026626,1.567463,-2.796196,-0.488800,1.111717,-0.575168,-0.413509,-0.275572
-0.810894,0.366814,-0.740490,0.864824,0.151403,0.298452,-0.782599,0.707032,2.084713,-1.007912,-0.339759,0.231607,-1.671202,2.347802,-2.036075,0.636319,0.827296,-1.897244,0.146209,-1.819264,2.782085,-2.277566,-1.307794,-2.448450,-2.715397
0.786406,-0.559546,-2.833030,1.359189,0.760506,-1.742948,-0.607569,1.568182,1.447796,0.938640,-0.176112,0.082987,3.182431,1.085549,0.280587,-1.313154,1.815224,-1.648445,1.587279,-1.745023,-1.289015,1.516565,1.727655,1.194946,-2.099348
-0.130926,1.128240,-0.875842,-0.805800,1.010275,-0.044361,1.378467,-0.671512,-0.054778,-0.922413,0.007363,-1.478547,-0.893454,0.313797,-1.698562,2.741926,-4.803894,-1.557479,-1.019133,-5.687887,-2.792458,1.250579,0.060567,3.146272,3.090453
-0.487633,-1.436254,0.693923,0.716589,-1.730263,1.333886,2.497415,0.046006,-0.641114,2.824331,-1.318968,0.020106,0.866093,0.626476,0.131862,-5.310164,-2.789119,0.201351,1.232051,0.579340,-1.784930,1.874813,2.964888,1.875979,1.979199
0.179622,1.345148,0.359739,-0.498634,-0.951184,-0.341822,-1.006927,0.047825,-0.564196,-1.494038,1.255146,-0.497673,-1.118452,2.151868,0.291517,1.023111,0.730864,-0.242974,-1.720005,-0.164273,1.973523,-0.882952,1.786695,1.474141,-0.597875
-1.268137,-0.168259,0.068372,-1.746467,0.331648,-1.047158,1.711029,0.523961,-0.399900,-0.745168,-0.104968,0.612791,2.777600,-0.711093,3.019094,0.868254,-0.031732,-1.775603,-0.176520,-0.407519,-2.516593,-0.435231,-1.607606,1.171984,2.612561
-0.025494,-0.217159,0.058370,-0.603859,-0.343206,-2.085792,0.973726,0.298798,-0.773456,1.898735,0.087016,-1.036144,-2.453831,3.424615,-0.257102,-1.950043,1.515510,-0.892909,-0.163473,-0.808556,-1.633476,1.447994,-0.572603,-2.873304,1.102120
0.856737,0.398048,0.394580,-0.425756,0.450496,-0.261758,0.555941,-1.904944,-0.433873,1.722155,-0.767067,-0.603838,-2.411165,-2.306520,2.385212,-2.392680,-4.632890,1.245723,-0.607727,-0.435310,-0.629001,0.463340,-1.505438,2.952230,-2.952461
-0.447961,-1.214806,-2.208281,-0.230586,0.135859,-0.052505,-0.144879,0.043041,1.022841,-0.190446,-0.574083,-0.281125,0.889750,1.284242,-1.519304,-2.047469,2.034348,-1.981722,-1.213328,1.774618,0.069482,-3.594287,3.494118,-1.060022,-0.805515
0.579347,1.412027,-0.628144,0.098934,0.338357,-0.992578,0.020417,-1.465674,-1.769050,0.366746,-0.383875,0.202280,0.511569,1.250154,3.922209,-3.320136,1.651904,1.486019,-0.274330,1.574547,1.868548,-2.763926,3.499533,-3.117525,-2.270633
-0.017895,-0.976400,-0.045254,-1.233101,1.390972,-1.355970,-0.195785,-1.042272,0.570421,-0.331431,-0.518667,0.853202,-0.523575,3.849881,-0.616513,-0.063868,2.864157,-0.600636,-2.356873,-0.834470,2.741584,0.141730,3.861317,1.475870,-1.289618
0.029431,0.516644,-0.981326,-1.404817,0.107208,-0.318846,0.626435,-0.079908,0.205075,-1.623383,1.888437,-0.164242,0.102153,-1.706436,-1.336866,8.958169,2.037249,1.722196,-1.246361,3.139168,2.198831,3.763243,3.666228,-2.958179,-2.219679
0.697587,-0.836092,0.308010,-1.302845,0.452068,-0.355974,0.029191,0.697974,-1.232540,-0.684492,0.457324,2.098221,-2.007576,-1.887881,0.646905,-1.133607,4.145197,3.809360,-0.012923,3.910652,2.976269,-0.901413,-4.018431,-0.435937,-1.289244
-0.138082,0.591136,-0.106971,1.942246,-1.747222,0.094621,-1.625544,-2.506572,0.297462,0.139498,-0.284837,-0.106194,0.413011,0.178457,0.126035,1.047369,-2.425044,0.822721,-0.879232,0.399964,1.914820,-2.448800,-0.562587,-0.237068,-1.028538
3.098299,-0.258175,0.510124,-0.649365,0.295233,-0.238234,-0.410518,1.818899,1.177185,0.136747,-2.304212,-0.361009,1.799659,-1.440777,-1.110801,-1.419838,2.184111,-0.984888,0.920091,3.951410,-0.149637,2.224121,3.342708,2.054383,-0.033603
2.703028,-0.230662,1.103218,1.441942,0.218964,-0.841822,-2.435312,0.684163,-0.814756,0.176150,-1.249820,-0.265238,1.284216,-2.574757,-1.560086,-1.209350,4.481224,-1.625169,-1.654954,-2.087842,1.119624,0.285243,2.173518,1.342519,-2.760780
0.033719,0.268594,-1.114822,1.196911,-0.596895,-1.674469,-0.109023,0.034375,0.160589,1.362132,-0.236449,-0.119620,-1.614556,2.730657,-0.406596,2.375184,-0.299362,-1.935313,-0.606522,-1.936100,-1.131106,0.401851,1.023210,-3.180383,-0.034736
-1.103184,0.820554,0.184309,-0.420028,-1.904675,1.444412,-1.227680,-0.591278,0.358345,-1.196558,-1.493510,-2.123948,-1.173231,-1.296830,0.265369,-1.100904,2.764276,2.376124,2.363657,-0.989820,-1.924998,0.164060,-0.300697,-1.217646,-2.351469
0.720997,-0.545186,2.927270,-0.994355,-0.921451,-0.565393,0.243135,-0.470203,0.612332,-0.978588,-1.381592,-1.798215,-0.083036,-0.808139,1.376694,1.330212,2.201600,-2.518591,0.802117,-1.454931,-2.440828,-0.857204,2.137410,-0.744637,3.130909
-2.223574,-0.518069,-0.300980,-0.631437,1.243406,1.228030,-0.334803,-1.793921,-0.566705,-0.599821,-0.657135,-0.697719,1.097757,-0.788181,2.320097,0.890794,-1.865119,3.717605,0.518958,0.037592,-1.711065,2.359077,1.034551,1.258476,-1.015063
-0.653463,-0.386542,-0.635541,0.208323,0.360369,-0.910645,1.271065,-0.980062,-1.617801,0.380778,-0.817408,0.321291,1.668201,1.823627,-1.337556,-2.833980,1.162746,-3.146694,0.304032,-0.894490,2.437330,-0.785688,2.214546,-1.028419,1.999982
-2.403669,1.392456,0.672293,-1.500477,-1.478777,1.672266,-0.737380,-0.834185,-2.266052,-0.350778,-0.227720,0.715493,4.120683,-2.136094,0.584071,5.497565,0.133178,0.123577,1.576998,0.082162,-3.414452,2.264575,-4.005897,-0.833583,2.414851
-1.399078,-1.520287,0.450963,1.006730,-1.571152,1.081514,0.037542,1.091805,-0.070220,-2.522278,-0.151967,1.060144,-0.713085,-1.387393,1.758528,-1.702230,-2.444451,0.549028,-0.365847,-2.487346,1.273905,0.928975,-0.719510,-0.582664,0.940785
-0.893746,-0.387965,-0.176134,-2.899514,1.671348,-0.901376,0.505735,-0.086701,1.257619,0.406056,-0.234924,-0.893515,2.380723,-0.565586,1.309377,1.130400,1.758615,0.078618,-1.824651,-0.924998,0.685707,3.636929,-0.968039,1.609575,-0.656113
0.797851,-1.873441,0.645890,-1.099045,1.252284,0.161300,0.644124,0.081989,-1.752377,-0.860729,0.672389,0.166656,0.220938,3.030793,1.528585,-2.482599,-1.144950,2.512443,0.283756,-2.297680,-1.637905,1.406987,1.988821,0.035711,4.950628
1.180990,0.403275,-0.966702,-0.796064,0.102917,-2.314044,1.673442,0.441747,1.227035,-1.580604,1.244565,2.231499,1.648305,-0.486962,-1.631412,-1.949769,0.670843,-0.977554,3.347488,2.932624,1.266133,-2.357992,-1.344438,2.511355,-1.126132
-1.320878,0.771402,0.001110,-1.544434,0.492884,0.833603,-0.601127,1.165917,-1.666763,-1.494756,0.136597,0.025385,2.244283,0.949208,0.103436,-1.405666,-0.188488,0.379296,2.065078,-1.771471,-0.525634,0.089646,1.325357,-1.816929,-2.633140
-0.716573,0.809594,0.530894,0.858139,-0.123136,0.602580,-0.445650,2.053819,-0.812546,2.105297,0.034888,-1.375511,1.347930,-3.035898,2.569959,-0.311852,-3.095062,-0.960840,0.758247,-1.065402,0.040059,1.480157,-0.404381,-1.874115,-0.597968
1.368079,0.125901,0.851124,1.223856,0.337956,-0.592241,0.975713,0.000756,0.685858,-2.153731,0.446982,-0.638586,2.829680,3.370129,-4.039852,2.182056,0.500295,1.847965,-1.100977,-3.536527,1.168978,-1.881955,-2.776585,-2.636803,1.201828
1.653310,0.623087,0.239858,0.486310,-0.998441,1.623257,1.991370,0.392914,1.590404,-0.569148,-0.797114,0.040925,0.278905,1.564932,1.338151,-0.841867,-0.140947,-1.022875,-0.420656,-1.934509,0.780969,2.150241,-1.633226,2.562539,0.227043
0.434941,-0.393987,0.537768,0.306389,-0.998307,0.518793,0.863528,0.171469,1.152648,-1.217404,0.467950,-1.170281,0.482158,-3.398859,-3.614525,0.288233,1.579464,-1.342761,3.340188,1.469872,-1.816683,0.061697,4.953858,-2.485128,1.056540
-1.114081,-0.630931,-0.942060,-0.547996,-0.214150,0.837154,-0.321159,-1.585626,1.140068,-0.837090,-0.058720,0.446537,-0.645489,1.413793,2.534547,-0.772474,2.237825,4.442407,0.132549,1.569777,-1.180882,0.038519,-0.353350,1.593872,2.409352
0.199610,1.094180,0.479003,-0.861310,2.178562,0.194333,-0.147340,0.963925,0.249451,0.399228,2.492184,-0.275121,-0.219310,3.067246,3.060095,1.693707,-1.032053,-1.223658,-1.624763,1.898332,-2.423536,1.353675,-2.162219,1.647092,0.034439
-0.317761,0.116579,1.071516,-1.506534,-1.965556,-0.587115,-1.633923,-0.424831,0.502500,-0.890749,-1.426827,0.069337,2.667277,2.282909,2.870131,2.921637,0.287262,-2.317586,-2.105046,-4.173697,-2.167332,0.137647,-1.119308,-0.360271,0.985431
0.862543,-1.694973,0.820232,0.817306,0.954085,1.218480,2.202014,-0.356092,0.109572,-0.416438,0.001977,1.532873,-0.608131,-2.243658,-0.106467,-1.796981,-0.541573,2.685554,-0.541011,3.541915,2.863272,-1.158611,-2.222248,-0.105108,2.306656
-1.345014,-0.861050,1.377181,1.020037,-0.363132,0.854402,0.341216,1.500275,0.074510,1.025632,2.642012,0.598099,-0.980382,1.816181,2.416880,-1.548051,-1.352102,1.425324,0.303695,-1.372123,-0.704361,-0.141039,-3.129709,1.531286,-0.957384
0.049328,0.722447,-0.365281,2.387968,0.180071,-0.272933,-0.835689,1.097220,0.867187,-0.497354,0.576451,-1.508556,-5.567432,-0.047742,-1.483143,3.377644,-1.170890,-2.195287,1.015865,-1.320895,-1.558912,1.019003,-2.080935,-2.914547,3.451996
0.184971,0.452756,1.707330,-0.770819,-1.278353,-0.895428,-1.336569,1.336657,1.548639,0.320217,1.221295,0.133958,1.158997,-0.528419,-0.006954,1.011729,1.946675,-1.511951,0.732293,-1.013408,-0.377962,0.321386,-0.013357,1.471134,0.974173
-0.095112,-0.333038,-0.310391,-1.547802,0.264255,-0.040334,0.745361,0.093523,-0.162704,-0.871193,0.072153,0.738237,-3.016338,-2.715646,-0.739433,3.657251,-1.703184,-0.416445,-1.072692,-1.108089,0.356479,2.801555,0.911937,-1.607062,5.506459
-1.143339,0.087474,0.233043,-0.718065,-0.587856,0.230611,-1.133421,0.349924,-0.895354,1.062854,2.337828,-0.860757,0.157146,-1.154442,2.824193,-0.938141,3.325827,-1.741286,2.860061,0.402095,2.582104,3.803531,-2.265215,2.551544,-2.817808
0.534208,-0.726742,1.040954,-1.265258,0.480587,-0.872989,-0.206985,-1.031025,0.822350,-0.836980,0.551964,-0.344098,-2.094369,-1.606819,1.007273,0.066032,-0.334272,0.292471,1.182579,1.336496,2.188334,3.640070,-0.042725,-1.042178,1.227072
-0.114472,0.147756,-0.761825,0.210367,1.530335,-0.778095,1.171810,1.498098,-0.816155,-1.455055,0.301961,-0.547408,-2.288510,-1.357408,1.998762,-0.248257,-2.416385,-2.979606,0.097433,2.283793,2.257092,0.221761,4.017819,-0.209641,-0.277135
1.868603,0.034808,-0.802199,-1.147160,1.089905,-0.571184,0.043829,0.955803,-0.484258,-0.045929,-0.016568,0.683325,-5.134872,-0.894726,1.704030,3.127923,-1.660469,0.924505,2.093758,0.022416,-4.566561,0.494580,1.522861,-1.894846,-0.508309
0.590744,-0.220114,0.063649,-0.371779,-1.477612,0.257601,1.892192,-0.883719,-0.773030,-0.870728,0.724592,0.448485,-2.310992,-5.140295,2.054009,-0.007497,3.195350,1.714644,-0.708420,-0.166361,1.132355,1.933767,0.645341,2.211186,-0.593337
-0.158538,-0.918019,0.092377,-1.564622,0.143427,0.871524,-1.251199,-1.532518,1.579438,-0.611760,1.135948,-0.153998,-1.994287,-0.129619,0.410370,-2.403071,-2.673444,0.894773,-0.812714,-0.331682,-0.719385,3.041202,2.523522,-2.474707,-1.065586
-0.161955,0.438413,-0.883999,0.132497,-0.381489,-1.320493,0.337482,-0.263308,-0.157025,-1.210161,1.591400,0.876714,1.700009,1.203872,-0.082916,-2.275200,-1.365080,-1.033535,0.553989,3.407454,-1.373760,-2.052070,-0.217173,2.063478,-2.893766
0.964156,-0.305445,-1.729183,1.952917,-0.061098,-0.748800,0.416802,1.167121,-0.023051,1.278575,1.083000,-1.076381,2.907268,-0.344063,-1.468640,-3.200379,1.413042,-0.342342,0.341411,-1.801623,-0.638192,-0.973162,-0.201186,-1.339105,-3.068362
-0.673790,0.957537,-2.712613,-0.149456,-1.430831,-0.476554,-0.298820,-0.358244,-0.552261,-1.097144,2.291911,1.867462,5.456999,-2.726808,0.362918,-3.544056,-3.994095,0.195653,0.348735,2.522998,0.799094,-0.299621,-1.899200,2.998024,1.857702
-1.162066,1.582117,-0.399465,0.129187,-0.063274,-0.659749,0.983852,0.125887,-0.476551,-1.304589,-0.893595,-1.641380,-2.492659,0.075927,0.288104,-0.691307,1.543701,1.663466,-0.380971,-0.561738,2.997917,1.865678,0.144721,-3.258418,0.688000
0.012224,-1.196666,-0.265561,1.370102,1.199300,-0.032277,-0.087085,1.879875,0.520756,-0.327806,-1.426018,0.393873,1.396167,-5.509043,0.503739,-0.833384,-0.441709,-1.814762,-0.296379,2.783983,-0.892797,1.931147,-1.612662,1.517512,0.003312
0.829324,-0.631652,0.291203,-0.363573,-0.184032,-2.487822,-0.221781,0.969369,-0.631403,0.052526,-0.755951,0.360442,0.704050,0.014307,1.283250,-5.135170,-2.839651,0.834161,-4.087077,-1.061161,-0.108682,-1.656280,-1.383123,0.543164,2.018590
-0.216523,-0.939242,1.332551,0.928932,-0.604907,0.497788,0.537412,0.642301,-1.694256,1.006607,-0.569699,-0.357828,-1.916899,-1.150116,-1.462522,-4.842760,0.283424,1.869435,2.033286,-1.741533,-2.503396,0.043211,1.658547,0.309701,0.578609
2.637882,0.301873,-0.386322,-2.205294,1.389764,-1.345210,-1.003439,-0.331352,1.416412,0.773240,-0.157838,0.308292,2.283662,-1.478273,-0.439940,3.269211,-0.393622,-2.534674,-1.338712,-1.876360,0.714325,-1.791894,0.542069,-1.472130,-4.246757
-0.600386,0.139654,0.073337,0.968770,0.967178,0.493977,-0.362348,0.741822,-0.091968,-1.081914,-0.403288,0.084527,0.613240,0.296927,1.035516,-1.345974,-1.559089,0.802934,3.038039,0.022336,0.849170,-0.643175,-3.087261,1.934859,1.816828
0.910216,-0.183528,-1.209199,0.056742,0.113456,0.185838,0.919872,1.018923,-0.594211,-0.616143,-1.040199,0.698816,1.421548,-0.363891,1.194112,1.787524,3.240317,1.977052,0.127642,-2.616507,0.311317,0.513155,1.418060,2.707784,-0.190301
1.448820,-0.315082,-0.241431,1.466783,0.505558,0.436236,-1.190917,0.678728,-0.929136,-1.134020,-0.346772,-0.585793,4.201974,-3.518574,0.838684,-1.597041,-3.814444,-0.403549,-2.914345,-0.322856,0.069538,2.237083,-3.015170,1.816890,0.196161
-0.221600,-1.440982,0.958816,1.127686,-1.947342,0.978458,-0.810529,0.856976,-0.068446,0.028776,-0.185098,1.212129,2.057698,-0.863502,-2.664489,-2.434999,-2.583615,0.955628,2.953844,-1.129903,1.258271,-3.046884,0.360642,1.337125,-2.896250
-1.239588,0.607840,1.101330,0.716340,2.324699,-0.528947,0.957305,-0.106091,1.233406,-0.007689,-0.387876,1.306072,-0.407767,1.431834,-5.867541,2.670906,0.707359,1.433455,-0.825439,-3.445445,1.068126,-0.165181,0.064231,2.175214,1.524128
-0.491562,-1.412726,-0.516847,0.619033,1.392039,0.111129,1.318197,-1.358175,-0.443263,-0.288575,-0.114559,0.084094,3.842475,0.307708,-1.382425,-0.376834,0.831327,2.031713,-2.934068,0.017075,3.219083,-0.480418,1.862024,0.986235,1.911721
0.690911,-0.444807,0.139029,-0.045123,-0.925890,-0.113667,-0.143660,-0.165081,0.031759,0.075674,-0.432295,1.272715,-1.619521,-1.610803,0.040544,-3.064444,-0.539481,0.505753,3.569271,0.805436,1.250457,2.328952,-1.929315,-0.330165,4.850825
-1.169481,-0.720970,2.779964,-1.037991,-1.353755,0.734477,-2.077120,-0.235274,2.145825,-1.544936,-1.981964,-1.499181,-0.158244,2.232861,1.927476,-2.956227,0.620959,0.293495,0.659918,-1.508225,-2.233839,-0.952020,-0.195590,2.369969,3.634622
0.898360,1.124777,-0.512589,0.683212,1.390255,1.787346,-0.246335,-2.301472,-0.820879,-0.426804,-0.258939,-0.187859,2.793196,1.720370,-2.008681,-0.817792,0.419852,-1.264878,1.154411,1.440972,1.072580,2.050269,-1.809182,1.865657,-1.391291
1.118895,1.274428,-0.171674,1.098485,0.357661,0.064506,0.906544,0.072252,2.057811,-1.438411,-0.515171,-0.126519,-1.881872,1.064232,2.431747,0.976027,0.041608,0.620308,0.272854,-2.251902,-2.485240,-0.157652,0.159714,0.022665,1.352203
0.439453,1.267960,-0.024399,-1.422230,0.842514,0.754959,-1.941859,-0.003804,-1.590142,-0.664651,-0.902809,0.809265,-0.430953,1.125958,-0.289174,3.646718,0.161427,4.681445,0.704023,-0.427354,-1.798896,-2.885777,-1.982885,-1.759213,0.789640
0.116830,-1.285591,0.880066,-1.433806,0.330114,-0.814011,-0.365677,0.504271,0.521449,1.336969,-0.082254,0.306451,-1.052331,0.373854,2.563957,-0.175617,4.158313,-2.351622,-0.301167,-1.078626,1.873013,-4.479583,-2.886231,-0.214694,3.102755
-0.437737,0.181990,0.439486,-0.098310,-1.803750,0.331471,0.364561,-0.680173,-1.284387,1.475879,0.491446,-0.229081,0.451684,-2.703095,-2.394333,3.345979,-1.242270,-1.885927,2.954745,2.022194,2.548119,-1.900084,-3.050211,0.266333,0.670252
-1.137033,-0.821815,1.302590,0.137662,-0.550587,0.509689,-0.814398,1.500843,1.352801,-0.466574,-0.628670,-2.618133,0.729204,2.956368,-3.467534,1.719390,-2.193250,1.711471,-0.949913,-1.627944,-1.219805,-2.891220,0.080858,-1.545347,1.572596
-1.481581,-1.339470,0.135190,-0.326234,-1.345335,-0.281164,0.505337,0.527839,-1.899670,-0.128263,-1.383341,0.901729,1.280112,3.376314,0.732655,1.041356,2.800200,-1.255325,-2.976516,0.400188,-2.845267,4.907877,2.910997,4.327953,0.124894
0.784146,-0.898027,-0.766045,-0.461267,-2.252793,0.335968,-0.272845,0.970175,-1.098409,-0.619123,-1.506525,-1.004291,1.101147,-0.918951,1.765850,-2.431086,-5.086186,-1.581421,-2.910947,2.955853,3.631355,-2.805858,2.583431,1.902770,-3.139553
-1.181982,0.995974,-0.698262,0.124176,-0.380763,-1.269465,-0.168300,0.599103,-1.207759,0.809113,-0.849721,-0.482984,-0.780535,-1.160327,1.495991,-2.457559,-0.197745,-1.371869,0.946682,-0.433584,-1.070491,-0.426593,4.072086,-0.833799,-2.082010
0.530683,-0.663436,0.037575,-0.314691,0.129368,-2.380739,-1.829682,0.615967,1.037181,-0.910487,-0.244028,0.294719,1.166867,-0.287049,-2.830468,4.462993,-0.704958,-0.755739,0.319671,3.460234,-3.359491,0.551972,4.174544,0.257457,-2.470668
0.693218,-2.027677,-0.886040,-0.332579,0.703140,2.498430,-0.228006,-1.406977,0.402268,1.320996,0.108014,-0.906649,-1.236794,0.413765,2.661608,-0.678672,1.653304,-2.870738,-2.887437,-0.965601,2.876057,0.137749,0.579622,0.556159,2.218416
0.957994,0.663546,-1.026081,0.381426,0.997266,1.181890,-0.066449,-0.358079,1.227274,-1.210161,0.438579,-1.370027,-1.220441,1.376570,-1.661765,3.966545,-1.600782,-1.764779,1.099340,0.159577,0.653705,0.454628,-2.180784,3.226718,1.787084
1.065376,-0.258046,1.268583,0.491413,-1.223220,1.424628,1.551245,0.882286,-0.761588,-0.306014,0.145427,-0.703710,2.717900,-1.056662,0.833047,0.394737,2.256005,2.320496,0.386102,-3.035902,3.559324,1.111975,-1.216874,0.813084,-3.022187
1.692347,0.144326,-2.703348,0.339356,-0.348157,-0.074927,-0.368619,0.807046,1.119688,0.283053,-0.339311,-0.041337,2.110706,-2.942423,-0.441669,0.488909,2.077679,0.213089,1.269926,-0.056334,-0.064372,0.170955,-0.378116,-3.373140,-1.536647
0.019600,-0.802430,0.578929,0.460042,1.540441,1.255350,-0.685675,0.820298,-0.950953,0.695932,-0.516614,-1.023253,0.489550,-0.498242,-0.311618,-0.646707,-1.727197,-0.986199,-0.613663,0.010286,0.786757,-0.361101,-2.059311,-2.796164,5.194874
0.280045,-2.674567,-1.750976,-0.177492,0.082442,-0.369319,-1.579436,-0.817892,0.391209,0.581782,-0.016223,1.156834,-2.259630,-1.037250,1.034001,0.721721,1.041731,-0.885434,0.477116,0.122687,-0.624263,0.490819,2.110731,-0.044400,-0.031094
0.397397,-0.747456,-0.280502,-1.402866,-0.108139,1.112101,0.685290,1.402009,-0.302885,1.346100,-0.193304,1.471585,2.136322,1.922721,3.167873,-3.512460,1.810238,1.203160,-1.771305,0.503176,2.102243,-1.658318,0.885125,1.742707,-2.142039
-0.021857,0.707231,1.475112,-0.193428,0.218389,1.288863,-0.133003,-1.320892,2.143007,-0.469764,0.158756,1.156007,-0.284571,0.601937,-1.592263,-1.758306,-0.270089,1.603279,1.287468,-1.722825,1.304336,-1.671880,-3.220340,-0.734287,2.245939
-0.608494,-1.007868,0.253737,-1.793076,-0.287906,0.245039,-0.269952,-1.543451,1.594178,0.103538,1.431152,-0.260036,1.311921,-0.003144,-0.833411,-0.779524,0.217570,-2.136875,-0.696215,-0.431139,-2.702149,-1.676897,0.821014,0.019024,-0.617524
-0.880012,0.269181,-0.215787,-1.177761,1.469784,-0.622270,-1.840266,1.328166,-0.504298,-0.607824,-1.765388,1.740941,-1.822855,3.153700,-1.675958,0.503186,-0.975738,0.072559,0.915219,-2.740513,-0.013232,2.381457,3.523004,-0.260028,0.083362
-1.289481,0.058449,0.912620,0.421717,-0.059654,-1.701666,-0.809725,0.187800,-0.787174,0.203359,0.681743,0.962503,4.422666,2.269849,-1.234569,-1.237967,1.913099,-2.022074,2.175454,0.668600,1.035442,-0.513468,-1.259650,2.923986,-0.493475
-1.226179,2.196646,0.767479,-0.001714,1.089537,2.365408,-1.438720,-0.225263,-2.378432,0.192652,0.365394,-0.039162,-0.821870,-0.160274,0.386044,-2.061650,-1.129743,-1.236064,1.690561,-1.771925,-3.511536,-3.934189,-2.940760,2.723076,0.032413
-0.654534,-2.049515,0.373534,1.455434,-0.591018,0.440060,-1.568144,0.457213,-0.393382,-0.762418,-0.760364,-0.393612,1.002498,1.072975,0.112368,-0.149563,2.089053,0.291992,2.798195,1.241660,-1.235593,-0.994268,-1.454930,2.435096,-0.810102
0.382433,-1.312163,-0.397115,-0.041472,-1.099039,1.796665,-0.853495,-0.669437,-0.978308,1.798480,0.552905,-0.936592,-1.596946,0.639556,-0.194334,0.589137,3.779628,1.826142,0.054021,-2.816847,-0.999925,1.422092,-2.342082,4.281941,0.028833
1.106232,0.200699,0.257253,-0.344477,-0.749416,0.337766,-0.545087,1.816756,-1.269291,1.536157,-0.111319,0.299086,0.097697,-1.333290,0.993476,-2.316004,4.329785,2.634703,1.968593,-2.780858,0.410827,2.418173,1.186211,-2.004218,-1.300188
0.833158,-0.630249,0.864248,-2.707544,-0.719990,-0.924063,-1.253506,-0.214955,0.385750,0.702660,0.240877,-0.665693,-0.903872,-1.206876,3.057558,-3.842026,1.311838,-2.584607,-1.922503,-4.019467,-1.098109,3.021463,0.529648,-2.396723,2.034295
0.369016,0.124286,0.936056,0.776937,0.030476,-0.897253,-0.652950,-0.549789,-0.315266,0.268050,0.715174,-0.051119,2.462609,0.208093,4.069498,1.643128,1.365305,-1.606757,1.254797,0.433583,1.039658,-1.369171,0.256198,-1.633723,-4.294264
0.016125,0.143306,-0.515905,-0.925392,-1.755438,-0.695149,0.473145,-0.702911,-0.237807,0.466431,0.520689,-1.079533,1.996609,-3.004778,0.214373,0.666004,0.653126,-0.566158,0.542423,0.941934,1.469930,3.466883,0.468388,0.128098,-1.813458
0.997059,1.127350,-1.129850,-0.823837,1.191091,-0.146854,-2.219778,-1.399682,-0.249370,-1.163043,-0.413424,0.032396,0.871893,1.334766,-0.384606,1.089225,-0.585032,1.341985,1.825205,1.797256,0.235689,-2.079936,-1.223826,1.190315,4.897625
1.462255,-0.290454,1.072542,1.428760,1.434310,0.284755,-1.963289,0.460825,1.048400,-0.081067,1.744584,0.859834,-0.681442,0.911675,-1.112105,-1.947934,-1.352632,-4.164944,2.706870,-4.460261,-0.527656,-2.356256,-1.768760,2.753045,0.402134
0.568273,1.086381,0.333370,-2.492810,-0.499139,1.197168,-0.807591,-0.223473,-1.044836,1.783923,1.681492,-0.883869,-1.930792,-1.179034,-1.530962,-0.087091,0.345783,3.791150,-3.832602,-0.069625,-0.631135,1.893097,0.709636,1.180724,0.690172
0.147298,-0.680494,0.614945,0.509683,0.811706,0.331918,2.935406,-1.027924,-1.710603,-0.393090,-1.567988,-1.492462,-1.863982,2.422531,1.597010,1.831060,2.528100,0.835350,2.961985,0.755279,-0.438117,-0.013208,-0.047688,-1.038783,3.263778
-1.001315,-0.922189,-0.954618,0.518219,-0.506189,-0.179515,0.894233,-0.766323,-0.264546,0.365760,-1.941568,-2.384906,0.592591,0.189477,0.776549,5.959709,-2.263448,-1.690077,-2.761142,-0.465198,0.491037,-0.930645,-1.079454,0.284810,-1.004216
0.346117,0.492014,2.064220,0.158095,0.819740,-0.195473,0.297227,1.667257,-2.123993,0.413616,2.135587,0.282034,0.620352,2.228469,1.354061,1.762027,2.171837,0.565656,-0.317282,-1.544506,-0.782356,-1.047371,1.463345,0.693565,1.393516
1.650573,-0.629212,-0.032047,0.033525,-2.217591,-1.168178,-1.096875,0.822066,0.872153,0.324036,0.824103,-0.164149,-2.320674,2.863499,-0.853961,-2.200033,-0.878436,4.967532,-0.775434,-0.650193,-0.384209,-0.297241,-1.562952,0.286426,2.151190
1.201932,0.008788,0.057864,-0.265593,0.684450,-0.421199,0.976431,-1.132149,-1.098916,0.687427,-0.088544,-0.453891,0.628579,-2.222331,-0.688692,-1.103055,0.105879,2.660903,-0.297766,-0.176310,3.555290,1.752412,1.148163,3.916263,0.979623
0.890058,-0.607261,-0.200201,1.399228,1.539142,1.572398,-0.282126,1.230703,-0.948953,-0.906903,-2.350456,1.672868,-3.973054,1.665332,-3.184017,0.904011,-3.427487,-0.933711,-0.727569,-1.540238,-0.697704,2.065123,-1.427906,1.090282,-1.931299
-0.863980,-0.126533,-0.910324,0.695165,-0.375634,-1.304817,0.441663,-1.433730,-0.837406,-2.106889,-1.423958,0.178529,-0.378999,0.647679,-1.993057,-2.623441,0.983756,2.246161,-0.158130,-0.914626,0.311351,0.110960,0.485805,-5.056490,-2.138209
-1.964536,-1.481146,-0.002369,-0.543607,1.992037,1.833897,-0.867922,0.557138,0.749283,-0.597479,-1.495542,-0.012298,-1.690460,0.301735,0.371756,1.272361,0.515163,-2.601470,2.894009,2.543837,-2.516395,0.665411,-1.190849,0.277728,2.106621
-0.172846,-0.435764,0.442317,-0.750730,-1.151998,0.109083,0.385970,-1.176645,0.928091,-1.770481,-0.578113,-0.258009,4.260209,1.502555,0.589869,-0.679642,0.364270,2.719544,-0.089418,-1.772225,-3.239380,1.026096,0.494576,-1.291816,2.052028
-0.636224,-0.565060,1.871074,-0.850884,2.441222,0.437127,0.092055,0.476240,2.529928,-0.993593,-1.120418,-0.754866,-0.843554,-0.269288,-0.033328,-0.701905,0.471730,2.303030,-2.284964,0.977040,0.344317,0.307528,1.743689,0.098595,0.960459
0.032143,-1.725771,0.022339,1.693547,0.151407,-0.292685,-0.618160,0.898512,-0.825833,1.846396,1.933360,0.256751,1.431729,-1.008730,0.598367,-0.501575,-0.265364,-0.644123,0.942161,0.163289,0.789088,-0.035035,-3.208242,0.062737,0.127076
-0.011515,1.030660,1.094799,-0.805992,-0.526555,-1.322347,0.409065,0.666628,-1.349926,-0.455199,-1.347254,-0.898800,0.485192,-1.187458,-2.390939,1.249213,-0.547213,0.342488,-0.562920,-0.012124,-0.898571,-1.936167,0.947463,-1.206240,0.327903
0.551017,-0.733482,-0.300826,-1.627312,0.186990,-0.044273,-0.728959,-0.189014,0.180295,-0.814868,-1.476263,1.805574,0.820920,-1.173625,-2.407771,4.852171,-1.055544,1.246834,3.878927,1.579815,-0.600886,-0.134233,-1.665214,1.763393,1.132541
-0.633273,-0.096760,1.010840,3.529055,-1.244486,0.449827,-0.707552,-0.538790,-0.720212,-1.125655,-0.041291,-1.474503,-1.028852,-2.084350,-2.642467,1.973028,0.240746,0.429969,-1.645897,-2.927006,1.925227,0.084078,1.814469,-0.771866,-0.473636
0.946808,0.055003,0.422435,-0.466189,-0.367204,0.287564,-1.164051,-0.357990,-0.859614,-0.890569,-2.109838,1.339327,1.426596,1.464696,1.595131,-0.590403,1.229094,2.218199,-0.209544,-1.026977,2.685495,-1.308891,1.258953,-0.116845,-3.683131
-0.686539,1.163376,1.068792,-1.286000,-1.088411,2.560503,1.750926,-0.031519,0.257373,-0.630846,0.432353,-0.717182,2.257188,-5.515707,-3.968256,1.054660,1.054142,-1.275160,0.295644,-5.062860,1.413951,0.499451,-0.091286,0.041683,0.986508
-2.032354,-1.321556,0.021093,-1.131067,-0.067277,-1.074661,-0.782354,0.853165,0.247481,-0.009664,0.878964,0.480609,-0.057803,-3.748111,4.392664,2.401602,-2.569889,-0.690274,-0.472068,2.157699,-4.318538,-0.998017,-3.521273,-0.570191,-0.945002
1.446563,-0.459859,-0.429635,-1.301109,-0.428981,0.964770,1.299987,0.960305,-1.794192,1.083145,-1.838519,0.898117,0.159388,-1.209749,-1.502047,1.239313,0.909345,1.102797,-0.353800,-1.143477,-0.237705,1.002324,-4.353559,0.788224,0.618276
-0.367785,0.702533,-1.332448,1.171168,-1.464975,-0.668455,-0.998095,-1.754285,0.094528,1.806089,2.666905,0.097156,0.124302,-0.298627,-5.132239,-0.879707,3.578877,0.025803,-0.614580,0.033812,0.709546,1.317640,-0.457760,0.849839,3.353302
1.116681,0.232095,0.498883,-0.342149,0.195077,0.537479,-0.578460,-0.077494,-0.058430,0.826403,-1.066032,-0.051542,2.012502,4.680600,-1.313541,3.352379,-1.581347,0.707132,1.464953,-1.021554,0.175929,1.820922,-1.420542,3.338767,-2.769193
1.912005,1.164060,1.349179,0.024432,0.320998,1.002236,1.560256,-1.951603,-1.315441,1.309444,-0.276889,-0.671721,3.879383,2.002652,-0.179451,-0.805336,-1.014057,-0.271591,-0.096992,2.510452,3.937308,0.398760,-1.691257,-1.091452,-0.366182
-1.254161,-0.555017,-1.402369,2.091094,-0.022436,-0.057951,0.588077,0.962345,0.945888,1.073622,-0.630846,-0.297867,-2.060244,-2.357883,4.194254,0.605227,-1.666266,1.633207,-2.356692,-2.192024,-1.606085,3.309027,-0.505760,-4.883414,2.420132
0.769032,-0.527389,-0.005107,0.398764,0.785185,-1.777681,0.714746,-0.233724,0.707458,0.776932,1.607915,1.353454,-0.612763,-3.698816,-0.633367,1.042008,0.808098,3.596830,-1.705536,0.093440,-1.399139,-3.084386,1.771055,0.926539,0.567357
1.346572,1.443670,0.291379,0.032185,0.872817,0.732081,-0.309066,0.404823,-0.035096,-0.853933,1.290461,0.055199,0.853580,-1.370946,-2.011390,0.075295,2.322423,3.216154,1.590865,0.058349,0.539568,0.023188,-2.051887,0.049295,-2.669654
2.048708,-1.625492,-0.556779,0.032639,1.137381,0.399469,0.310473,-1.127264,-1.156941,0.322505,-1.364106,-0.531878,-0.248154,3.272210,1.645718,-1.846238,-0.144858,-1.668753,-0.125028,2.082216,1.306016,4.968288,2.384955,0.408001,1.354300
0.500917,-0.982324,1.605356,1.223936,-1.571420,-0.932371,-2.285777,-0.782591,0.766388,-0.413895,0.460797,-1.522334,-0.404886,-2.255008,2.611553,2.017983,-0.482108,0.547871,2.481878,1.692703,-2.926203,0.487240,-0.335263,2.226001,2.062085
0.797975,-0.555109,0.012170,-0.092875,-1.271549,-1.153084,0.967794,0.398992,1.050049,0.324658,0.142991,-1.726011,2.637216,-2.235789,-1.568223,2.228165,-1.183292,-3.042866,1.065193,-1.094437,3.579582,0.592369,0.320519,-0.738488,3.181671
-0.270367,-0.027384,1.953107,0.686957,1.536061,0.597538,-0.711303,0.117124,0.236224,-0.939156,-0.384387,-0.205767,0.717109,-0.816999,-1.588167,-0.146946,-1.955294,2.057755,-3.616684,-0.279028,1.220267,0.684239,-1.434566,1.320517,-1.772079
1.605620,-2.080741,1.205818,-0.936795,-1.372079,1.179942,0.731898,1.254519,0.800702,2.059845,0.558724,-0.156477,-0.044769,1.303683,0.925826,-1.350078,2.394989,0.173389,1.485991,3.058202,2.235041,2.240259,0.385360,1.587870,0.427193
0.342926,1.243469,-0.779375,-0.651889,-0.308960,-2.104583,0.138078,-1.886129,0.053059,0.865290,-0.476876,1.677116,-2.418649,0.605488,0.512722,1.167459,-0.255994,-1.522911,1.313012,-2.626545,2.917638,-0.462836,0.491056,1.117116,1.181376
-1.460501,1.191261,0.675137,-1.716033,2.710794,-0.063745,-0.877484,-1.407087,-0.220018,-0.127407,0.102646,-0.297796,-2.817969,1.648173,0.606308,-1.270523,-1.499334,-0.668106,-2.597483,3.444535,2.972303,0.903400,-0.446797,-0.394216,1.516131
0.633225,-0.387630,-1.934964,-0.149361,-2.367478,0.353771,-0.979300,0.163360,1.314075,-0.948749,1.061256,-0.433390,3.515654,-1.140793,-2.235172,3.095282,-3.574277,-2.017062,-0.493716,-3.120867,2.224298,1.713811,-1.149586,2.559228,2.898585
1.753195,-0.365153,-0.840493,0.687238,-0.435790,-0.841450,-0.477840,-0.044607,1.342180,-1.934088,0.023081,0.624904,-0.226341,-0.901336,4.519204,1.442324,0.512649,2.727092,0.603861,-1.011241,0.160320,2.077309,-3.984371,-0.576061,2.766115
0.193449,1.309865,-0.074345,-0.184551,0.592330,0.099314,-0.390409,0.516144,-0.652528,-0.611177,-0.527994,1.353069,-1.023737,3.092217,2.829488,-0.131058,-1.137079,-0.574718,5.329229,3.748849,0.250782,-1.216307,0.234082,0.487654,-2.486717
-3.221016,0.395599,0.034272,-1.680870,0.309727,0.475752,0.589639,-2.651828,1.366389,-0.737737,0.686568,0.741074,0.160083,2.644809,-3.598713,1.653168,2.749596,-1.121115,3.388352,-1.380674,0.882165,-0.613545,-0.613993,-1.234598,1.397151
-0.876697,0.660460,-0.385493,-2.071377,1.167742,-0.775045,-0.854493,-0.403066,0.272237,-0.057270,0.548067,-1.339489,1.697611,-0.128844,-2.719936,0.806340,0.844029,-0.433430,3.734463,-3.127859,-4.434567,-1.461670,1.420849,-2.111689,-1.961942
-0.742386,-0.115997,1.897887,-0.113813,1.085222,0.038555,-0.483659,-0.246724,-0.168420,0.603646,1.374611,0.359681,1.902043,0.925096,0.754122,1.562858,-0.850386,-0.757968,1.619559,-2.689774,-4.285440,-0.866568,1.861747,0.511119,1.714583
1.187078,-0.964790,-0.414631,-0.724303,0.314445,-0.358958,0.729773,-0.931002,0.043031,0.686858,-2.065303,2.121631,-4.032589,0.630994,1.307729,-2.701595,1.724115,-0.223038,6.142673,-4.354472,2.738229,-0.788316,-3.234303,-1.053910,0.554958
-0.283152,-2.025040,0.158094,0.033443,-0.081894,0.991191,0.747445,0.297876,0.450156,-0.104358,1.775491,-1.479196,2.074933,3.443929,2.843786,-1.930764,2.260329,0.782570,-1.309206,-0.423821,-1.419685,0.074185,-1.459316,-2.055988,0.958238
0.139652,0.065025,0.813280,-0.843854,-1.743673,0.156823,0.281230,1.489599,-1.270362,1.154694,2.367414,-0.377765,1.257461,-0.375194,2.735303,-0.520861,-0.605549,1.320978,-0.264851,0.169595,-5.040877,0.033415,-3.654392,-2.441901,-2.670645
-1.290942,-0.406974,0.014005,0.563788,-0.591395,1.555199,-1.114532,-1.739205,1.106710,-2.274621,-0.204130,3.117681,-2.085166,-1.097708,-0.972985,1.328550,0.444776,-3.802149,0.166589,0.636510,-0.657133,-0.121772,0.380620,1.529199,-3.149760
-0.012044,-1.120768,-0.057397,-0.050801,0.160650,0.662263,-1.039111,1.687548,0.245114,0.726794,-0.628149,1.286382,-0.488634,3.016672,2.833323,1.701874,1.073649,3.309269,3.835696,-0.258160,-1.938865,-0.540585,6.193391,-3.138713,-0.941078
-0.257052,0.277553,-0.933106,-0.996932,0.688205,-0.443607,-0.853823,-0.643183,0.698953,-0.629038,-0.117655,0.015028,-2.825382,0.249528,-2.405382,-0.217502,-3.900190,1.235241,2.444691,-0.767887,-0.270260,-0.326814,0.361821,-0.076339,1.536234
-1.917349,-1.471126,0.336278,-0.737029,1.056725,0.966807,0.719169,1.819772,-0.083089,0.648882,-0.584401,2.452370,2.466078,-1.628142,-0.618657,1.803239,-2.843338,-3.941443,0.452632,0.992693,-1.444600,-1.157302,-1.520385,-1.733850,1.386992
1.983634,0.011880,0.386586,1.359298,-0.147140,-0.656624,0.873990,0.078439,0.182994,-0.834271,-1.717672,0.236142,-2.360997,-0.531046,-1.810672,-2.910578,1.740356,-1.039650,0.376880,-3.016152,-1.483879,1.512176,5.174543,-3.952432,-0.402216
0.904962,-0.225807,1.436430,-0.703916,-1.054704,-0.067230,-0.082593,0.769969,-0.774963,1.368094,1.966917,-0.039144,0.824561,-1.232200,1.699044,-1.733465,0.307695,-1.044144,2.438862,-1.352729,-0.703748,1.891378,-2.056077,0.137500,-3.645069
1.249710,-1.056497,1.075222,1.047276,0.863437,-0.015563,-2.954249,-0.641727,-0.625916,-0.978255,0.122243,-0.418963,-2.175867,0.764263,-1.981395,-1.089146,0.986173,-1.158372,1.645684,0.431326,0.871366,2.481931,0.639646,3.077695,1.822525
-0.824612,-1.058800,-0.715513,1.121499,-0.661025,-0.514939,-0.456698,0.338994,0.456249,-3.044657,1.021635,1.436368,-1.046905,2.586296,0.527732,-0.789359,0.556771,2.224654,0.910090,3.644786,2.173061,1.046320,-2.052136,-0.359465,0.143328
-1.050187,-0.972298,-0.450253,-0.756004,0.223927,-1.946525,-1.117928,1.539197,-0.928220,1.243428,0.355338,-1.809268,1.393263,1.274666,0.339081,0.240700,1.440914,-1.717172,3.391032,-4.094334,2.910819,-0.090371,2.005160,0.727681,0.692069
0.635329,-0.117667,-0.455467,0.244957,0.474633,0.707592,1.178253,0.408136,-1.375634,-0.473645,2.943048,0.724491,1.108509,1.618109,-0.657662,2.069598,-2.168941,-0.010661,1.671940,1.990035,0.921578,-0.786785,1.793416,-1.338732,3.502818
2.369287,1.395434,0.241802,0.301407,-0.036580,-1.737805,0.018047,1.210675,-0.599640,0.411953,0.851591,-0.909680,-0.169342,-3.079251,-2.389367,0.087287,0.279651,3.939313,-2.076999,0.078924,-2.118843,-0.985310,3.367944,-2.272672,1.174085
-0.451303,-1.017911,-0.822166,-1.287605,-0.900448,1.419456,-0.915477,0.126459,-0.502869,1.178866,1.311162,0.864070,0.785815,-0.048343,1.038873,-2.320041,3.312645,3.849691,0.094209,4.846212,-0.798056,0.800864,2.863778,-0.918009,-2.763098
0.306135,-0.231060,-1.191875,1.943529,-0.759673,0.663646,1.059566,-0.555280,1.038013,0.764213,1.727964,-0.469346,-3.223434,4.121653,-1.058049,-0.371474,-2.225528,1.896679,-1.563120,-0.982526,0.599041,-2.128092,-0.357165,2.804419,0.856509
-1.285864,-0.505490,0.208854,0.058213,-0.393438,-1.909197,0.470483,1.972344,0.464251,0.609136,0.572445,0.397047,0.261085,0.429729,-0.778270,3.992305,-1.624314,0.421852,0.230051,2.017525,2.206348,-0.064038,0.581333,0.657070,-4.544283
0.931666,0.395374,-0.312677,-0.795989,-0.248974,0.314129,-0.316083,0.314339,0.439150,0.833179,1.282795,0.078007,-3.177979,-1.210127,-1.123197,-2.398565,1.499165,0.004237,-0.429389,-2.512311,-0.089090,-5.253370,-0.325913,0.126367,0.483830
-1.307777,-0.345104,0.044063,-1.835769,1.388665,0.142378,0.381353,1.365526,-0.630143,0.574042,-0.109864,-0.184087,-3.128204,0.449633,-2.082863,-1.624940,1.435863,4.028227,0.102718,-1.634191,0.377341,1.878058,1.241995,5.486226,-1.430675
-0.772192,1.665603,-0.375500,0.699464,-1.875007,1.179989,1.052211,0.097434,-0.226942,0.400000,2.288791,-1.763237,0.504463,3.097836,2.972318,-3.900156,-0.006715,2.969042,5.781286,1.407592,-0.735727,-2.018406,4.437487,1.457483,-1.696134
0.782027,-0.911617,-0.019918,-0.247880,-0.428318,-0.010465,-1.134171,1.029180,-1.794144,0.539765,-0.326536,-1.170925,-0.406313,0.620373,1.087613,-1.799237,-1.228381,-3.305869,2.079525,-0.683237,0.932643,2.844517,0.439740,-0.225941,0.387843
0.202383,-1.556951,0.039714,-1.422877,0.461272,-0.924357,-0.450994,0.293949,-0.772542,-0.057964,-1.513831,0.630876,0.126387,2.492330,0.621677,-1.088802,2.095698,2.460969,-2.676661,3.065568,0.729424,0.566540,2.013249,-1.133953,1.908329
1.764914,2.792209,0.091168,0.788204,-1.780626,1.502734,0.776229,-0.483933,1.237181,-0.254476,-0.458025,0.475335,-0.753551,-2.949901,-1.995513,1.134044,-1.890937,3.220152,2.378567,2.666878,0.249557,0.515723,-2.387424,1.991567,0.759667
-1.063354,1.021625,-1.055990,-1.050055,-0.909690,0.759500,-0.616775,-1.347996,-0.605680,-0.032042,-1.180972,-1.151681,1.134611,3.376624,-1.211926,-0.252283,0.653342,-1.870871,-0.375198,0.985900,-0.650843,2.617979,-3.021849,2.245542,1.322371
2.111296,-0.860565,-0.323042,-0.367237,-0.421357,0.621347,0.948143,-0.305954,-1.236478,1.274440,-0.095341,1.730322,-1.137657,-1.848817,-4.160565,-1.590350,2.094353,-0.112171,2.325962,-1.239742,1.414212,-1.434997,-1.931150,-0.214254,-1.329933
-2.245586,0.195403,1.918606,-0.353264,-0.225493,0.295512,-0.558796,-0.312072,-0.337815,-0.627421,1.228857,0.461078,-3.085644,-0.364629,0.212871,2.536717,1.873611,2.439886,1.440715,0.665226,-2.457890,0.299744,1.193588,2.914876,1.372577
0.250628,0.808571,-0.264356,-0.774204,-0.602624,0.001783,-1.059212,-0.500261,-0.516117,2.124556,-2.773815,-0.179620,2.480767,-2.063996,-0.652835,0.858701,2.321905,-0.290457,-0.164892,1.374281,-2.251742,3.214809,-1.758272,-3.837179,0.020134
1.725694,0.121844,0.753417,0.099826,-0.667333,-2.241916,0.205456,-0.775607,-0.800335,-0.498987,1.744861,2.404838,3.396917,1.172906,1.502181,0.082772,-0.304755,-3.089819,-4.518773,0.392545,2.625098,0.688267,1.247199,3.167435,0.657534
0.217208,-0.464767,-1.177226,0.468540,1.782906,-0.247340,-2.378996,0.670050,0.985400,-1.585846,0.176484,0.451226,-0.245310,-1.637050,4.044425,1.053096,-1.887203,-2.342335,2.506127,-2.074883,3.707668,-5.512926,2.845190,0.973790,0.237189
-0.073107,-0.790771,1.015937,-0.403380,-1.485186,-2.049474,1.260850,0.616664,0.087974,-0.440275,-0.528998,-1.075737,-0.350917,3.781460,1.414118,-1.806407,-3.437820,0.354594,-0.002142,-3.039736,-0.110787,-1.147869,0.018580,1.451847,2.985220
-0.431456,-2.120087,-0.736064,-0.310938,0.609880,-0.039926,0.794923,1.349135,1.058170,0.470510,0.011863,-0.980788,1.817778,-1.442881,0.737830,0.126214,-2.664258,0.796466,3.713345,0.064853,-3.188365,0.060537,-2.427424,1.727211,1.049730
0.739944,1.679747,0.342106,1.917259,-1.525572,-1.154163,0.855202,0.264290,1.313782,-0.015472,-0.867975,-0.213593,-0.341820,-0.662329,-0.424469,0.016549,-1.544470,-2.775506,2.277398,-0.770802,0.334086,0.570564,0.644041,-2.347636,-3.351680
-1.532684,-1.128591,0.972444,0.872787,0.363004,-1.721078,-0.358404,-1.225000,1.176533,-0.583722,-1.085748,0.029796,-1.177385,0.791423,-1.455900,-0.709843,4.254595,-3.690848,-1.510068,3.793208,-0.089197,-1.411970,2.337538,0.110461,-0.696617
-0.640154,1.483744,-0.734811,-1.399228,-2.152914,-0.030787,-0.561930,-1.428905,1.189226,0.667245,-0.028218,1.364326,0.384738,-1.316218,-2.034982,-0.227194,-2.021994,0.021387,0.708813,1.706121,2.255850,-0.811473,0.998829,0.985047,0.655637
0.662536,-0.822856,-1.039220,0.817982,0.396367,0.169748,-0.846498,0.607948,-0.755499,-0.101987,1.446944,-0.660834,-0.958919,-2.056136,1.004004,-3.413725,-0.535679,-5.107262,-2.672805,-1.754268,2.193448,1.376216,-1.107869,1.458740,1.775246
-1.572989,-1.052547,0.994299,0.254731,-0.128877,-0.509094,0.485360,-0.849105,0.305666,-0.731255,-0.897659,-0.637487,-0.321330,-2.768756,-0.415825,-0.195785,-2.464909,0.734094,0.559624,0.890085,0.557846,1.459686,-0.358656,0.403570,-0.795481
-0.375407,-0.048830,0.235456,-3.688365,-0.807651,-0.391570,1.505062,-1.080003,0.162797,1.495030,-1.312969,0.393975,-1.168998,2.676499,-4.087537,1.753520,-1.241082,-1.500076,0.523155,-2.979219,-1.632046,-1.698279,-0.442797,-1.608275,3.202237
-0.802272,-0.504634,-0.803111,-0.731857,2.721912,0.844456,1.101738,0.491993,-1.606257,0.394958,1.072930,-0.853399,3.594033,-4.043987,1.088645,1.717327,1.085970,-1.316227,-0.488191,-1.496549,-0.840528,-2.419930,-0.229578,-3.005603,-0.400269
0.965327,0.704336,1.852040,-0.417783,-1.097611,-0.361628,1.435571,-1.828406,-2.068376,0.089395,-0.442589,0.007728,-2.497163,0.413633,-1.358839,0.581161,2.163161,3.178894,-5.056009,-1.668388,-0.606172,0.920656,-3.300709,-1.964185,0.260714
0.945312,-0.552569,-1.873006,2.044482,-0.997228,-1.059037,1.103720,-0.384489,-0.063390,0.482790,1.083583,-0.333461,0.169776,0.755237,0.887351,0.677189,0.387311,0.111480,1.329526,-4.478645,3.088667,-4.408964,-2.158324,-0.453522,1.345226
1.519952,-2.135800,0.759787,-0.839528,1.372271,0.142044,-0.672905,0.662841,0.893188,0.641894,-1.029696,-0.484017,-5.990534,-0.056249,1.584790,1.989036,-1.394659,-0.601671,-1.232296,-0.785349,-2.063653,-1.778504,0.868754,0.263231,0.983173
-0.004073,-0.041260,0.749745,-2.014901,0.334327,-0.289981,-0.838501,-0.742487,-0.214538,-3.601085,-0.701290,-0.875815,0.428029,1.408677,1.756428,-3.483433,-1.708619,-0.462752,-0.045355,-1.340181,1.824047,3.959897,0.372324,0.168682,1.698913
0.532783,-0.805527,-0.215114,1.542277,0.994352,0.902271,-0.499872,0.543032,-0.233898,-0.196093,0.409685,-0.596994,-3.731680,0.056938,1.958072,-1.286308,-2.453121,-0.371611,-0.121371,-1.817305,4.192323,-0.957393,-2.307319,-0.187243,1.815721
1.493003,-0.160130,0.618361,1.455600,1.031654,-1.408919,0.444896,0.850719,0.891863,-1.113295,-0.657035,0.994558,0.034828,0.971188,-1.743021,2.975377,1.123422,2.095403,0.730321,1.649768,-1.746105,-0.982821,2.692961,3.119484,-2.294131
-0.761760,-0.299696,1.575876,-0.047799,-0.726774,-0.877617,0.332719,-1.333148,-0.247336,0.333231,1.299150,0.667548,0.499472,-0.861888,-1.394063,0.569679,2.281926,0.903325,-0.639025,1.029722,-0.719952,0.824229,2.792931,-4.154319,1.594505
-0.714065,1.178419,-0.299515,-1.235703,-0.172041,1.438169,0.165240,0.012522,1.637212,-1.431355,-1.285599,-1.615846,-3.078110,2.456655,-1.274051,-2.435343,1.390538,0.728340,-1.998374,-2.506000,-0.374963,-2.408174,-2.122946,0.231242,-1.931743
0.372648,0.166493,1.542736,0.243475,-0.404157,0.001795,0.117707,-1.671761,2.710332,0.519871,0.210008,0.615164,0.853079,2.980287,-0.297111,0.260302,4.036193,-2.375202,2.382470,2.141715,1.708635,2.583496,0.561150,-1.165859,2.189147
0.709411,-0.140553,-0.631241,0.599451,0.385711,-0.809890,1.419036,0.293352,0.729819,1.391921,0.021889,0.316952,2.265684,2.210628,0.089004,-1.432389,0.382725,1.884460,2.048704,-0.859352,0.630746,-2.617557,1.969900,-1.566618,1.570511
0.810027,-0.724861,0.054052,0.125549,-0.956059,2.317637,-1.407293,-1.298104,1.314227,0.713266,-1.025965,0.607289,-2.298609,2.062832,0.643670,-1.562715,1.382713,-1.180723,1.499110,-0.548223,-3.442094,-1.964832,-0.860829,2.736378,1.802287
1.467850,-0.030263,2.598823,-1.724062,0.693823,1.166528,0.891344,-0.204356,-0.290441,0.444145,0.815754,0.602473,3.247723,3.307270,-1.069502,-0.376974,-0.822560,-1.343021,-3.682989,-0.029495,-2.571131,-0.068344,4.231542,-1.018690,0.389548
1.040058,-1.018870,-0.227771,-0.940016,-0.386113,1.015221,0.107984,2.606859,0.193406,0.059692,0.106183,-0.637809,1.813297,0.560583,0.584968,-0.724805,-0.463756,-1.920021,1.692090,-3.482983,1.942177,-2.807397,1.925215,-0.707635,-2.463737
-0.057837,1.127788,0.113971,-0.793460,-0.925085,-0.450202,0.073863,1.193587,-1.340489,-0.319826,0.144310,-1.833706,1.158597,1.857535,-0.876157,1.441221,-4.570169,-2.641193,2.584818,-0.447339,-3.724427,-1.397732,-1.846801,-0.331923,-0.741502
-0.833598,-0.679889,-0.795970,0.191890,-0.160560,-0.555286,0.427963,1.723075,1.639257,-1.922772,0.577072,-0.178023,0.357863,-0.138932,2.719479,0.849097,0.915343,2.330314,-0.777538,-2.523755,2.413941,0.271683,0.278702,-1.266660,-1.233711
0.155155,-0.398283,0.117589,0.151407,-0.578952,-0.896368,-0.448696,0.234259,0.598996,0.853349,-0.494190,0.283845,1.693445,1.969312,1.567647,1.585923,1.138059,0.263045,-0.350759,2.420648,-0.747442,0.739958,-1.608026,-1.318598,-0.472309
0.962503,1.165595,-0.058833,-0.220932,0.191124,-1.149707,-0.193610,0.744586,0.641947,-0.270268,0.217718,-0.824650,-1.607877,1.595704,-2.696069,0.198459,0.265016,-3.621599,-0.882048,0.511399,0.857456,-0.408614,1.353776,-0.218633,0.027306
0.703492,-0.077821,-0.275951,-0.361724,-0.062894,-0.447878,0.658143,-0.395284,1.592964,1.465211,-0.891543,0.069704,0.503308,1.853999,-1.351436,-0.973644,-1.337793,-0.664395,2.852469,1.145451,-2.262179,-1.200894,0.745534,-1.813016,-1.450680
-0.650657,-0.326648,2.002427,-0.307571,0.360226,0.541321,-1.000629,-0.855095,-1.206022,-0.885971,-2.850030,0.544582,2.689919,-1.226751,1.909334,2.510646,-1.466924,-1.779925,-0.552264,-2.177255,0.242068,-0.411304,0.721160,2.793887,1.634970
2.054194,0.147821,-1.416269,-0.642776,-0.458877,-1.017585,0.860183,0.810260,-1.155452,0.725081,1.526813,1.902558,0.978480,-3.932097,0.886752,3.445255,-6.021045,1.378765,-0.318717,-1.699590,1.602257,3.419412,1.550461,-0.742384,-1.886940
2.865212,-0.901993,2.824220,-0.354206,-0.592465,0.327072,-0.582061,0.399044,-1.320077,-0.238753,1.285582,-0.057061,0.289255,1.746339,-0.774106,-0.580766,5.644000,2.157304,2.300257,-2.920572,-1.414377,0.149363,-2.002275,3.200795,2.820625
0.141596,0.475259,1.170662,-1.655225,0.584524,-0.268139,0.166638,1.059950,-1.194187,-1.012644,-1.935430,-0.549159,-1.067091,3.567837,-0.008504,5.178779,0.289372,1.152386,2.799807,2.555267,1.021464,-0.282281,1.028265,-1.632368,0.304267
1.330432,-0.120587,-1.340125,-0.485679,-1.487862,-1.125186,0.388819,-1.173873,1.112634,-0.071120,0.085595,-0.278373,-2.218615,-3.561763,0.100854,2.524556,1.851609,-0.163825,3.493979,-1.138123,-3.835665,-4.364203,-2.362382,1.633249,-1.269605
0.772848,0.783160,0.335054,0.564789,-0.212090,0.542203,-0.337878,0.002232,-0.274644,-0.457219,-0.689112,0.467690,0.921917,3.292567,-2.200194,0.956999,1.077926,-1.721476,2.708422,-0.575414,-0.767506,4.223226,1.045533,1.850581,2.709786
1.310606,1.171102,-1.256565,1.289203,-0.318159,0.600733,-0.906215,0.141980,0.313723,-1.484605,0.608267,1.345935,-1.300948,2.499642,-1.003788,-1.089247,-0.544000,-1.244130,1.644313,0.534421,-0.982449,1.349010,-0.550365,-0.656141,0.097368
-0.174648,1.360168,-0.189693,0.849585,-2.218570,2.418778,1.495458,-0.284626,-1.972089,0.288028,-1.443926,0.444854,0.926921,0.779695,-0.726498,1.694222,-0.444788,-1.309969,-2.936043,1.966357,0.024780,0.421745,2.091606,-0.954812,-2.748798
0.411566,-0.941403,1.120967,0.805575,0.975823,0.008858,-1.415524,0.977872,-0.270371,-1.389780,1.352039,2.099408,0.139561,0.615923,-0.525698,2.947475,-4.972333,2.240113,1.582307,0.913542,-6.671803,2.567778,-2.052868,-1.015384,-0.341185
-0.041248,2.159121,0.091315,-0.380456,-0.630458,1.637082,-0.780144,0.735269,-0.559164,-0.460307,1.030250,-0.380037,0.814836,1.278856,1.785681,1.631707,0.505854,0.831845,-2.181507,-1.502054,1.790920,1.674419,1.447599,-1.028834,1.820984
-0.404795,1.132805,1.597397,0.644690,-0.654770,-0.510608,0.079915,0.320930,-0.987866,0.723038,0.085513,-1.715708,-2.322489,2.154720,-0.521742,3.368341,-3.042884,3.526808,-0.722929,-0.758959,0.389678,-1.394158,-0.144658,-1.475253,-1.402127
-0.928926,-0.504129,-0.072858,1.889279,0.238171,-0.840772,0.220631,-0.352088,0.324758,0.580568,1.209231,-0.024286,0.973772,-1.803131,-1.536388,-2.745582,-1.007861,2.623204,-1.691867,-1.463267,0.387844,-0.741593,4.456309,-0.325056,0.670437
1.638961,0.908023,-0.707440,2.209856,0.326995,-0.835125,1.652913,2.077778,-0.033025,-0.503650,-0.172375,0.714732,1.887538,1.849156,0.466575,-0.322255,4.048057,-0.199521,-0.883380,-1.291698,-3.453606,1.643232,-4.696137,-0.011446,-0.409721
1.277857,0.570487,0.101723,1.498012,-0.312836,1.030919,-0.288063,0.431023,-0.113563,-0.055852,-0.377387,1.344854,4.479930,-3.663302,-1.802207,-0.272193,-0.395059,-1.099089,-0.161976,-2.519125,0.714386,-4.642971,-0.051539,-1.200713,2.032576
-0.732926,-0.740232,2.120994,0.977848,-2.385114,-0.565259,-1.811989,-0.950691,-3.138515,-0.136990,-1.141942,0.059905,3.510622,-0.662104,2.781452,-0.632233,-1.932253,3.491807,1.041553,0.008877,1.374355,0.548430,-0.138439,-2.652870,-0.541073
-1.625121,0.082912,-0.414916,1.501953,1.411357,0.785346,-0.326614,1.985380,-1.553035,-1.403559,-0.083783,2.254038,1.246511,-0.245543,1.804652,0.767310,-1.756273,-2.638344,-0.314357,-1.048457,0.672644,-1.436275,-1.230785,2.106139,0.296406
-0.202339,-0.183245,-1.441910,0.945930,0.953176,0.789075,-0.629221,-0.706707,-1.293122,0.083873,-1.080407,-1.177417,-1.405454,0.035284,2.757822,0.587573,1.185902,-1.504469,2.052839,4.636205,-1.582935,-2.363788,0.351084,1.751010,-0.182779
-0.423691,-0.489156,-0.537979,0.466445,0.079048,-0.288156,0.183013,-0.991527,0.105279,0.150602,-1.503047,0.995694,-2.106413,-0.217168,1.196185,-0.814064,1.214510,2.329422,0.480461,-0.055896,1.658688,-1.712202,-1.909420,-0.533145,-0.983759
-0.881434,0.090310,1.164412,0.925677,0.034333,-0.362499,0.947512,0.674695,-0.618365,-0.794894,-2.072355,0.154032,-1.606684,3.660937,4.343986,-0.707410,0.183438,-0.375686,2.214998,2.611291,-3.554528,0.952022,-2.613643,3.516544,0.880496
-0.082698,1.136191,0.359055,1.334229,-0.697364,1.138150,-0.528916,0.777596,-1.458758,0.235135,-1.984688,-0.267137,-1.646699,-0.482643,-0.577955,1.050226,2.083825,-2.296415,3.677509,3.211380,-1.750647,0.145604,3.421617,2.465837,-0.673486
0.440354,-0.520969,-1.050438,0.846118,-0.103463,-0.489571,0.041896,2.636669,1.153503,1.162574,0.435546,0.166485,1.628680,5.994397,0.210320,-1.265297,0.344840,0.493104,-1.049073,0.883250,-2.508802,-1.331068,1.516490,-3.509742,1.806335
-2.396082,-0.678980,-0.480574,-1.874892,-1.157416,-1.980836,-0.038324,0.818766,1.106775,0.414784,-0.963396,-1.932065,-4.023963,-3.462649,-0.997957,0.573728,2.650527,0.115246,-0.493107,1.159162,-1.741798,0.278830,-2.398893,0.165181,-0.259673
-1.756869,-1.268983,-0.888860,-0.159748,-1.014164,0.338976,-0.232274,0.010546,1.140251,-1.180232,0.418705,-0.013973,-1.608536,0.330081,0.317099,2.350908,-3.211267,-0.152098,-1.520525,1.739524,1.507824,1.015760,-1.407667,1.770941,-3.060262
-0.333486,0.885256,0.879014,-0.946491,-0.182161,0.281212,-0.273007,0.585021,0.281192,1.832561,-1.530279,-0.122436,-3.470621,-2.551742,-0.066950,1.350329,-5.952065,2.645486,0.262224,-3.135545,0.201894,2.185051,1.198882,2.198146,-2.732493
-0.908503,0.604107,-1.617172,0.346313,-0.630048,-0.734162,-1.446498,-0.465076,1.084501,-0.025189,0.627680,1.664642,-0.828010,-1.849384,3.435160,1.278726,5.694019,-0.935219,-1.449348,-0.285653,2.756714,-0.732239,0.248875,0.193381,0.078994
0.263756,-0.558800,0.467252,-0.544296,-0.504423,-1.519893,0.926257,-0.386003,0.182098,-1.035962,0.435948,-0.761941,-1.304797,-0.274582,-0.360205,-0.015129,1.887034,3.521256,-1.680870,-0.783987,-1.650024,0.374203,-1.076699,0.479594,2.207254
-0.141709,0.877826,0.790759,-0.022030,-1.768131,2.992811,1.745859,0.722675,-0.753204,-0.113592,-0.543420,1.263856,-5.051663,0.983560,-0.920374,0.920845,-1.792939,2.392522,1.826561,1.136704,1.586451,-1.491241,-1.239248,1.504872,-1.535458
0.262503,-0.784164,-0.470755,1.121188,1.600098,1.528332,0.757032,-0.252625,-3.241514,0.297160,-0.001829,0.139982,2.891270,-0.647182,1.003789,4.198499,-1.412447,0.137524,2.108366,1.902555,-0.655631,-1.033461,-0.466272,2.895716,-0.558212
0.053897,-1.326262,0.557409,0.632216,0.682339,0.946577,0.604052,-0.410029,-0.070837,0.091125,0.107699,0.998218,0.156231,-0.853573,1.411097,0.311050,-2.006868,-1.937648,-3.997211,-1.662643,1.587892,2.647521,1.371117,1.109264,-0.253052
0.643669,2.077343,2.206469,0.079650,-3.836656,1.236832,-0.540376,-0.801484,-0.398445,-0.446643,0.612270,-1.559436,1.549829,0.572556,3.608898,-0.196891,2.686016,1.748228,1.470887,-4.022983,1.858379,-0.255016,-0.887853,-2.965826,-0.011174
-1.077721,0.343159,0.622944,0.641542,-0.787036,-0.978266,-0.506635,0.239873,1.485477,-2.047437,-0.220729,-1.332678,0.067103,-2.606004,-2.946560,0.973239,1.743410,0.380566,2.301669,-0.172770,-0.108703,-1.834056,-3.120484,3.709324,2.262598
-1.652243,0.966957,0.544625,0.449434,0.921026,-0.479719,-0.432638,2.185731,-0.246571,0.735132,0.006382,-1.848259,-2.785025,0.311504,-0.200093,-0.547985,-0.818036,0.762538,1.636351,0.804782,-0.241037,-0.314453,1.873629,0.926890,0.145379
-2.044629,-0.578984,1.056101,0.788292,0.914077,-0.987046,1.615872,-0.964893,0.212824,-0.010352,-0.173874,1.338592,-0.071803,0.690541,-0.936697,1.643078,-2.151717,-0.822913,1.222212,-2.265766,-3.146017,0.126155,-3.392916,-2.597607,1.513188
-0.705111,-1.349605,0.019995,-0.399827,3.377383,0.676507,-0.409341,-1.056112,-1.880288,-1.025219,0.114942,1.427329,-0.409571,2.570974,-2.409629,-0.187905,0.799169,-2.341030,2.063524,1.021358,-3.218574,-0.075484,0.771913,-1.180113,-2.959730
1.121689,0.229095,-0.323168,0.268812,-0.518638,1.718364,-0.189190,-0.086338,-2.215822,-0.195435,0.836484,-1.067723,0.556918,4.422486,-0.773968,3.138482,-1.504578,0.431091,1.543045,-0.016827,-0.595471,1.452255,3.782910,0.601174,-1.032120
-0.750720,0.792711,-1.476657,1.057801,-0.532144,-0.388568,-1.123878,0.378046,2.459872,0.781497,-0.864285,1.135621,-0.379503,5.039415,0.269814,-1.188827,-2.290136,-3.651802,0.727169,1.309284,-0.793392,-0.029941,-2.340923,0.265857,0.962991
-0.316680,1.374485,0.806676,-2.943142,-1.004080,0.944385,0.151657,-1.023756,-0.633590,-1.906237,-0.088373,2.210690,-1.070329,3.380905,-1.674213,0.566953,1.696634,-0.154579,-0.376954,-2.857732,2.714683,-0.339786,1.074731,1.345441,-1.256597
0.804933,2.190417,0.882397,1.027479,1.974079,0.377263,-0.187227,1.032658,1.453840,-0.479965,-0.721569,0.138856,-0.395057,2.668965,-2.234395,4.255836,-1.489746,-2.359035,0.264618,4.416697,-3.821932,-0.282031,0.952530,0.067300,0.763843
0.831499,0.798091,-1.424168,1.911606,-0.641165,-0.265065,-0.902654,2.698329,0.242071,-0.850975,0.863924,0.769136,-1.436066,-1.199444,-0.296845,-2.259776,-0.089373,-0.777491,-0.940090,0.641013,-3.641319,-0.458180,4.634708,-2.172219,2.571001
-0.187727,0.840607,-0.825292,-0.492918,-2.010217,-1.323951,1.807631,1.641429,0.065789,1.662931,-0.160074,-0.243410,0.109312,-1.205916,-2.641283,0.279364,2.906794,-0.778422,-0.161923,2.020742,0.681742,-3.144552,0.197774,3.024470,-0.073882
0.056511,-0.124922,-0.215196,1.143398,0.150136,0.712482,1.031381,0.388186,-0.970271,-1.352866,0.148781,-0.171256,-5.482979,0.776430,-0.396913,-3.658189,-3.358416,1.950214,-1.464765,-1.814993,-0.071277,-1.288406,0.200097,-0.405440,-2.399991
0.087391,-0.016054,2.583574,-1.330226,-1.989946,0.332377,-0.376423,0.316068,0.583883,1.284105,-1.507226,-0.556718,-1.022396,0.885507,0.083836,-0.163885,3.874768,1.462075,1.704883,-0.331937,0.440290,-0.862200,1.555100,-0.220800,0.444755
0.428761,0.770464,2.193450,0.955704,-0.056789,-0.890436,-0.564290,-0.592703,0.655234,0.256997,-1.323650,-0.435901,0.321223,-0.036334,5.876376,-1.333239,-1.351423,1.388193,-1.190338,-0.582813,-2.172822,0.983116,1.008514,-0.630384,1.429633
0.877548,0.351662,0.568645,0.382922,1.626431,0.236043,-0.386023,-0.915755,0.249609,-2.440704,-0.184289,-0.205840,-3.716250,-1.413707,-0.339958,-2.344565,-3.497426,-0.615792,1.388040,2.564217,-1.094576,1.466432,1.273084,2.437216,-0.700382
-1.364471,-0.928266,0.809658,0.230712,0.101788,0.306348,0.092628,1.242863,0.123429,-1.458213,1.630130,0.370340,-3.597001,0.140372,-2.027587,-1.447010,-0.602438,-0.677855,0.283119,1.406313,-0.735471,0.791395,0.029632,1.870989,-0.377184
-0.589254,-1.253402,0.395914,-0.117172,1.574147,-0.345907,-0.837381,0.895796,0.925282,0.168651,0.676357,-0.037687,-0.157853,-0.748801,-0.324497,-1.566976,-1.765195,1.551531,-2.166403,-0.638236,2.030686,-0.705402,1.657481,-1.182091,-2.102327
0.233865,1.164991,0.625318,-0.169274,1.352363,-2.364855,2.052073,-1.705959,-0.627093,-0.040918,-0.146481,1.006411,-3.189652,2.625448,-2.273742,1.494373,-1.999894,2.634768,4.413565,-3.373060,-2.169513,1.546264,1.026086,1.553844,-1.147511
-1.057837,0.260767,-0.578212,0.295141,-0.064772,0.092936,-0.549925,-0.510064,0.287273,0.943716,-0.598279,-0.868768,3.975068,0.236099,-2.433925,-0.506297,-2.407134,3.181883,-1.320663,0.984967,-0.941346,-1.230775,-3.820508,1.196349,2.598363
0.613460,-0.032504,0.830498,-0.905797,-1.779439,-0.533004,-0.766353,-0.078788,-0.636845,0.741017,-0.288150,0.150474,-1.831935,-3.090458,1.606632,-3.292483,2.439066,-1.808790,-2.206585,0.496925,-2.076279,-1.414222,0.707964,-4.858225,3.284838
0.157635,0.194955,-0.024129,0.510601,-0.795655,1.399418,-0.236537,-1.311549,0.188073,-0.851180,0.665335,2.209606,0.087280,-2.585932,-2.034491,1.983293,1.202106,2.773561,-1.365486,0.593168,0.853136,1.390535,2.254562,-1.434528,-0.228341
-0.786572,0.332372,-1.755506,0.453905,-0.885714,-0.624835,-1.101286,0.732151,1.007304,0.023385,-0.864427,1.589523,-1.220299,-0.105224,1.396866,-3.308071,2.218743,-2.278364,-0.614741,2.487884,0.656019,0.679060,-2.361252,-2.088172,1.882513
-0.750410,-2.162032,0.458389,-1.104775,0.988609,-0.381138,0.603713,1.401500,-1.208859,-0.565937,-0.075671,1.537551,-1.178287,-0.989824,1.927903,-2.099827,0.538470,0.085815,-0.005371,-1.036871,-1.159710,-2.156728,0.965330,-1.336298,1.937489
-0.658383,-0.594504,0.478141,-0.577229,0.152526,-1.551537,2.214330,-1.347709,-0.321753,-0.032481,1.912688,-1.324846,-0.449110,-2.116901,-0.475628,-0.821714,2.018207,-0.738000,-0.552421,2.823093,1.016535,3.325412,2.518090,-1.774325,1.979902
1.983704,0.757177,0.417095,-0.984634,0.571141,-0.723487,1.266661,-0.971062,-0.113158,-0.555273,-0.987523,0.741320,3.050607,3.065626,1.976192,1.935046,-0.605322,-1.674764,-0.704435,-3.329578,2.685591,-0.566586,2.582661,-2.462999,2.165250
0.535459,1.209010,-1.779875,1.064171,2.505449,-0.451641,1.895149,-0.263161,-1.372410,-0.305632,1.048204,-0.838176,-0.989761,-2.568739,3.254236,2.214623,0.423585,0.067876,0.879020,0.389257,-1.584552,-0.824105,3.921436,5.344313,3.125337
-0.600339,0.593539,0.003060,0.584623,0.237830,0.479625,-0.432301,0.231731,-0.927373,1.288434,-0.634275,1.128847,0.956448,-0.675498,-1.596372,-1.464565,-1.106535,4.302328,3.612565,1.492557,-1.921226,1.786112,-0.477234,-4.306019,0.574201
-0.233607,0.201999,-0.494965,-1.015995,-1.744760,-1.055324,-0.323909,0.211879,1.010379,-0.445757,-0.881961,-1.442715,-1.683826,-1.616107,-0.500816,-0.996646,-0.068514,-0.164661,-3.751618,3.040556,-1.966753,-1.904797,-0.657107,-0.216670,2.917960
0.480064,1.383195,1.266330,0.709933,0.638543,1.697624,0.332081,0.646130,-0.320784,-1.362043,-0.683849,-0.009159,0.538847,1.132931,0.549072,0.462923,0.619459,-3.865468,-0.499837,2.324522,7.884662,-2.408618,0.846160,-1.142093,4.095304
0.060785,1.926286,0.081277,1.178843,-0.435077,-0.311676,-1.329008,-0.742328,0.526981,0.007560,0.942939,0.181254,-2.707566,1.249879,-2.814422,-0.637133,-0.068627,2.139383,-2.154334,1.326766,0.037555,0.545587,1.916665,-2.565113,1.621190
-0.352454,2.148297,-0.093904,1.163001,-0.401209,0.709599,0.928016,0.208492,-2.354483,0.018252,1.230460,0.527481,-1.137810,2.191747,0.669115,-0.419057,-1.180052,1.646590,2.521903,-1.065703,-2.266013,1.388422,-2.897062,-2.611025,-2.125401
0.445839,-1.722257,-0.720455,0.411358,0.410383,1.214667,-0.144867,0.405824,0.016374,-0.986943,-2.255791,0.431010,-0.830901,-2.672664,-3.877600,-2.270888,1.284949,-2.543088,-0.680539,3.893397,-0.098348,0.685062,-1.892080,4.326950,-1.082589
0.173947,-0.618175,-1.619173,0.629740,-0.265920,0.556875,1.864049,-2.141431,-0.699601,-0.209376,1.454826,-1.636403,-0.456209,2.634117,-0.363468,0.095778,-0.563377,-0.549665,0.741004,1.105886,-1.286497,-1.532161,-1.218272,-2.802508,-3.180861
1.935861,0.135856,-0.096001,-0.198060,-0.436263,1.048117,-1.068521,0.345414,-0.384182,-0.762133,2.585975,0.419051,0.594334,1.877192,1.742091,-4.763983,-0.490130,-2.204184,0.287475,-0.835647,1.183824,-0.038306,-3.792004,-1.934172,0.011570
0.613266,1.137777,-1.421350,1.752292,-2.508957,-0.768766,-0.459032,0.581723,0.218718,-0.166815,-0.011997,-0.978023,0.180221,-2.811354,-3.072919,0.112491,-2.807335,-3.337259,-0.890281,-0.976892,-1.756801,-1.407474,0.027671,-1.440326,0.141394
-1.497232,0.726512,0.693706,1.584494,-0.790017,0.692815,-0.283707,1.190475,1.021963,0.211209,-0.339530,0.960932,-0.760937,0.335300,1.756411,1.678496,2.576421,1.676294,0.477115,-0.866863,-0.775522,-1.755555,0.009059,1.394775,-1.451335
0.646905,-0.684440,-1.327799,-0.288533,1.515414,1.146487,-1.112327,-1.167757,1.274684,-1.135636,0.509295,-0.616071,-0.074436,-1.354724,0.418709,-1.098767,-1.479021,-1.359933,1.006658,-0.193499,-0.856843,0.522809,-0.829032,2.253036,-1.947732
1.617045,-0.770425,1.143362,0.184859,0.252195,-1.970309,-2.202913,-0.220566,0.246906,-1.125198,-1.088693,0.561473,-0.373943,-2.809530,-0.693749,-3.359271,1.492633,1.533008,1.568340,0.057745,-1.759741,-1.600681,3.060344,2.871354,0.245110
0.562854,-0.137741,0.780202,-1.174202,-0.355935,1.647878,0.068322,0.126313,2.305947,-1.399342,0.796430,1.663986,-1.031268,2.737247,-1.389006,0.457698,2.703915,-1.672677,1.658447,1.041122,-0.079033,-1.986867,-1.448880,0.578902,-2.846674
-0.324858,0.859631,-0.982019,-0.686732,0.384966,0.798567,1.120937,1.569629,-0.067447,1.193612,-0.342305,0.902091,0.261488,1.082102,1.970440,-2.796714,2.632495,3.390727,0.820303,-2.076097,-0.656219,-0.095194,0.540927,0.043963,0.562330
0.207489,0.445678,0.423508,-1.604705,-1.124122,0.102541,-1.687279,0.831211,0.871556,0.327171,-1.121134,1.380139,-0.181494,0.530214,-0.921047,-0.676373,-1.152050,3.834519,2.927802,1.110588,2.650618,1.596923,0.362542,-3.011143,-0.524328
2.037211,0.147077,0.510535,0.201739,0.530369,-0.119559,-0.034564,0.905718,2.345624,-1.400071,-0.103812,-1.180460,-0.670076,-2.266150,-2.972325,0.985439,0.649009,-2.334794,-1.491757,2.322445,-1.755393,0.341598,-0.379557,1.012727,-1.712215
1.592025,-0.587738,-1.443201,0.638187,1.744311,0.663598,0.204798,0.409141,1.414841,-0.874199,-0.111847,-0.452690,0.180167,0.337445,0.460362,0.158148,0.689219,4.383541,5.122596,-1.278432,-4.636486,1.190991,0.372505,2.122084,0.569772
-1.167865,-0.328375,1.107721,0.566602,0.644311,0.146476,0.523324,-0.800590,-0.309510,0.192004,0.277516,0.320188,0.117208,2.257813,2.537561,-2.773120,-1.633212,-0.211186,0.196875,-0.451966,0.868414,1.992210,3.445419,1.157826,-1.704667
-0.138335,-0.377423,3.157771,0.906787,0.413147,-0.233208,-0.451219,-0.130801,0.292829,-1.880436,-1.569390,-0.636882,-0.294752,-0.150704,1.029280,0.776336,4.100793,-0.923026,0.769501,4.709423,-1.170414,0.290297,-1.889761,0.164174,-1.560434
0.207139,-0.239273,1.478121,-1.482397,-0.751345,1.520092,0.131119,0.884843,2.051247,-0.693804,-0.099314,-0.272427,2.093602,0.294638,-1.870795,1.681135,0.359332,1.905638,-2.295325,0.737649,1.546683,-0.846755,-2.518005,-0.083215,2.456231
-1.954593,-0.310397,0.881062,0.540590,0.619083,-0.375509,-0.656097,1.269256,-0.497317,0.294082,0.163335,1.461717,2.251861,-0.856857,-2.566171,-0.862359,-0.936955,0.892894,-0.210003,-1.506528,2.208526,0.280852,0.870831,-3.449971,-4.848530
0.971412,-1.295259,-1.187553,0.578910,-0.064338,-0.455172,1.015628,0.187459,0.052457,0.779829,-0.375109,1.568519,-2.875092,-0.961087,1.152712,-4.684494,3.185704,0.341132,2.720590,-1.771940,1.007720,0.170392,1.635373,-0.467583,0.946430
-0.788048,0.656929,1.433833,-1.377295,-0.343335,1.142207,1.157245,-0.171496,-0.734671,0.955936,1.183549,-1.164663,2.204391,-1.302353,0.484488,-3.775724,1.405006,3.909325,-2.488872,-0.182763,1.760963,0.062835,0.330199,-0.781999,-0.856305
-1.203914,0.225257,0.629361,-0.299069,0.679294,-0.710137,-2.114694,-0.423901,0.063232,-0.275840,-1.158603,-1.815649,-0.173388,0.083343,-2.362883,-0.132044,3.137068,-0.838268,-2.474510,-0.302832,-1.429226,-2.676684,0.278337,-1.420564,-1.249428
-0.514089,0.897656,1.256197,1.187713,-0.815910,-1.153706,0.496635,0.635100,0.400170,-2.014063,-0.866885,-0.029689,0.306855,-3.066349,-3.483139,1.341744,-3.861667,-1.953355,-3.599679,-0.972273,0.856117,0.224676,4.783747,2.173831,-1.862316
0.487218,0.767307,0.144254,0.330784,0.084865,0.685619,0.312866,0.065738,-0.268369,0.081291,0.484591,0.267475,-2.394110,5.413376,2.125144,1.178739,0.149704,0.547043,-2.964147,0.314078,0.142463,-1.808278,-1.077053,3.030353,-0.250350
0.380826,1.342722,0.265164,-0.648999,0.883607,-1.366198,-1.081413,0.335847,0.516397,-1.245051,-0.382817,-0.606084,4.142343,-3.481359,-1.044260,-3.094557,-2.418845,-1.656411,0.630619,0.533652,-1.358581,-4.455599,2.955386,-0.571529,-2.232580
-0.486676,0.943598,0.706505,-0.019122,-0.545962,-1.349650,1.420185,0.592114,-0.706669,0.719599,-0.070224,-0.287110,0.549862,0.408890,-0.645353,0.297062,-2.310060,1.519826,-1.993734,-1.211139,1.297604,2.407918,3.171549,2.111596,-0.648144
0.435212,-0.741498,-0.343757,0.121461,-0.499451,0.669085,1.869067,-0.754298,-1.665125,-2.001740,-0.150468,-0.663165,-3.082066,2.810111,2.741392,-1.343952,1.842378,-0.664356,3.002554,-1.029729,3.957303,1.572241,3.595090,-0.927595,0.810059
0.207861,0.132598,-1.603217,-1.814884,0.295933,0.135429,-0.425818,-1.657144,0.471391,1.271900,0.277982,-0.847474,-1.938558,1.687979,1.798083,4.794048,0.964080,1.448188,-0.941661,1.082759,-0.759782,0.231722,0.349031,-0.704610,0.125890
0.044552,-1.366114,1.057961,0.081844,-1.768157,-0.300674,0.463302,-0.333048,-0.275896,-1.224402,0.566541,-0.648469,-0.750590,-0.759462,2.153329,0.350827,0.694133,-2.914610,0.846917,1.060847,-0.796677,4.170059,-4.578455,1.568734,1.425610
-2.156445,-0.371257,0.981150,-0.386929,1.737985,0.428968,0.338758,-0.128398,-0.068286,-0.263424,-0.302269,0.530867,1.083166,0.352425,1.101359,1.736351,-1.451775,0.598391,-0.366634,-2.187537,1.434340,-1.128721,-2.995717,-1.078221,-1.597798
-0.935831,-1.075894,-1.123195,2.045655,0.530343,0.304492,-1.057515,0.623342,-0.116571,0.214169,-0.976620,0.160269,2.056958,0.306386,2.764765,-1.333112,1.748340,5.679246,0.712065,1.723298,1.387035,-2.844151,1.171635,0.612913,-0.519495
-0.423834,-0.765611,0.734106,-1.537708,0.564776,0.684486,-0.879644,-0.820328,-0.223026,0.282036,-0.152855,0.433562,-1.768073,1.387966,-1.944807,4.267291,0.228338,-2.446614,-1.027993,-0.556269,4.824753,-1.769178,-0.232435,-1.075657,0.998517
1.762980,-0.507717,-1.715180,0.825924,1.683315,0.392768,-1.087749,-0.123892,-1.118523,0.642855,-1.351290,-0.300129,-1.043767,-2.278113,-0.390589,-0.598788,-1.184489,-1.077621,2.369392,-0.639480,-2.268255,-0.924232,0.108671,-2.672539,3.251956
-1.004338,0.126825,-0.366342,0.176762,0.022351,-0.986659,0.626877,-0.048766,-0.988529,2.240927,0.476430,-0.153261,1.735159,2.860345,0.784256,-4.187395,3.070667,-1.727137,-1.564373,0.312650,2.756460,2.106574,1.812562,-0.623654,-0.655215
1.415205,1.841816,-0.145349,0.347397,-0.988003,-0.147193,-0.199063,0.184827,0.332760,0.559828,0.237643,-1.210743,0.691887,-0.260142,1.778636,1.660235,1.182683,-5.051923,0.255977,-0.217708,0.336051,-1.508649,-2.649572,0.926277,-0.712603
-0.938467,-0.546408,-0.282241,1.050774,-1.162939,-0.357415,0.953009,-0.299877,0.460416,-0.139542,0.256783,-0.228473,1.149386,-1.341829,2.831821,2.002130,0.593654,-0.426577,1.704818,0.785096,0.477168,2.085731,2.853072,-2.504822,-2.100768
0.667065,-1.545056,-0.363312,0.296573,0.533695,1.492953,-0.391025,1.479482,-0.659024,1.328646,0.817467,-0.913459,-1.560521,-3.004849,-0.125497,1.200233,-0.042837,-1.068243,2.252916,0.281113,0.685966,2.308470,-0.246484,4.120428,-0.895630
0.307039,-0.051236,0.625585,-0.223272,-0.307246,1.369095,-0.098721,0.826422,-0.225351,1.666663,-0.678335,-0.614144,3.995896,-1.949470,1.034970,-1.285064,2.239132,-0.956465,0.581742,-1.301084,1.874450,-1.311503,3.366830,-1.991994,-2.691256
1.524517,-0.444946,1.601074,0.891841,-0.154650,-1.813293,-0.019318,0.101630,1.167218,1.588447,-0.684987,0.801182,1.903104,-1.183287,-0.014475,-0.644482,-2.625217,-0.153987,2.529832,2.006274,0.463586,2.224537,-2.119037,-0.650909,0.791610
0.765402,1.073413,0.498690,-1.942498,-0.155422,-1.155708,-0.202606,0.980004,0.305151,1.148091,0.341754,-1.298326,-0.260830,-0.493647,-2.401287,-4.162683,1.635733,0.486443,1.803997,-0.874472,-1.425556,0.013096,1.708399,-0.462904,1.603570
-2.520847,0.148809,-0.213926,-0.976946,-1.700627,-0.734743,-0.194491,0.665878,0.188631,1.608067,-1.035604,0.881059,-2.012616,-0.322894,-0.140228,2.452780,0.415255,3.492155,-2.695370,0.259838,0.358796,1.240186,-1.626720,3.368893,0.025928
0.047299,0.694669,-0.436515,1.071680,0.295225,-0.679445,-0.012024,-0.239556,0.489178,-1.179777,-0.029352,0.395307,-2.174135,-0.032050,-0.626323,5.566470,2.099887,0.099323,-0.223833,1.902114,1.997724,-5.823100,1.285986,0.055933,-2.622288
0.033023,1.346941,0.774023,-0.007481,0.216689,0.295666,0.403300,-1.825658,-0.301526,-1.484439,1.278281,-0.060850,1.760428,4.492376,1.113592,2.200857,3.608238,-1.660524,-3.715143,1.313732,-0.495223,-2.748347,-0.156340,1.455095,-0.297943
-0.193341,0.896797,0.422325,-1.128635,-0.070905,-0.335167,-1.744533,-0.690276,-0.183540,-0.114951,-1.482231,1.151666,-1.573655,-0.447014,-0.038953,-3.858965,-0.285550,-2.688681,1.318052,-3.122085,2.025384,-0.818330,-1.085951,0.588909,-1.732069
-0.102103,0.037553,0.400642,-0.788076,0.456356,-0.367075,-0.896586,0.573447,1.491674,0.724829,0.922978,-0.520631,0.557492,-1.464218,-1.113469,0.810708,-2.277161,-2.528675,0.496451,-0.053800,0.337385,0.655278,0.114751,1.216185,0.194873
-1.597620,1.490138,2.054515,1.542807,-0.335786,-1.154634,-1.065683,-1.683733,-0.107379,1.605678,-0.141663,0.302323,-4.014608,-3.495769,3.855898,0.000144,1.900483,-0.691408,-0.116030,-0.906729,4.931855,0.506485,-1.069716,-3.303079,3.947467
1.375597,-0.404095,2.035531,1.992094,-0.131111,-0.577534,0.697238,-0.347525,-1.156555,1.281239,1.216447,0.155512,-0.326557,1.488458,1.711995,-0.925661,1.344906,-1.208277,-1.980853,2.328929,-0.316379,1.037026,0.821842,1.275864,-3.113074
-1.262865,-1.229526,0.107229,-0.499871,-0.341093,1.021963,0.733179,1.378143,-0.990623,-0.343192,0.758982,0.448078,-1.170581,-0.648950,-1.662957,0.858014,2.373786,2.690369,-0.678410,0.583932,0.891287,1.242512,-1.756270,3.641161,1.853040
1.532380,0.420537,1.848109,0.540018,1.062167,-0.323515,0.014287,0.910944,1.612978,0.729237,-0.083172,1.377335,1.905299,2.406920,1.068272,-2.054627,-0.277945,-3.302107,0.830145,-0.338427,-0.081045,2.408002,-0.913988,-0.504246,0.043947
-2.191979,-1.422235,0.681634,0.014108,0.605514,0.064408,0.570946,-0.814403,0.570486,0.994415,1.220551,2.013554,-3.679984,-0.532127,-4.971590,-1.171043,1.710378,0.894533,-1.189641,0.081596,-2.149979,-0.004687,5.860641,3.691603,0.105244
0.244098,0.273911,-1.523172,-0.531411,-0.193082,1.050320,-0.611001,0.796340,-0.001622,-0.177168,0.248894,-0.391156,0.320288,-1.959131,-1.603578,0.724369,-1.049785,1.808299,3.139371,0.665242,0.203474,-3.361559,1.495220,-2.287343,-0.836018
-0.429037,-1.704786,-0.247954,-0.479968,-0.515981,0.416873,0.658632,0.232195,0.995415,0.575562,-0.295056,-0.462856,1.919152,2.059516,-0.933015,-0.817831,-1.398638,-2.395707,-1.269591,-3.226260,1.366125,0.789047,1.121059,-1.908808,-2.390141
0.312822,0.573767,1.397844,1.191173,-0.541473,-0.102006,0.671018,1.067998,0.938969,-0.063878,-1.254023,-0.998936,0.107029,0.128205,-0.294540,-0.578967,3.421552,0.852050,3.941357,2.537930,3.406542,-2.148926,1.186342,-0.863531,-3.326773
0.272634,0.342226,-1.098679,0.044570,0.631224,-1.151227,1.104997,-0.377531,1.257613,-0.533452,-1.026625,-0.458137,2.992006,-0.587385,-2.110203,-0.829128,-1.592448,-1.387396,-0.443207,3.461630,-1.332634,3.318541,1.697674,0.792543,1.496240
-0.095148,-0.388480,-0.216001,0.333965,-0.171179,-0.066112,-1.709226,0.391698,-0.089203,1.610293,-0.939565,-1.808295,0.027311,2.572100,1.133961,-3.329332,0.592504,1.567946,-0.578002,0.252512,-1.225716,-2.755251,-3.100754,-3.074136,1.338089
0.618068,0.346527,-1.008433,-1.529749,1.537397,1.414110,-2.487457,-0.458223,1.664192,-0.476063,-0.490612,-0.282759,-4.980563,-1.332960,-1.531307,-0.564319,-3.712863,0.807776,-2.546323,2.264811,-1.243531,-0.191226,0.007548,0.488482,0.074029
-1.120897,-1.704776,1.052547,-1.842937,0.247271,0.886579,-1.451226,-0.924268,1.213179,0.532892,-0.617286,1.202249,-0.854221,0.686097,0.932294,-1.530269,0.852736,2.383441,1.411788,1.864750,0.343842,-1.872301,-1.619289,0.639776,1.885527
1.206536,0.269053,-0.900160,-0.413449,0.286387,-0.188595,0.938957,-1.529774,-1.494264,0.180871,-0.491544,-0.627049,5.571824,1.963644,-2.340872,-1.534545,4.557035,-0.428778,0.095029,-1.920834,3.130207,1.000666,-1.549203,-1.987651,0.614408
-1.768057,0.019546,-0.052755,0.653479,0.068906,-0.132604,1.177001,-1.312467,0.536389,-1.671147,-0.838362,-1.212657,0.088412,1.664220,1.093937,-0.528961,-1.087603,-0.319884,-1.101362,-0.260391,0.032882,-1.795862,1.261360,-0.740855,-1.683769
0.781943,-0.065410,-0.013503,-1.106733,-0.299693,-0.763465,0.383455,-0.991091,1.329794,-1.675580,-0.806520,1.677201,-0.703215,0.484516,0.166076,0.844236,1.796692,2.609880,0.570972,-2.138805,-0.538222,-2.008637,3.393708,3.974802,1.300622
-0.435139,-1.314879,0.219072,-0.475392,-0.835870,-1.095871,2.768374,-0.251552,-1.925567,1.493710,0.611071,-0.766466,1.716918,0.501886,0.732112,-3.194908,-0.147865,-1.762306,0.562713,-0.119220,3.893644,1.833255,0.569024,-0.533879,3.352043
-0.933119,0.673473,-0.246918,-1.925978,1.787240,-0.433990,1.495572,1.278435,-1.001010,1.033190,-0.651443,-1.866701,-0.059909,0.663348,0.084499,-0.808308,0.073012,-3.923934,-3.095413,0.699261,3.136399,0.696442,-1.440738,-2.885708,1.569055
-0.424598,0.397638,-0.462737,-0.307048,1.143566,0.106494,-0.843298,0.702030,0.197676,-2.521605,0.428353,0.391829,-1.134390,1.286471,0.779730,0.956601,0.067203,0.767289,-0.238909,-1.270613,-1.926998,-4.770018,-0.362219,3.038756,1.460160
0.020121,0.891701,-0.672394,0.336500,-1.566959,0.407090,1.953060,-0.994856,-0.759802,-0.710015,0.129998,-1.063036,0.455418,-1.468010,1.994678,-0.238619,3.149869,-1.962175,-1.499939,-1.694540,-2.964237,-1.874089,0.206433,-1.424402,-7.712751
0.421247,0.846840,0.534347,-1.768415,0.995168,0.937367,0.830161,0.372842,0.220189,1.032389,1.923513,-0.953040,2.148547,-3.368187,1.178457,0.062429,4.234746,1.993915,-1.009209,-1.404127,3.005455,-2.951742,0.381760,-0.262241,-0.686452
1.078125,-0.086217,-0.129673,-1.536531,-0.284789,-0.997265,-0.463854,-1.098186,-0.448908,-0.406110,0.096755,-1.614750,0.707028,0.379120,0.914801,0.277951,0.835363,0.186730,-1.318854,0.008003,-1.428773,-1.560753,-0.672300,-0.238846,0.070451
-1.445518,0.361914,-0.797438,1.074530,0.225270,0.606762,1.410692,-0.309711,-0.574487,0.871703,0.509514,-0.187330,1.832758,-0.996928,0.393704,0.236055,-1.217257,0.147482,2.005443,0.373012,0.453168,-1.410657,3.937718,-1.296713,-3.335567
1.391458,-0.212244,0.032774,0.021223,-0.934594,0.077585,1.396760,0.444968,0.031063,-0.161767,0.330867,0.749767,1.720368,-0.229634,-0.606084,-1.091108,3.743429,0.709181,1.099502,0.325231,0.540099,2.797249,-0.501709,-2.913875,1.736109
0.609239,-0.331865,0.324782,0.479940,-1.007195,0.168231,-2.161304,0.482534,0.660343,0.747546,-0.395047,0.309047,0.993403,0.215960,0.941506,-0.741488,0.041385,-0.263401,-1.182977,2.378346,-2.824517,4.721764,1.754724,-3.555951,-0.448333
1.423954,1.413770,-0.029173,0.139320,1.110911,-1.500802,-0.323076,1.335570,0.975201,0.369264,-1.505832,-0.049910,-0.337092,0.783773,-1.978757,0.064051,-0.242239,-1.475237,-1.753504,1.837609,-3.393165,0.955758,1.595021,-0.437117,0.104746
-0.589915,0.331039,-0.809347,-1.025723,-2.064865,1.221805,-0.399771,0.157146,-0.002238,-1.067434,-1.259065,-1.005315,2.326990,-1.409703,-1.203305,-0.990967,2.330651,2.584587,-2.791780,2.012481,1.637817,3.107190,0.770216,-0.088520,2.290433
-0.723168,0.366606,-0.795718,1.746491,1.027151,0.808360,-0.119659,1.514281,-0.218006,-0.031261,0.169975,0.701823,1.397808,4.489797,1.917416,0.307096,-2.348209,-1.161834,-2.871910,-0.430124,1.852135,-0.007342,2.043451,0.675147,-0.806185
0.636908,-0.475125,-0.532994,0.639903,0.715237,-0.393351,-1.587188,-0.207316,0.623526,1.805417,-1.197958,-0.426571,0.175250,0.944193,0.278447,0.301368,-1.538100,-0.865953,4.516922,2.456933,-2.947682,-4.733938,0.152385,1.786946,-1.039884
-0.389404,1.355805,-0.034942,-0.907327,0.558695,-0.404639,-1.224387,-0.892773,1.734042,0.384209,0.107760,-0.249894,2.043317,0.119309,-0.326123,1.512230,-1.063752,-0.573413,1.340335,-0.062792,3.817553,1.387651,1.257628,-0.099009,1.749509
0.292149,0.280236,0.292169,0.114845,0.868798,0.023104,-0.977939,-0.612423,-1.979019,2.026817,0.862755,-0.830070,-0.645216,0.564756,-1.832586,2.078883,0.581209,3.965026,4.784597,1.526639,0.136851,-1.892129,1.809500,0.420569,1.076070
-0.281845,-0.636876,1.542547,-1.419877,0.114476,-0.108528,0.826839,-0.104009,-1.758209,-0.251118,-0.972162,0.079580,3.459575,-1.648847,-1.848608,-0.472852,1.642402,1.109734,-1.791377,1.513106,-2.402426,-1.675483,-0.230915,-1.106862,1.779719
1.434177,-1.739425,-0.800223,-0.552693,-0.381631,0.740126,-0.173544,0.415803,-0.625773,0.229924,0.777798,-0.732300,0.572757,3.531122,-0.494371,-0.244404,2.420765,-0.181842,2.988010,1.081656,-4.705573,2.355141,1.825454,1.902665,-3.821957
0.781358,0.052373,1.045460,-0.201420,0.381245,-0.040606,-0.096212,0.258930,0.536807,-1.249565,1.433634,-1.859663,-1.325980,-1.177410,-1.682243,3.483845,-0.023536,-0.073122,1.104017,1.138603,-6.669785,-1.292715,-2.825577,0.800612,-0.577785
-0.684812,-0.094269,0.412356,1.576173,-1.858291,-0.507694,-2.126833,0.031622,0.271684,1.590796,0.120635,1.044025,0.030775,-4.157039,-0.619704,2.230261,2.818899,1.437727,-2.670931,2.518804,1.448005,-0.234378,-4.050073,1.907190,-1.184333
0.583837,-0.435248,-1.408961,0.275002,-1.492102,1.295207,-0.162062,1.195177,-0.480214,0.268851,0.209349,-0.045044,0.692332,0.136788,3.076790,-0.250734,-0.030227,3.157231,-1.316444,1.628646,-0.397231,-2.005084,0.002322,1.383410,2.707420
-0.432660,0.392456,-0.926163,-1.209435,1.242827,0.727168,0.065892,1.665142,-0.267766,1.322703,0.175574,-1.024751,2.949388,-0.589528,-1.974498,-0.637478,-2.363062,-0.434772,-0.683331,1.454980,-4.411870,-1.467216,-1.451037,2.374255,-2.227689
1.848040,0.990711,-0.121021,0.727171,-0.403703,0.829149,-2.391079,-1.019801,0.979260,-0.249656,0.207542,-1.346786,0.453315,-0.256257,2.086085,1.191664,0.242487,-1.109334,-3.704685,0.494171,1.060980,-3.149735,-2.467388,0.504660,0.678283
1.847867,1.190530,-0.200685,-0.404696,1.029604,1.982470,0.953760,2.171803,-0.922351,-0.819387,-1.188941,0.441761,-1.981295,-1.148129,-3.672978,2.754528,-2.599749,1.084519,-0.069921,2.579187,-1.584508,0.122505,-3.396854,-3.877054,1.192667
0.175604,-0.151951,0.809259,1.232329,-1.525662,-0.596972,0.820144,-0.467739,-0.798206,1.018537,-1.289500,-0.301580,-3.570052,-0.456435,2.022591,1.493370,-1.329171,-3.177006,1.018990,2.684514,-1.324476,-1.606626,-1.049804,1.143217,2.457035
0.328644,-0.573820,0.783156,-0.568877,1.408619,-0.125746,0.671270,0.746024,-0.627540,-2.053487,0.360756,0.072288,-2.479214,-2.996564,4.679993,-0.354646,0.505786,-1.383862,0.979925,1.920122,0.599592,3.481716,-0.653489,-0.525765,0.462813
0.555826,-0.226527,-0.430428,2.008473,-1.472354,0.733950,-0.574602,-0.335779,-0.317103,-0.803434,0.571224,1.390644,0.929923,0.455895,-2.568830,0.625030,-0.748347,-1.161954,0.064964,-1.923045,-2.270783,-5.230938,3.494475,1.111463,-0.233528
0.470014,0.103382,-0.986440,0.516825,2.156350,-0.380695,-0.375984,-0.561089,-0.489414,-2.745300,0.405035,-0.845552,-1.334446,-5.752065,-1.457058,1.431733,1.884349,1.284584,0.316784,2.607748,-0.657074,2.170378,-0.769165,-1.762283,-2.011426
-1.610263,0.753190,-1.082018,-0.338669,1.466442,-1.409216,-1.532598,0.269306,1.149487,-1.574342,0.407690,0.581000,-2.128993,1.318136,-1.485491,-2.066058,1.427470,0.655941,1.925184,1.025199,-1.506223,0.152205,0.250266,-1.838317,-2.209250
-2.059160,0.798501,0.876606,-0.311786,1.252346,1.136456,0.103118,-0.451445,-0.972828,-0.037564,0.569759,-0.324177,-1.361443,4.073165,-0.825488,2.465734,-0.937321,1.777678,1.804983,1.905181,0.775655,2.754733,0.756708,3.427059,-3.239840
